"","dam","BirthFieldPeriodID","id","sire","Sample_Focal","TotReads_Focal","GenCont_Focal","Plate_Focal","Coverage_Focal","Sample_Dam","TotReads_Dam","GenCont_Dam","Plate_Dam","Coverage_Dam","Sample_Sire","TotReads_Sire","GenCont_Sire","Plate_Sire","Coverage_Sire","D_dam","D_sire","Froh_Focal","Froh_Dam","Froh_Sire","Sire_BirthFieldPeriodID","Sire_BirthDate","Sire_LayYear","Dam_BirthFieldPeriodID","Dam_BirthDate","Dam_LayYear","LayYear","BirthDate","dam_age","sire_age","TotReads.x","GenCont.x","Plate","Coverage","BirdID","BreedGroupID","Status","GroupSize.x","helpers.x","MeanRain","MeanRain2","Dam_MeanRain","Sire_MeanRain","Dam_MeanRain2","Sire_MeanRain2","TE_pair_rels","Sex","Froh8F","Froh8D","Froh8S","BirthYear","BirthMonth","Sire_BirthYear","Sire_BirthMonth","Dam_BirthYear","Dam_BirthMonth","RainWindow","Dam_RainWindow","Sire_RainWindow","TotReads_Focal2","GenContF2","TotReads_Dam2","GenContD2","TotReads_Sire2","GenContS2","Ddam2","Dsire2","GroupSize","helpers","FFsmall","FDsmall","FSsmall","FFmed","FDmed","FSmed","FFlarge","FDlarge","FSlarge","NestWatches","helpers_cat","lGCF","lGCD","lGCS","TotReads_Focal3","GenContF3","TotReads_Dam3","GenContD3","TotReads_Sire3","GenContS3","lGCF2","lGCD2","lGCS2","Sire_RainVar","Dam_RainVar","Focal_BloodMonth","Focal_BloodYear","Dam_BloodMonth","Dam_BloodYear","Sire_BloodMonth","Sire_BloodYear","Sire_RainVarBlood","Dam_RainVarBlood","Focal_RainVarBlood","BloodAge","BloodAge_Dam"
"1",459,28,1539,176,"195-3919_GAGTAGTGAC-GCGATGCCAA_L003_",207830,0.0468618800684458,"LIMS26757p2",3.93029,"499-827_221111_L002_",268454,0.061550674096605,"LIMS26629p4",3.71981,"31-1020_221007_L002_",224171,0.0504710608167331,"LIMS26757p1raw",3.75707,-0.0146887940281592,-0.00360918074828731,0.05131488,0.014177896,0.055543862,8,1988.69945355191,1988,14,1992.60928961749,1992,1999,1999.72328767123,7.1139980537464,11.0238341193203,268454,0.061550674096605,"LIMS26629p4",3.71981,459,"386","BrF","2",0,142.466666666667,61.9,145.666666666667,134.116666666667,120.916666666667,119.183333333333,0.349200957108943,"1",0.08362744,0.071410352,0.090433736,1999,9,1988,9,1992,8,110.455555555556,107.544444444444,126.144444444444,161988,0.0606579927743199,227421,0.0866925029641146,182259,0.0680329205258045,-0.0260345101897947,-0.00737492775148461,2,0,0.403715421,0.34647762,0.407766982,0.172055234,0.162521557,0.161031433,0.185823758,0.135163213,0.192929798,0,"0",-2.802503867043,-2.44538786993661,-2.68776356557744,143573,0.0539242489986245,208787,0.0798373620555773,161218,0.0603477366495095,-2.92017501357952,-2.52776368791083,-2.80763183587826,15067.2794417863,16913.5963570451,1,2008,11,1999,7,2002,18102.433584157,16921.0113884535,19846.3332990099,0,0
"2",459,30,2968,176,"65-11998DH0065L01_4207_ACACTAAGAT-ATATGGATGT_L001_",167293,0.0385327659651683,"LIMS24675",6.61209,"499-827_221111_L002_",268454,0.061550674096605,"LIMS26629p4",3.71981,"31-1020_221007_L002_",224171,0.0504710608167331,"LIMS26757p1raw",3.75707,-0.0230179081314367,-0.0119382948515649,0.016574374,0.014177896,0.055543862,8,1988.69945355191,1988,14,1992.60928961749,1992,2003,2003.75068493151,11.1413953140204,15.0512313795944,268454,0.061550674096605,"LIMS26629p4",3.71981,459,"485","BrF","4",1,173.566666666667,183.266666666667,145.666666666667,134.116666666667,120.916666666667,119.183333333333,0.313913519656251,"0",0.018928559,0.071410352,0.090433736,2003,10,1988,9,1992,8,160.8,107.544444444444,126.144444444444,128971,0.0485883837377727,227421,0.0866925029641146,182259,0.0680329205258045,-0.0381041192263419,-0.0194445367880318,4,1,0.327542233,0.34647762,0.407766982,0.161797573,0.162521557,0.161031433,0.061597009,0.135163213,0.192929798,2,"1",-3.02437079438628,-2.44538786993661,-2.68776356557744,111433,0.0419749862490789,208787,0.0798373620555773,161218,0.0603477366495095,-3.17068140361647,-2.52776368791083,-2.80763183587826,17963.2732244551,19916.4853432836,2,2012,11,1999,7,2002,18102.433584157,16921.0113884535,12841.3616693069,0,0
"3",1042,28,1549,176,"28-831_221007_L004_",161514,0.0362716487512343,"LIMS26629p2raw",5.55595,"329-5401_230106_L002_",246015,0.0579959992557629,"LIMS26757",3.93792,"31-1020_221007_L002_",224171,0.0504710608167331,"LIMS26757p1raw",3.75707,-0.0217243505045286,-0.0141994120654988,0.041657576,0.044110323,0.055543862,8,1988.69945355191,1988,21,1996.50546448087,1996,1999,1999.72328767123,3.21782319035856,11.0238341193203,246015,0.0579959992557629,"LIMS26757",3.93792,1042,"391","BrF","3",1,142.466666666667,61.9,140.925,134.116666666667,108.8,119.183333333333,0.351828236213533,"1",0.047605872,0.078788892,0.090433736,1999,9,1988,9,1996,7,110.455555555556,115.133333333333,126.144444444444,123526,0.045860925578143,210287,0.0828562802514824,182259,0.0680329205258045,-0.0369953546733394,-0.0221719949476615,3,1,0.395339202,0.379065144,0.407766982,0.159800661,0.173264928,0.161031433,0.192380853,0.174706481,0.192929798,4,"1",-3.08214181906649,-2.49064773530915,-2.68776356557744,105689,0.0393651647826704,192530,0.0761900258279732,161218,0.0603477366495095,-3.23487399633464,-2.57452471950301,-2.80763183587826,15067.2794417863,23845.1150202429,11,1999,9,2012,7,2002,18102.433584157,17982.5829722443,17118.8133333333,0,0
"4",1042,30,2972,176,"10-314_221007_L002_",240898,0.0544821296142433,"LIMS26757p1raw",3.425,"329-5401_230106_L002_",246015,0.0579959992557629,"LIMS26757",3.93792,"31-1020_221007_L002_",224171,0.0504710608167331,"LIMS26757p1raw",3.75707,-0.0035138696415196,0.00401106879751015,0.037284621,0.044110323,0.055543862,8,1988.69945355191,1988,21,1996.50546448087,1996,2003,2003.40821917808,6.90275469720791,14.7087656261697,246015,0.0579959992557629,"LIMS26757",3.93792,1042,"492","BrF","2",0,173.566666666667,183.266666666667,140.925,134.116666666667,108.8,119.183333333333,0.316646027526699,"1",0.077092647,0.078788892,0.090433736,2003,5,1988,9,1996,7,176.544444444444,115.133333333333,126.144444444444,194657,0.0729821356130762,210287,0.0828562802514824,182259,0.0680329205258045,-0.0098741446384062,0.00494921508727171,2,0,0.375591854,0.379065144,0.407766982,0.150604232,0.173264928,0.161031433,0.164440573,0.174706481,0.192929798,0,"0",-2.61754058541108,-2.49064773530915,-2.68776356557744,174810,0.0657305936590908,192530,0.0761900258279732,161218,0.0603477366495095,-2.72219080496453,-2.57452471950301,-2.80763183587826,18361.5543027735,25514.6556420805,5,2004,9,2012,7,2002,18102.433584157,17982.5829722443,9908.48935897436,0,0
"5",64,17,527,178,"560_TCAGTAGCAG-TTGGTTATCG_L001_",187769,0.0423040714540958,"LIMS26076p4",7.70139,"72-2623_221007_L004_",150932,0.0333862594590159,"LIMS26629p2raw",5.67837,"250-2574_CGGATCATTA-CCGTAACCTT_L003_",228505,0.0515544230044145,"LIMS26757p2",3.60892,0.00891781199507993,-0.00925035155031875,0.058086878,0.072703197,0.038460866,8,1988.69945355191,1988,7,1987.62191780822,1987,1994,1994.37260273973,6.75068493150684,5.67314918781358,150932,0.0333862594590159,"LIMS26629p2raw",5.67837,64,"2023","BrF","3",0,168.558333333333,149.516666666667,145.75,134.116666666667,119.966666666667,119.183333333333,0.470512670097883,"0",0.068481381,0.08861013,0.077392051,1994,5,1988,9,1987,8,174.444444444444,143.744444444444,126.144444444444,153292,0.0569339386907975,114606,0.0420771932261958,191870,0.0718161488383224,0.0148567454646017,-0.0148822101475249,3,0,0.336882542,0.409686914,0.37007583,0.145391548,0.148985807,0.168601189,0.147561667,0.212027393,0.158337113,0,"0",-2.86586365360996,-3.16824941367568,-2.6336459140346,134890,0.0502525264269973,97539,0.0359380907308699,173517,0.0650917863055802,-2.99069445615263,-3.32595752283111,-2.73195690814897,11901.9317945439,11378.6886976814,7,1994,2,1998,7,1997,10558.271534121,14812.2455905512,3879.39,0,0
"6",64,17,912,178,"171-SW008-669_CTCAGAATTC-ACAGAGACCG_L002_",153001,0.0348095568350164,"LIMS26629p1renamed",6.47971,"72-2623_221007_L004_",150932,0.0333862594590159,"LIMS26629p2raw",5.67837,"250-2574_CGGATCATTA-CCGTAACCTT_L003_",228505,0.0515544230044145,"LIMS26757p2",3.60892,0.00142329737600052,-0.0167448661693982,0.071459045,0.072703197,0.038460866,8,1988.69945355191,1988,7,1987.62191780822,1987,1994,1994.38630136986,6.76438356164385,5.68684781795059,150932,0.0333862594590159,"LIMS26629p2raw",5.67837,64,"2023","BrF","3",0,168.558333333333,149.516666666667,145.75,134.116666666667,119.966666666667,119.183333333333,0.437217611845406,"0",0.084034745,0.08861013,0.077392051,1994,5,1988,9,1987,8,174.444444444444,143.744444444444,126.144444444444,110472,0.0412596809841281,114606,0.0420771932261958,191870,0.0718161488383224,-0.000817512242067657,-0.0305564678541943,3,0,0.358128262,0.409686914,0.37007583,0.159322281,0.148985807,0.168601189,0.149532919,0.212027393,0.158337113,0,"0",-3.18786950321264,-3.16824941367568,-2.6336459140346,91427,0.0342688984829994,97539,0.0359380907308699,173517,0.0650917863055802,-3.37351708592327,-3.32595752283111,-2.73195690814897,11901.9317945439,11378.6886976814,9,2005,2,1998,7,1997,10558.271534121,14812.2455905512,20001.5181268785,0,0
"7",528,17,526,178,"394-2108_221014_L003_",253224,0.0570704930529735,"LIMS26076p5",3.60037,"93-2624_221007_L004_",201335,0.0445034942418879,"LIMS26629p2raw",7.63381,"250-2574_CGGATCATTA-CCGTAACCTT_L003_",228505,0.0515544230044145,"LIMS26757p2",3.60892,0.0125669988110855,0.00551607004855893,0.0302047,0.044720211,0.038460866,8,1988.69945355191,1988,16,1993.53698630137,1993,1994,1994.37260273973,0.835616438356283,5.67314918781358,201335,0.0445034942418879,"LIMS26629p2raw",7.63381,528,"2023","AB","3",0,168.558333333333,149.516666666667,127.225,134.116666666667,47.8,119.183333333333,0.495255262512962,"1",0.081151076,0.05237554,0.077392051,1994,5,1988,9,1993,7,174.444444444444,81.3,126.144444444444,203893,0.0765066481235143,167949,0.0616597909960794,191870,0.0718161488383224,0.0148468571274348,0.0046904992851919,3,0,0.460279642,0.360233314,0.37007583,0.167022171,0.143712639,0.168601189,0.288984134,0.163585539,0.158337113,0,"0",-2.57037763835019,-2.78612324614909,-2.6336459140346,182269,0.0686302897286608,150527,0.0554172840481441,173517,0.0650917863055802,-2.67902130046682,-2.89286374745795,-2.73195690814897,11901.9317945439,11402.0685454545,7,1994,2,1998,7,1997,10558.271534121,17752.9088798701,3879.39,0,0
"8",528,23,1291,178,"563_AGAGACAATG-GAGGTATATC_L001_",191906,0.0436935450350868,"LIMS26076p4",5.43962,"93-2624_221007_L004_",201335,0.0445034942418879,"LIMS26629p2raw",7.63381,"250-2574_CGGATCATTA-CCGTAACCTT_L003_",228505,0.0515544230044145,"LIMS26757p2",3.60892,-0.000809949206801164,-0.00786087796932778,0.06521812,0.044720211,0.038460866,8,1988.69945355191,1988,16,1993.53698630137,1993,1998,1997.87123287671,4.3342465753426,9.1717793247999,201335,0.0445034942418879,"LIMS26629p2raw",7.63381,528,"164","H","4",1,145.408333333333,122.383333333333,127.225,134.116666666667,47.8,119.183333333333,0.528169345096472,"0",0.089596475,0.05237554,0.077392051,1997,11,1988,9,1993,7,357.1,81.3,126.144444444444,151153,0.0566606179644067,167949,0.0616597909960794,191870,0.0718161488383224,-0.00499917303167276,-0.0151555308739157,4,1,0.428307963,0.360233314,0.37007583,0.164657768,0.143712639,0.168601189,0.22178468,0.163585539,0.158337113,0,"1",-2.87067587810188,-2.78612324614909,-2.6336459140346,132070,0.0496479662616168,150527,0.0554172840481441,173517,0.0650917863055802,-3.00279785082805,-2.89286374745795,-2.73195690814897,15267.656979525,17661.2752177068,2,1998,2,1998,7,1997,10558.271534121,17752.9088798701,13938.4266666667,0,0
"9",596,22,1391,200,"233-2717_CGCTAATTGC-CCATCGCATT_L003_",278341,0.0652588701832474,"LIMS26076p2",4.19629,"276-2537_TACCTAGACT-GCATTCGAAT_L003_",245902,0.0559892679924721,"LIMS26757p2",4.31228,"489-2076_221111_L002_",218638,0.0494574081985541,"LIMS26629p4",3.63322,0.0092696021907753,0.0158014619846933,0.053277976,0.08974028,0.015643001,8,1988.6912568306,1988,16,1993.51506849315,1993,1998,1997.64109589041,4.12602739726026,8.94983905980985,245902,0.0559892679924721,"LIMS26757p2",4.31228,596,"19","BrF","2",0,145.408333333333,122.383333333333,127.225,134.116666666667,47.8,119.183333333333,0.369772334406103,"1",0.11008455,0.131034601,0.082620915,1997,8,1988,9,1993,7,330.822222222222,81.3,126.144444444444,228877,0.0893920678872073,212915,0.0807512955130708,181185,0.0681065347207523,0.00864077237413653,0.0212855331664551,2,0,0.471353847,0.43143759,0.402283033,0.187451347,0.181389128,0.160986528,0.292725939,0.256446097,0.197362595,1,"0",-2.41472332683294,-2.51638127350255,-2.68668211271002,207447,0.0813292240678797,193885,0.0737739785016644,162794,0.0614077162953282,-2.50924986738899,-2.60674920438028,-2.79021977916283,12599.8800484597,12804.7690163265,8,1998,7,1997,7,1994,11652.7471066398,8577.96746598639,38408.9757692308,0,0
"10",308,22,1370,216,"352-882_230106_L002_",133283,0.0303990853608873,"LIMS26757",4.36548,"210-846_221014_L001_",189547,0.0412384661172897,"LIMS26629p3",3.71461,"531_GCGCTTCTAC-GTCCTTGGCT_L001_",178998,0.0404843461505443,"LIMS26076p4",5.17926,-0.0108393807564023,-0.010085260789657,0.067987038,0.07477819,0.07927633,8,1988.56830601093,1988,12,1990.60547945205,1990,1997,1997.55616438356,6.95068493150688,8.98785837263267,189547,0.0412384661172897,"LIMS26629p3",3.71461,308,"45","BrF","4",1,284.2,232.083333333333,113.45,134.116666666667,115.333333333333,119.183333333333,0.37922877296296,"1",0.085141552,0.111340647,0.09939259,1997,7,1988,7,1990,8,312.122222222222,76.6111111111111,121.122222222222,93943,0.0353616529108579,143003,0.0511899633958166,135119,0.0502408204931007,-0.0158283104849587,-0.0148791675822428,4,1,0.428818418,0.400940455,0.378284341,0.162444577,0.16872949,0.157180572,0.20913604,0.199856216,0.187646548,0,"1",-3.34212729708865,-2.97221179357802,-2.9909274254846,78218,0.0295114780355234,124859,0.0448171851662998,116937,0.0435858443336693,-3.52297600536073,-3.10516361565384,-3.13302285259038,10390.9773071696,11267.6662119908,8,2000,12,1999,7,1997,10390.9773071696,16554.2479914665,27792.4021337127,0,0
"11",454,21,1156,216,"131-SW008-2481_GTACAGCGGA-CAATCTGTGT_L002_",219026,0.0511393052948265,"LIMS26629p1renamed",3.39973,"54-1124_221007_L002_",200630,0.0450246435186864,"LIMS26757p1raw",4.07352,"531_GCGCTTCTAC-GTCCTTGGCT_L001_",178998,0.0404843461505443,"LIMS26076p4",5.17926,0.0061146617761401,0.0106549591442822,0.033515415,0.072789159,0.07927633,8,1988.56830601093,1988,14,1992.60655737705,1992,1996,1996.51092896175,3.90437158469945,7.94262295081967,200630,0.0450246435186864,"LIMS26757p1raw",4.07352,454,"2224","BrF","4",1,140.925,108.8,145.666666666667,134.116666666667,120.916666666667,119.183333333333,0.324898849649964,"1",0.136716896,0.094278113,0.09939259,1996,7,1988,7,1992,8,115.133333333333,107.544444444444,121.122222222222,172462,0.0668976801562357,153247,0.0567762629381862,135119,0.0502408204931007,0.0101214172180495,0.016656859663135,4,1,0.445456301,0.370968438,0.378284341,0.174260177,0.138636503,0.157180572,0.25375636,0.156875399,0.187646548,2,"1",-2.70459098873864,-2.86863694661994,-2.9909274254846,149575,0.0582671535290431,134195,0.0498206562796512,116937,0.0435858443336693,-2.84271674870211,-2.99932559621898,-3.13302285259038,10938.5647143471,11257.5045700355,7,1997,9,2002,7,1997,10390.9773071696,21115.4138009755,6837.80397435898,0,0
"12",454,23,1371,216,"260-2674_AGCCACTCGT-CCAAGAGGAT_L003_",339927,0.0778307609261028,"LIMS26757p2",4.62522,"54-1124_221007_L002_",200630,0.0450246435186864,"LIMS26757p1raw",4.07352,"531_GCGCTTCTAC-GTCCTTGGCT_L001_",178998,0.0404843461505443,"LIMS26076p4",5.17926,0.0328061174074164,0.0373464147755585,0.056240353,0.072789159,0.07927633,8,1988.56830601093,1988,14,1992.60655737705,1992,1997,1997.9095890411,5.30303166404656,9.34128303016678,200630,0.0450246435186864,"LIMS26757p1raw",4.07352,454,"138","BrF","4",1,284.2,232.083333333333,145.666666666667,134.116666666667,120.916666666667,119.183333333333,0.344252284184081,"0",0.109482241,0.094278113,0.09939259,1997,11,1988,7,1992,8,357.1,107.544444444444,121.122222222222,290376,0.111251610320061,153247,0.0567762629381862,135119,0.0502408204931007,0.0544753473818745,0.06101078982696,4,1,0.412190615,0.370968438,0.378284341,0.165646602,0.138636503,0.157180572,0.194671941,0.156875399,0.187646548,1,"1",-2.19596088325348,-2.86863694661994,-2.9909274254846,271068,0.104062162968976,134195,0.0498206562796512,116937,0.0435858443336693,-2.26276683754918,-2.99932559621898,-3.13302285259038,15041.2713274336,17852.4881919643,7,1998,9,2002,7,1997,10390.9773071696,21115.4138009755,25085.8025,0,0
"13",604,25,1385,216,"39-875_221007_L004_",155292,0.0344434775797191,"LIMS26629p2raw",4.82374,"552-2199_221111_L002_",178901,0.0390700591666684,"LIMS26629p4",4.96911,"531_GCGCTTCTAC-GTCCTTGGCT_L001_",178998,0.0404843461505443,"LIMS26076p4",5.17926,-0.00462658158694935,-0.00604086857082529,0.077892512,0.073967878,0.07927633,8,1988.56830601093,1988,16,1993.52054794521,1993,1998,1998.57260273973,5.0520547945207,10.004296728797,178901,0.0390700591666684,"LIMS26629p4",4.96911,604,"217","BrF","3",1,145.408333333333,122.383333333333,127.225,134.116666666667,47.8,119.183333333333,0.427241868095974,"0",0.093341188,0.083955981,0.09939259,1998,7,1988,7,1993,7,121.411111111111,81.3,121.122222222222,115712,0.0423116387660605,136348,0.0490921482364382,135119,0.0502408204931007,-0.00678050947037774,-0.00792918172704024,3,1,0.444674582,0.373958766,0.378284341,0.175662323,0.173139377,0.157180572,0.262742008,0.173350157,0.187646548,1,"1",-3.16269308264239,-3.01405617068739,-2.9909274254846,98118,0.0360182666027514,119887,0.0432363922699688,116937,0.0435858443336693,-3.32372906358075,-3.14107272470662,-3.13302285259038,15218.5611639118,17414.2066338798,7,2000,6,1995,7,1997,10390.9773071696,7334.63992753623,16172.7866666667,0,0
"14",454,21,1157,221,"542_ACTTGACTAG-GTATCAACGG_L001_",179805,0.0405484617988173,"LIMS26076p4",7.55978,"54-1124_221007_L002_",200630,0.0450246435186864,"LIMS26757p1raw",4.07352,"112-SW008-2412_TTCTACCGGC-TACTCGTAAG_L002_",259937,0.0603307355522997,"LIMS26629p1renamed",3.44752,-0.00447618171986913,-0.0197822737534824,0.079919117,0.072789159,0.020694301,8,1988.48087431694,1988,14,1992.60655737705,1992,1996,1996.51092896175,3.90437158469945,8.03005464480884,200630,0.0450246435186864,"LIMS26757p1raw",4.07352,454,"2224","BrF","4",1,140.925,108.8,145.666666666667,134.116666666667,120.916666666667,119.183333333333,0.41594230484367,"1",0.093516115,0.094278113,0.079780385,1996,7,1988,6,1992,8,115.133333333333,107.544444444444,121.711111111111,135298,0.0502318944130261,153247,0.0567762629381862,210686,0.0816442364920316,-0.00654436852516009,-0.0314123420790055,4,1,0.353940153,0.370968438,0.40241225,0.154378113,0.138636503,0.171507206,0.147125444,0.156875399,0.217901744,2,"1",-2.9911051071588,-2.86863694661994,-2.50538405002978,116903,0.0435862261817218,134195,0.0498206562796512,189511,0.073643270385911,-3.13301409180152,-2.99932559621898,-2.60852251314831,10825.8128971176,11257.5045700355,7,1997,9,2002,7,1997,10295.6530984153,21115.4138009755,6837.80397435898,0,0
"15",454,22,1404,221,"476-2763_221111_L001_",234479,0.0539839260451355,"LIMS26629p4",3.71282,"54-1124_221007_L002_",200630,0.0450246435186864,"LIMS26757p1raw",4.07352,"112-SW008-2412_TTCTACCGGC-TACTCGTAAG_L002_",259937,0.0603307355522997,"LIMS26629p1renamed",3.44752,0.00895928252644907,-0.00634680950716422,0.029001329,0.072789159,0.020694301,8,1988.48087431694,1988,14,1992.60655737705,1992,1997,1997.70684931507,5.10029193801915,9.22597499812855,200630,0.0450246435186864,"LIMS26757p1raw",4.07352,454,"39","BrF","4",1,284.2,232.083333333333,145.666666666667,134.116666666667,120.916666666667,119.183333333333,0.343605223289507,"0",0.079063278,0.094278113,0.079780385,1997,9,1988,6,1992,8,340.4,107.544444444444,121.711111111111,191926,0.0733424291066824,153247,0.0567762629381862,210686,0.0816442364920316,0.0165661661684962,-0.00830180738534915,4,1,0.360980209,0.370968438,0.40241225,0.143049139,0.138636503,0.171507206,0.168875203,0.156875399,0.217901744,0,"1",-2.61261599571643,-2.86863694661994,-2.50538405002978,173091,0.0663800469363044,134195,0.0498206562796512,189511,0.073643270385911,-2.71235876560553,-2.99932559621898,-2.60852251314831,12802.7250699807,14507.2211105235,9,1998,9,2002,7,1997,10295.6530984153,21115.4138009755,28943.5235897436,0,0
"16",297,17,631,298,"436-2128_221014_L003_",279030,0.0628613598997548,"LIMS26076p5",4.38867,"330-2525_GTCGACTCCT-TGCCGTTAGC_L003_",290883,0.0661923035516062,"LIMS26076p6",3.53964,"566-2229_221111_L002_",219652,0.0494434160639978,"LIMS26629p4",4.01249,-0.00333094365185135,0.013417943835757,0.044462601,0.032137187,0.050562853,8,1988.69945355191,1988,8,1989.04109589041,1988,1994,1994.37260273973,5.33150684931502,5.67314918781358,290883,0.0661923035516062,"LIMS26076p6",3.53964,297,"2031","BrF","2",0,168.558333333333,149.516666666667,134.116666666667,134.116666666667,119.183333333333,119.183333333333,0.320991596177851,"1",0.061315862,0.097558689,0.071560878,1994,5,1988,9,1989,1,174.444444444444,131.377777777778,126.144444444444,223440,0.0837433682634949,235968,0.0889303127838826,167703,0.0625024441139219,-0.00518694452038766,0.021240924149573,2,0,0.361817831,0.365643949,0.353518593,0.140979828,0.163296861,0.141996155,0.151534414,0.162678268,0.128345851,0,"0",-2.47999829632575,-2.4199022183848,-2.77254961718164,201962,0.0759337569082136,214968,0.0812483394860128,148144,0.0553810695788476,-2.57789393840584,-2.51024489507636,-2.89351744797606,11901.9317945439,12492.5020288462,7,1994,7,1997,6,1995,10761.254382716,10875.7181096516,3879.39,0,0
"17",503,21,1045,470,"120-SW008-2626_AATCGAACTC-ACGAACCTTA_L002_",209160,0.0482884417870773,"LIMS26629p1renamed",5.43848,"195-3776_221014_L001_",181080,0.0398958315458071,"LIMS26629p3",2.87433,"381-2000_ACGACAATGA-AACGCGGTAG_L003_",225446,0.0496838593675923,"LIMS26076p6",4.83328,0.00839261024127016,-0.00139541758051497,0.074520488,0.026889221,0.050252273,14,1992.61202185792,1992,16,1993.51506849315,1993,1996,1996.55464480874,3.03957631559251,3.94262295081967,181080,0.0398958315458071,"LIMS26629p3",2.87433,503,"2216","BrF","2",0,140.925,108.8,127.225,145.666666666667,47.8,120.916666666667,0.374431532762182,"1",0.085582318,0.113528521,0.088436027,1996,7,1992,8,1993,7,115.133333333333,81.3,107.544444444444,156558,0.0595945795508133,137671,0.0500135903540355,184519,0.067465408785867,0.00958098919677781,-0.00787082923505365,2,0,0.409758396,0.447242434,0.368442742,0.181340557,0.179298739,0.165257117,0.240069398,0.261037438,0.170746564,0,"0",-2.82019065618078,-2.99546050340613,-2.696140274889,135243,0.0517118305469537,119601,0.0435327338517471,166944,0.0611306656771609,-2.96206869295007,-3.13424212153641,-2.79474164546765,11257.5045700355,9324.20582582583,2,1998,7,2007,8,1993,17246.2830769231,19023.1385714286,31192.4662105263,0,0
"18",1247,39,1604,494,"1-11998DH0095L01_4385_ATTACTCGAT-AGGCTATAGT_L001_",173779,0.0394908092877696,"LIMS25133",6.92834,"317-2593_230106_L002_",206983,0.0488965351161177,"LIMS26757",3.32334,"382-2437_230106_L002_",172642,0.0399886994359959,"LIMS26757",3.91746,-0.00940572582834814,-0.000497890148226314,0.062675104,0.011381485,0.059354675,12,1990.49863013699,1990,21,1997.03835616438,1996,2000,2000.84426229508,3.80590613069853,10.3456321580957,206983,0.0488965351161177,"LIMS26757",3.32334,1247,"3041","BrF","2",0,155.508333333333,146.583333333333,140.925,113.45,108.8,115.333333333333,0.370425940589667,"1",0.086621481,0.080834786,0.077492641,2000,11,1990,7,1997,1,190.833333333333,141.377777777778,88.7777777777778,133998,0.0498248993752103,164103,0.0644346410811976,129543,0.0495273817014305,-0.0146097417059873,0.000297517673779828,2,0,0.417299742,0.408802554,0.378984498,0.182663889,0.169419566,0.16509949,0.219126101,0.18251451,0.179330814,0,"0",-2.99924043244959,-2.74210388550332,-3.00522959666177,116013,0.043139017961804,145191,0.057254465000827,111738,0.0428866438921796,-3.14332740226252,-2.86024964830813,-3.1491948327064,16618.6506554839,23368.391147086,9,2012,1,1998,7,1997,11292.1875826331,34968.4026923077,16534.7523707279,0,0
"19",1247,39,1608,494,"84-933_221007_L004_",161446,0.0357859911817385,"LIMS26629p2raw",5.75677,"317-2593_230106_L002_",206983,0.0488965351161177,"LIMS26757",3.32334,"382-2437_230106_L002_",172642,0.0399886994359959,"LIMS26757",3.91746,-0.0131105439343792,-0.00420270825425737,0.078582955,0.011381485,0.059354675,12,1990.49863013699,1990,21,1997.03835616438,1996,2000,2000.85245901639,3.81410285200991,10.353828879407,206983,0.0488965351161177,"LIMS26757",3.32334,1247,"3041","BrF","2",0,155.508333333333,146.583333333333,140.925,113.45,108.8,115.333333333333,0.356640235854821,"1",0.100032788,0.080834786,0.077492641,2000,11,1990,7,1997,1,190.833333333333,141.377777777778,88.7777777777778,115736,0.0423162850931629,164103,0.0644346410811976,129543,0.0495273817014305,-0.0221183559880346,-0.00721109660826751,2,0,0.414950918,0.408802554,0.378984498,0.158380186,0.169419566,0.16509949,0.223593724,0.18251451,0.179330814,0,"0",-3.16258327663758,-2.74210388550332,-3.00522959666177,96964,0.0356117633852272,145191,0.057254465000827,111738,0.0428866438921796,-3.33507926353554,-2.86024964830813,-3.1491948327064,16618.6506554839,23368.391147086,7,2001,1,1998,7,1997,11292.1875826331,34968.4026923077,31870.0836111111,0,0
"20",504,28,1526,497,"41-816_221007_L004_",153570,0.0341082400388807,"LIMS26629p2raw",5.69103,"202-2718_221014_L001_",205982,0.0456767825623619,"LIMS26629p3",3.35925,"78-2538_221007_L004_",185858,0.041579447874751,"LIMS26629p2raw",5.37915,-0.0115685425234812,-0.00747120783587028,0.0655956,0.034740322,0.059581126,16,1993.51506849315,1993,16,1993.51506849315,1993,1999,1999.66301369863,6.14794520547935,6.14794520547935,205982,0.0456767825623619,"LIMS26629p3",3.35925,504,"353","BrF","4",1,142.466666666667,61.9,127.225,127.225,47.8,47.8,0.344787496203233,"1",0.079176223,0.107679433,0.070645059,1999,8,1993,7,1993,7,107.522222222222,81.3,81.3,117357,0.0430058324158861,161007,0.0592786568009044,145364,0.0538796888582932,-0.0162728243850182,-0.0108738564424071,4,1,0.404449486,0.439180552,0.364963954,0.157853236,0.169292181,0.16397594,0.167383247,0.256892401,0.159922547,1,"1",-3.14641953490777,-2.82550595680526,-2.92100170217281,98846,0.0363781263169701,140228,0.0517304189101481,127667,0.0475461187868043,-3.31378761032542,-2.96170929698775,-3.04605511715381,16905.6746094039,16905.6746094039,9,1999,8,1998,7,1997,8577.96746598639,17400.3606028556,19.8449999999999,0,0
"21",927,23,1222,501,"547_CACGGTTGGT-CTAGCTGAAT_L001_",138838,0.0312712880193791,"LIMS26076p4",8.83196,"124-SW008-2497_AACATAAGGC-GTTAGCTTAG_L002_",217737,0.0509395498868328,"LIMS26629p1renamed",3.42232,"82-2496_221007_L004_",168517,0.0373779859725369,"LIMS26629p2raw",6.27146,-0.0196682618674537,-0.00610669795315773,0.135835877,0.013057645,0.101336669,17,1994.26849315068,1994,17,1994.43287671233,1994,1997,1997.87123287671,3.43835616438355,3.60273972602749,217737,0.0509395498868328,"LIMS26629p1renamed",3.42232,927,"119","BrF","3",0,284.2,232.083333333333,168.558333333333,168.558333333333,149.516666666667,149.516666666667,0.38547360610226,"0",0.15336327,0.086290263,0.118892673,1997,11,1994,4,1994,6,357.1,147.077777777778,154.622222222222,102372,0.0379040277920621,179421,0.0696504746978431,130013,0.047770318579725,-0.031746446905781,-0.00986629078766296,3,0,0.43336302,0.37152563,0.44404774,0.186927146,0.164513888,0.18732213,0.266369259,0.171260684,0.275984498,0,"0",-3.27269789834357,-2.66426576330441,-3.04135078256911,85841,0.031869649416215,158338,0.0616862240456638,112791,0.0415771861123666,-3.44610115104593,-2.78569464616586,-3.18020367290752,18503.7098097252,18930.3121080139,12,1997,12,1997,12,1997,19036.6259090909,19444.8983277962,5618,0,0
"22",927,30,1897,501,"334-4339_221014_L002_",149462,0.0317865849401862,"LIMS26629p3",3.27974,"124-SW008-2497_AACATAAGGC-GTTAGCTTAG_L002_",217737,0.0509395498868328,"LIMS26629p1renamed",3.42232,"82-2496_221007_L004_",168517,0.0373779859725369,"LIMS26629p2raw",6.27146,-0.0191529649466466,-0.00559140103235065,0.089115821,0.013057645,0.101336669,17,1994.26849315068,1994,17,1994.43287671233,1994,2003,2003.7095890411,9.27671232876696,9.44109589041091,217737,0.0509395498868328,"LIMS26629p1renamed",3.42232,927,"445","BrF","2",0,173.566666666667,183.266666666667,168.558333333333,168.558333333333,149.516666666667,149.516666666667,0.342673563512046,"1",0.163341005,0.086290263,0.118892673,2003,9,1994,4,1994,6,170.066666666667,147.077777777778,154.622222222222,108583,0.0379119824506912,179421,0.0696504746978431,130013,0.047770318579725,-0.0317384922471519,-0.00985833612903386,2,0,0.472953027,0.37152563,0.44404774,0.197694345,0.164513888,0.18732213,0.296554806,0.171260684,0.275984498,0,"0",-3.27248805721284,-2.66426576330441,-3.04135078256911,92396,0.0322490108741696,158338,0.0616862240456638,112791,0.0415771861123666,-3.43426790677909,-2.78569464616586,-3.18020367290752,20608.1435343891,20815.9926093951,7,2009,12,1997,12,1997,19036.6259090909,19444.8983277962,15026.1838993964,0,0
"23",927,41,1762,501,"225-3905_221014_L001_",201924,0.0444685065740144,"LIMS26629p3",3.83264,"124-SW008-2497_AACATAAGGC-GTTAGCTTAG_L002_",217737,0.0509395498868328,"LIMS26629p1renamed",3.42232,"82-2496_221007_L004_",168517,0.0373779859725369,"LIMS26629p2raw",6.27146,-0.00647104331281839,0.00709052060147759,0.089913119,0.013057645,0.101336669,17,1994.26849315068,1994,17,1994.43287671233,1994,2002,2002.77260273973,8.33972602739709,8.50410958904104,217737,0.0509395498868328,"LIMS26629p1renamed",3.42232,927,"777","BrF","2",0,239.091666666667,80.2,168.558333333333,168.558333333333,149.516666666667,149.516666666667,0.340013747346379,"1",0.104784232,0.086290263,0.118892673,2002,10,1994,4,1994,6,194.488888888889,147.077777777778,154.622222222222,163589,0.0596885263908592,179421,0.0696504746978431,130013,0.047770318579725,-0.00996194830698387,0.0119182078111342,2,0,0.410412731,0.37152563,0.44404774,0.178481278,0.164513888,0.18732213,0.219019795,0.171260684,0.275984498,0,"0",-2.81861546481182,-2.66426576330441,-3.04135078256911,144546,0.0528713717265818,158338,0.0616862240456638,112791,0.0415771861123666,-2.93989326379838,-2.78569464616586,-3.18020367290752,22508.5468379973,22776.923419802,1,2008,12,1997,12,1997,19036.6259090909,19444.8983277962,13889.406984127,0,0
"24",1222,28,1433,501,"502_GTGTACGTCG-TCCTAGCAGG_L001_",374313,0.0878138080181172,"LIMS26076p4",6.4995,"547_CACGGTTGGT-CTAGCTGAAT_L001_",138838,0.0312712880193791,"LIMS26076p4",8.83196,"82-2496_221007_L004_",168517,0.0373779859725369,"LIMS26629p2raw",6.27146,0.0565425199987381,0.0504358220455803,0.120540571,0.135835877,0.101336669,17,1994.26849315068,1994,23,1997.87123287671,1997,1999,1999.24383561644,1.37260273972606,4.97534246575356,138838,0.0312712880193791,"LIMS26076p4",8.83196,1222,"375","BrF","2",0,142.466666666667,61.9,284.2,168.558333333333,232.083333333333,149.516666666667,0.629854884682714,"1",0.157586639,0.15336327,0.118892673,1999,3,1994,4,1997,11,140.333333333333,357.1,154.622222222222,332299,0.13007429991768,102372,0.0379040277920621,130013,0.047770318579725,0.0921702721256184,0.0823039813379554,2,0,0.590615991,0.43336302,0.44404774,0.203323091,0.186927146,0.18732213,0.448757301,0.266369259,0.275984498,0,"0",-2.03964945396378,-3.27269789834357,-3.04135078256911,314057,0.123229197030746,85841,0.031869649416215,112791,0.0415771861123666,-2.09370926707422,-3.44610115104593,-3.18020367290752,17741.4957514124,21542.5730882353,4,1999,12,1997,12,1997,19036.6259090909,5618,66.125,0,0
"25",163,17,938,510,"40-2302_221007_L002_",239840,0.0541566814355565,"LIMS26757p1raw",3.30229,"538-2422_221111_L002_",182907,0.0411746528926743,"LIMS26629p4",4.37983,"207-2421_221014_L001_",190571,0.040757625331867,"LIMS26629p3",2.67564,0.0129820285428823,0.0133990561036895,0.032944109,0.077374909,0.003715421,16,1993.52328767123,1993,7,1988.22677595628,1987,1994,1994.45479452055,6.22801856426372,0.931506849315156,182907,0.0411746528926743,"LIMS26629p4",4.37983,163,"2009","BrF","3",0,168.558333333333,149.516666666667,145.75,127.225,119.966666666667,47.8,0.303070832132268,"0",0.06063932,0.107130663,0.072289414,1994,6,1993,7,1988,3,147.077777777778,121.988888888889,81.3,203231,0.0763970455133171,137318,0.05079984604192,146139,0.0517181356219961,0.0255971994713971,0.0246789098913209,3,0,0.411579353,0.385802776,0.36447641,0.1631429,0.169520374,0.163818313,0.181364384,0.194960618,0.168468306,0,"0",-2.57181125484908,-2.97986195507316,-2.96194677325342,181576,0.0684642896885057,120228,0.0445723808524677,126734,0.0449165145364933,-2.68144298806362,-3.11064087517648,-3.10294974480951,10861.7024242424,11183.624,6,1995,7,1997,7,1997,8577.96746598639,10218.1173719975,4024.47243589744,0,0
"26",1891,37,3642,510,"460-3228_221111_L001_",157874,0.0350332898568778,"LIMS26629p4",5.23288,"154-4_221007_L003_",286708,0.0640935786774276,"LIMS26757p1raw",3.4212,"207-2421_221014_L001_",190571,0.040757625331867,"LIMS26629p3",2.67564,-0.0290602888205498,-0.00572433547498923,0.104112552,0.022154091,0.003715421,16,1993.52328767123,1993,41,2002.4,2002,2005,2005.25753424658,2.85753424657514,11.7342465753425,286708,0.0640935786774276,"LIMS26757p1raw",3.4212,1891,"735","BrF","3",0,155.858333333333,180.85,239.091666666667,127.225,80.2,47.8,0.349192699645313,"1",0.118619832,0.087853898,0.072289414,2005,4,1993,7,2002,5,206.255555555556,229.544444444444,81.3,123790,0.0452058240045372,248805,0.0926344343990659,146139,0.0517181356219961,-0.0474286103945287,-0.00651231161745894,3,0,0.433428087,0.386703632,0.36447641,0.174240016,0.156803001,0.163818313,0.229696267,0.181306648,0.168468306,1,"0",-3.09652935078645,-2.37909434469248,-2.96194677325342,106581,0.0390467523834593,229715,0.0856926720235213,126734,0.0449165145364933,-3.24299557175133,-2.4569879643445,-3.10294974480951,19841.7672759964,17738.0682142857,8,2006,9,2002,7,1997,8577.96746598639,40475.822,14852.4913970588,0,0
"27",1172,41,1791,544,"53-11998DH0053L01_4116_CAACAATGAT-CCGTGAAGGT_L001_",178772,0.0409997878681329,"LIMS24675",7.61636,"275-2518_AGCACCAGTC-CTCGTGTAGC_L003_",239499,0.0538865108028594,"LIMS26757p2",3.79244,"22-137_221007_L002_",220497,0.0493797568005172,"LIMS26757p1raw",3.7201,-0.0128867229347265,-0.00837996893238423,0.090356582,0.05278026,0.054376965,16,1993.55068493151,1993,21,1996.52459016393,1996,2002,2002.5397260274,6.015135863463,8.98904109589057,239499,0.0538865108028594,"LIMS26757p2",3.79244,1172,"3279","BrF","2",0,239.091666666667,80.2,140.925,127.225,108.8,47.8,0.405268234461594,"0",0.10901172,0.080415435,0.08472498,2002,7,1993,7,1996,7,180.377777777778,115.133333333333,81.3,144328,0.0542932211347673,205984,0.0769951234261588,178704,0.0668240109751684,-0.0227019022913915,-0.012530789840401,2,0,0.39899303,0.3584426,0.361662953,0.140268675,0.151295224,0.144947077,0.21524958,0.173770801,0.178311738,0,"0",-2.91335590081587,-2.56401319126182,-2.70569281728863,126416,0.047523986873683,186649,0.0698796385154459,158853,0.0595487547297323,-3.04652070859009,-2.6609809666626,-2.82095989473898,20653.5036153585,26365.5067579909,12,2011,7,1997,7,2003,20287.2892644628,6837.80397435898,13473.742612172,0,0
"28",1043,21,1042,559,"329-5401_230106_L002_",246015,0.0579959992557629,"LIMS26757",3.93792,"11-1079_221007_L004_",169035,0.0381143710828547,"LIMS26629p2raw",3.90981,"477-2454_221111_L001_",167441,0.0371952139440034,"LIMS26629p4",4.79505,0.0198816281729082,0.0208007853117595,0.044110323,0.045702171,0.052135547,16,1993.55890410959,1993,19,1995.53698630137,1995,1996,1996.50546448087,0.968478179504473,2.94656037128516,169035,0.0381143710828547,"LIMS26629p2raw",3.90981,1043,"2293","BrF","2",0,140.925,108.8,158.033333333333,127.225,106.483333333333,47.8,0.33116542479304,"0",0.078788892,0.065719615,0.070180098,1996,7,1993,7,1995,7,115.133333333333,125.733333333333,81.3,210287,0.0828562802514824,123444,0.0459145034420814,127689,0.0466644499623525,0.0369417768094009,0.0361918302891299,2,0,0.379065144,0.335380505,0.325469257,0.173264928,0.141461873,0.148839178,0.174706481,0.118842417,0.137215112,0,"0",-2.49064773530915,-3.08097423269621,-3.06477264697587,192530,0.0761900258279732,104531,0.0390124563187784,110925,0.0406075394966251,-2.57452471950301,-3.24387429105832,-3.20380152772759,9324.20582582583,13753.9941025641,9,2012,8,2002,8,1997,12804.7690163265,24266.2541121751,17982.5829722443,0,0
"29",604,21,1186,603,"283-789_221014_L001_",197832,0.0429912989735306,"LIMS26629p3",3.62962,"552-2199_221111_L002_",178901,0.0390700591666684,"LIMS26629p4",4.96911,"451-2319_221014_L003_",252596,0.0561184835405581,"LIMS26076p5",3.00799,0.00392123980686217,-0.0131271845670275,0.075622594,0.073967878,0.017616178,16,1993.52054794521,1993,16,1993.52054794521,1993,1996,1996.53825136612,3.01770342091481,3.01770342091481,178901,0.0390700591666684,"LIMS26629p4",4.96911,604,"2225","BrF","2",0,140.925,108.8,127.225,127.225,47.8,47.8,0.383581767076683,"0",0.092771826,0.083955981,0.097972583,1996,7,1993,7,1993,7,115.133333333333,81.3,81.3,148222,0.0531998862978691,136348,0.0490921482364382,199501,0.0735193500011383,0.00410773806143091,-0.0203194637032692,2,0,0.406028504,0.373958766,0.453947074,0.182557583,0.173139377,0.194180732,0.173884439,0.173350157,0.239417812,0,"0",-2.93369901989492,-3.01405617068739,-2.61020664208997,128013,0.0460664025973549,119887,0.0432363922699688,177024,0.0654060472527648,-3.0776713886626,-3.14107272470662,-2.72714055915506,9324.20582582583,9324.20582582583,8,1999,6,1995,8,1995,7468.38278461538,7334.63992753623,24429.6402062589,0,0
"30",199,17,929,609,"473-1035_221111_L001_",155528,0.034837099382302,"LIMS26629p4",5.13144,"463-2196_221111_L001_",128267,0.0282541666476697,"LIMS26629p4",5.5959,"527_TGTGAAGCTA-ACGCGATTCA_L001_",172196,0.0390152654985308,"LIMS26076p4",5.36333,0.00658293273463224,-0.00417816611622888,0.096643604,0.085178631,0.089908537,16,1993.52328767123,1993,6,1986.91780821918,1986,1994,1994.43561643836,7.51780821917805,0.912328767123427,128267,0.0282541666476697,"LIMS26629p4",5.5959,199,"1998","BrF","3",0,168.558333333333,149.516666666667,127.633333333333,127.225,116.7,47.8,0.388062189346524,"1",0.11717738,0.10293118,0.102029982,1994,6,1993,7,1986,12,147.077777777778,126.388888888889,81.3,111993,0.0414373503007668,94472,0.0342048518728543,130473,0.0486652879355406,0.00723249842791247,-0.00722793763477374,3,0,0.379687403,0.392701702,0.372854462,0.158892473,0.151491342,0.152689123,0.171248771,0.176368895,0.15967236,0,"0",-3.18357262369376,-3.37538777734852,-3.02278927643485,95029,0.0352359912989659,78640,0.028532618189972,112684,0.0422218006110592,-3.34568723867054,-3.55670734825221,-3.16481858917533,10861.7024242424,11481.0289377289,8,2002,6,1995,7,1997,8577.96746598639,10644.0812583286,21564.635097918,0,0
"31",199,25,1362,609,"416-2730_221014_L003_",259132,0.0580364158865072,"LIMS26076p5",3.25112,"463-2196_221111_L001_",128267,0.0282541666476697,"LIMS26629p4",5.5959,"527_TGTGAAGCTA-ACGCGATTCA_L001_",172196,0.0390152654985308,"LIMS26076p4",5.36333,0.0297822492388375,0.0190211503879763,0.003020837,0.085178631,0.089908537,16,1993.52328767123,1993,6,1986.91780821918,1986,1998,1998.61643835616,11.6986301369861,5.09315068493152,128267,0.0282541666476697,"LIMS26629p4",5.5959,199,"214","BrF","4",2,145.408333333333,122.383333333333,127.633333333333,127.225,116.7,47.8,0.310775548354817,"0",0.088353248,0.10293118,0.102029982,1998,8,1993,7,1986,12,107.333333333333,126.388888888889,81.3,222258,0.0829691789740685,94472,0.0342048518728543,130473,0.0486652879355406,0.0487643271012142,0.034303891038528,4,2,0.341339167,0.392701702,0.372854462,0.155661122,0.151491342,0.152689123,0.113246663,0.176368895,0.15967236,1,"1",-2.48928607781027,-3.37538777734852,-3.02278927643485,204228,0.0763915132987329,78640,0.028532618189972,112684,0.0422218006110592,-2.5718836714571,-3.55670734825221,-3.16481858917533,17400.3606028556,14569.322662614,8,1998,6,1995,7,1997,8577.96746598639,10644.0812583286,0,0,0
"32",199,28,1543,609,"154-SW008-496_AGTCGACGTA-CCATGGAACA_L002_",176281,0.0404292060698536,"LIMS26629p1renamed",5.00503,"463-2196_221111_L001_",128267,0.0282541666476697,"LIMS26629p4",5.5959,"527_TGTGAAGCTA-ACGCGATTCA_L001_",172196,0.0390152654985308,"LIMS26076p4",5.36333,0.0121750394221839,0.00141394057132274,0.0886368,0.085178631,0.089908537,16,1993.52328767123,1993,6,1986.91780821918,1986,1999,1999.2602739726,12.3424657534247,5.73698630137005,128267,0.0282541666476697,"LIMS26629p4",5.5959,199,"376","BrF","6",1,142.466666666667,61.9,127.633333333333,127.225,116.7,47.8,0.435196957712669,"1",0.108168487,0.10293118,0.102029982,1999,4,1993,7,1986,12,134.066666666667,126.388888888889,81.3,130141,0.0491179764387074,94472,0.0342048518728543,130473,0.0486652879355406,0.0149131245658531,0.000452688503166862,6,1,0.417485778,0.392701702,0.372854462,0.171545696,0.151491342,0.152689123,0.231697761,0.176368895,0.15967236,0,"1",-3.01353019227223,-3.37538777734852,-3.02278927643485,110447,0.0418405971180996,78640,0.028532618189972,112684,0.0422218006110592,-3.17388818786221,-3.55670734825221,-3.16481858917533,17139.8485486542,14602.4253491747,7,2005,6,1995,7,1997,8577.96746598639,10644.0812583286,22159.9004,0,0
"33",442,19,889,609,"495-2339_221111_L002_",246431,0.0555441058671587,"LIMS26629p4",3.73268,"12-2190_221007_L002_",262276,0.0593496402155098,"LIMS26757p1raw",4.13457,"527_TGTGAAGCTA-ACGCGATTCA_L001_",172196,0.0390152654985308,"LIMS26076p4",5.36333,-0.00380553434835113,0.0165288403686279,0.036782506,0.064597418,0.089908537,16,1993.52328767123,1993,14,1992.60109289617,1992,1995,1995.61643835616,3.01534545998948,2.09315068493152,262276,0.0593496402155098,"LIMS26757p1raw",4.13457,442,"2101","H","4",2,158.033333333333,106.483333333333,145.666666666667,127.225,120.916666666667,47.8,0.527673737739941,"1",0.113694285,0.08659883,0.102029982,1995,8,1993,7,1992,8,154.211111111111,107.544444444444,81.3,203697,0.0761143313248355,211546,0.0795132738669142,130473,0.0486652879355406,-0.00339894254207872,0.0274490433892949,4,2,0.463677785,0.404229541,0.372854462,0.159361688,0.145179851,0.152689123,0.278586258,0.19874458,0.15967236,1,"1",-2.57551870957375,-2.53183130437984,-3.02278927643485,186657,0.0698892977437813,191451,0.0721154902184008,112684,0.0422218006110592,-2.66084274956502,-2.62948641423836,-3.16481858917533,7468.38278461538,10473.4889189189,6,1996,6,1995,7,1997,8577.96746598639,10597.5396302521,12859.9989090909,0,0
"34",442,28,1500,609,"92-817_221007_L004_",159019,0.0351490667973442,"LIMS26629p2raw",5.44171,"12-2190_221007_L002_",262276,0.0593496402155098,"LIMS26757p1raw",4.13457,"527_TGTGAAGCTA-ACGCGATTCA_L001_",172196,0.0390152654985308,"LIMS26076p4",5.36333,-0.0242005734181656,-0.00386619870118662,0.097303437,0.064597418,0.089908537,16,1993.52328767123,1993,14,1992.60109289617,1992,1999,1999.37260273973,6.77150984355126,5.8493150684933,262276,0.0593496402155098,"LIMS26757p1raw",4.13457,442,"376","ABX","6",1,142.466666666667,61.9,145.666666666667,127.225,120.916666666667,47.8,0.506471113907851,"1",0.112991076,0.08659883,0.102029982,1999,5,1993,7,1992,8,132.811111111111,107.544444444444,81.3,119184,0.0435892351443753,211546,0.0795132738669142,130473,0.0486652879355406,-0.0359240387225389,-0.0050760527911653,6,1,0.476685668,0.404229541,0.372854462,0.179400463,0.145179851,0.152689123,0.302793897,0.19874458,0.15967236,0,"1",-3.13294505947043,-2.53183130437984,-3.02278927643485,102000,0.0374567432025338,191451,0.0721154902184008,112684,0.0422218006110592,-3.2845685264149,-2.62948641423836,-3.16481858917533,17104.4261327968,17319.1650346281,9,1999,6,1995,7,1997,8577.96746598639,10597.5396302521,2654.358,0,0
"35",1246,25,1384,609,"228-4286_221014_L001_",185414,0.0399374413753458,"LIMS26629p3",4.01587,"268-2589_TCCGAGATGC-TGTCACCTTA_L003_",272166,0.0641018430911968,"LIMS26076p2",5.95099,"527_TGTGAAGCTA-ACGCGATTCA_L001_",172196,0.0390152654985308,"LIMS26076p4",5.36333,-0.024164401715851,0.000922175876814965,0.076616376,0.057434377,0.089908537,16,1993.52328767123,1993,21,1997.00273972603,1996,1998,1998.58630136986,1.58356164383576,5.06301369863036,272166,0.0641018430911968,"LIMS26076p2",5.95099,1246,"208","BrF","3",1,145.408333333333,122.383333333333,140.925,127.225,108.8,47.8,0.390050814566863,"0",0.088162568,0.06876843,0.102029982,1998,8,1993,7,1997,1,107.333333333333,141.377777777778,81.3,139502,0.0499267458877657,222515,0.0872822840824722,130473,0.0486652879355406,-0.0373555381947066,0.00126145795222511,3,1,0.361950714,0.367040596,0.372854462,0.161793907,0.161341188,0.152689123,0.153654129,0.155397189,0.15967236,3,"1",-2.99719843008107,-2.43860776820221,-3.02278927643485,120936,0.0434484523496054,202036,0.0796344754935533,112684,0.0422218006110592,-3.13618004701661,-2.53030817068103,-3.16481858917533,17400.3606028556,31218.7110263158,6,2009,1,1998,7,1997,8577.96746598639,34968.4026923077,18876.280979448,0,0
"36",1049,28,1422,632,"81-721_221007_L004_",157783,0.034837630914791,"LIMS26629p2raw",4.67599,"205-134_AAGGTCAATG-GCATTATAGG_L003_",242222,0.0566846701150142,"LIMS26076p2",4.02567,"69-888_221007_L004_",136227,0.0302319825435566,"LIMS26629p2raw",4.55544,-0.0218470392002232,0.00460564837123439,0.080346359,0.069446094,0.082252178,16,1993.53698630137,1993,21,1996.55464480874,1996,1999,1999.23561643836,2.68097162961294,5.69863013698637,242222,0.0566846701150142,"LIMS26076p2",4.02567,1049,"421","BrF","3",0,142.466666666667,61.9,140.925,127.225,108.8,47.8,0.400390750552293,"0",0.093848981,0.107764889,0.116592574,1999,3,1993,7,1996,7,140.333333333333,115.133333333333,81.3,115037,0.0418408964869727,188962,0.0734326979862869,97066,0.0354606034877833,-0.0315918014993142,0.00638029299918941,3,0,0.427939556,0.436512809,0.545103063,0.179197931,0.161992774,0.199758157,0.235151806,0.225240558,0.369349097,0,"0",-3.17388103290213,-2.61138596590452,-3.33933295964888,96631,0.0352430478509756,165614,0.0646113786885882,81643,0.029928135356459,-3.34548699326089,-2.73936474301431,-3.50895625920998,17203.9533802217,25643.0887689394,4,1999,7,2003,8,2000,17111.6699329685,24909.0153585434,66.125,0,0
"37",297,28,1564,634,"18-860_221007_L004_",176885,0.0394310522059068,"LIMS26629p2raw",3.48112,"330-2525_GTCGACTCCT-TGCCGTTAGC_L003_",290883,0.0661923035516062,"LIMS26076p6",3.53964,"562-1066_221111_L002_",157287,0.0347705918378283,"LIMS26629p4",5.39728,-0.0267612513456994,0.00466046036807846,0.030716988,0.032137187,0.079761949,16,1993.5397260274,1993,8,1989.04109589041,1988,1999,1999.75616438356,10.7150684931505,6.21643835616419,290883,0.0661923035516062,"LIMS26076p6",3.53964,297,"420","BrF","5",1,142.466666666667,61.9,134.116666666667,127.225,119.183333333333,47.8,0.310790548585167,"1",0.095739613,0.097558689,0.092010343,1999,10,1993,7,1989,1,137.533333333333,131.377777777778,81.3,134674,0.0496932442762867,235968,0.0889303127838826,119917,0.0437454629291715,-0.0392370685075958,0.00594778134711518,5,1,0.440092405,0.365643949,0.413163869,0.171828874,0.163296861,0.164176639,0.257842745,0.162678268,0.193693188,2,"1",-3.00188628517347,-2.4199022183848,-3.12936737603227,115488,0.0427704093450071,214968,0.0812483394860128,102994,0.037680451175163,-3.1519087859449,-2.51024489507636,-3.27861385548252,16766.306154386,15464.0210948122,12,1999,7,1997,8,2002,20621.7884370309,10875.7181096516,18677.6133333333,0,0
"38",524,22,1220,634,"292-2473_230106_L002_",260020,0.0614547434795569,"LIMS26757",3.78777,"569-2105_221111_L002_",208063,0.0459152445327817,"LIMS26629p4",5.60975,"562-1066_221111_L002_",157287,0.0347705918378283,"LIMS26629p4",5.39728,0.0155394989467752,0.0266841516417286,0.006355433,0.062967538,0.079761949,16,1993.5397260274,1993,16,1993.53698630137,1993,1997,1997.62191780822,4.08493150684944,4.08219178082186,208063,0.0459152445327817,"LIMS26629p4",5.60975,524,"116","BrF","2",0,284.2,232.083333333333,127.225,127.225,47.8,47.8,0.397820539808614,"1",0.077812843,0.075053136,0.092010343,1997,8,1993,7,1993,7,330.822222222222,81.3,81.3,221031,0.0874635000038223,160564,0.0586405031712595,119917,0.0437454629291715,0.0288229968325628,0.0437180370746508,2,0,0.437977272,0.393849079,0.413163869,0.170903275,0.158547894,0.164176639,0.197988521,0.200951356,0.193693188,2,"0",-2.43653371546029,-2.83632964075741,-3.12936737603227,204603,0.0812621440568058,142028,0.0519419993886307,102994,0.037680451175163,-2.51007500362658,-2.95762757929068,-3.27861385548252,12804.7690163265,12804.7690163265,8,1997,7,1994,8,2002,20621.7884370309,10042.2016666667,0,0,0
"39",1437,30,2970,634,"17-305_221007_L002_",225279,0.0502588858772024,"LIMS26757p1raw",4.27989,"185-SW008-481_CAACAGGTAG-GACGATAGTG_L002_",160383,0.0366085432071419,"LIMS26629p1renamed",6.93084,"562-1066_221111_L002_",157287,0.0347705918378283,"LIMS26629p4",5.39728,0.0136503426700604,0.015488294039374,0.099689835,0.107106546,0.079761949,16,1993.5397260274,1993,25,1998.85205479452,1998,2003,2003.40821917808,4.55616438356151,9.8684931506848,160383,0.0366085432071419,"LIMS26629p1renamed",6.93084,1437,"510","BrF","2",0,173.566666666667,183.266666666667,145.408333333333,127.225,122.383333333333,47.8,0.403325350992667,"0",0.118354199,0.121357506,0.092010343,2003,5,1993,7,1998,11,176.544444444444,146.044444444444,81.3,181168,0.0668916958335574,116519,0.043736420767289,119917,0.0437454629291715,0.0231552750662684,0.0231462329043858,2,0,0.408640345,0.412405061,0.413163869,0.171893025,0.161893799,0.164176639,0.210185358,0.204486047,0.193693188,0,"0",-2.70468044760095,-3.12957409681909,-3.12936737603227,162123,0.0600032425009224,97546,0.036820321635655,102994,0.037680451175163,-2.8133566765382,-3.30170536786351,-3.27861385548252,20628.9696481983,24882.0503232323,5,2004,6,2005,8,2002,20621.7884370309,21969.7404414557,9908.48935897436,0,0
"40",1304,28,1528,668,"337-819_221014_L002_",152129,0.0317539250180406,"LIMS26629p3",3.04709,"278-2647_GTTAGTGCCT-CTGCATAGCA_L003_",347523,0.0799384100474853,"LIMS26757p2",5.06032,"46-710_221007_L004_",190900,0.0422554618915376,"LIMS26629p2raw",4.18174,-0.0481844850294447,-0.010501536873497,0.007943066,0.038225526,0.051752019,17,1994.30684931507,1994,22,1997.53698630137,1997,1999,1999.67671232877,2.13972602739727,5.36986301369848,347523,0.0799384100474853,"LIMS26757p2",5.06032,1304,"433","BrF","3",1,142.466666666667,61.9,284.2,168.558333333333,232.083333333333,149.516666666667,0.315711386046807,"0",0.103323247,0.074389155,0.094984616,1999,9,1994,4,1997,7,110.455555555556,312.122222222222,154.622222222222,115048,0.0398681136538958,309708,0.118989791651254,154765,0.057037569197454,-0.0791216779973585,-0.0171694555435581,3,1,0.369825643,0.38323859,0.391135514,0.172246769,0.144619909,0.15363855,0.158267464,0.189565564,0.175846527,0,"1",-3.2221784311261,-2.12871757399354,-2.86404511953708,99111,0.034367042596838,292306,0.1125063599657,137136,0.0507180480795116,-3.37065723788489,-2.18474552590715,-2.98147345383046,17211.7223123543,30710.7361823362,9,1999,3,1998,1,1999,17841.0506745312,32830.605,0,0,0
"41",677,17,937,673,"351-2301_CACACTGTTG-TGCATTGGTT_L003_",555279,0.131102926478128,"LIMS26076p6",9.12306,"62-709_221007_L004_",179244,0.03986336407508,"LIMS26629p2raw",5.95367,"15-2204_221007_L002_",308273,0.0702774899725365,"LIMS26757p1raw",3.95937,0.0912395624030483,0.0608254365055918,0.044890393,0.045869146,0.025287841,16,1993.55890410959,1993,16,1993.55890410959,1993,1994,1994.45479452055,0.895890410958827,0.895890410958827,179244,0.03986336407508,"LIMS26629p2raw",5.95367,677,"2041","BrF","2",0,168.558333333333,149.516666666667,127.225,127.225,47.8,47.8,0.361870851147627,"0",0.079403453,0.052898982,0.072777027,1994,6,1993,7,1993,7,147.077777777778,81.3,81.3,522283,0.205579091778531,135764,0.0498036228017265,268168,0.101688876514975,0.155775468976805,0.103890215263556,2,0,0.36210101,0.408451559,0.377503538,0.142732053,0.159344276,0.15115501,0.161907545,0.225222229,0.182432947,0,"0",-1.58192444425647,-2.99966755057484,-2.28583735737686,508168,0.200350724381411,118562,0.0436811933197638,249007,0.0947032199421031,-1.60768582632673,-3.130837628327,-2.35700727786758,10861.7024242424,10861.7024242424,1,2007,1,1999,6,1995,7334.63992753623,17276.4077385798,19853.2652126176,0,0
"42",845,25,1398,674,"277-2737_CAGACTGCAG-ACCGGCCTTA_L003_",327657,0.0742328889897375,"LIMS26757p2",4.0049,"453-1043_221111_L001_",157506,0.0353243203904638,"LIMS26629p4",4.34496,"21-2206_221007_L002_",243544,0.0549626826389736,"LIMS26757p1raw",5.24162,0.0389085685992737,0.0192702063507639,0.038460408,0.087220174,0.066205762,16,1993.55890410959,1993,17,1994.4602739726,1994,1998,1998.66849315068,4.20821917808235,5.10958904109589,157506,0.0353243203904638,"LIMS26629p4",4.34496,845,"268","BrF","2",0,145.408333333333,122.383333333333,168.558333333333,127.225,149.516666666667,47.8,0.374376437405652,"1",0.095467081,0.115895543,0.080399785,1998,9,1993,7,1994,6,144.022222222222,147.077777777778,81.3,291773,0.110223375993932,111931,0.0411391147526483,196408,0.0734886249794442,0.069084261241284,0.0367347510144882,2,0,0.402317857,0.413548772,0.37761626,0.159994945,0.17061918,0.163897127,0.197332353,0.224529404,0.1828206,3,"0",-2.20524628140138,-3.19079591291183,-2.61062464692468,273225,0.103365458286357,94487,0.0348342016138014,177335,0.0665373011286657,-2.26948443184412,-3.35715556984405,-2.70999256934866,17120.6217869944,18022.3418250377,9,1998,8,2002,6,1995,7334.63992753623,21564.635097918,0,0,0
"43",1049,25,1363,776,"107-SW008-2731_TCTTAGGTGG-GATCACTGGT_L002_",172965,0.0397624003952219,"LIMS26629p1renamed",5.71992,"205-134_AAGGTCAATG-GCATTATAGG_L003_",242222,0.0566846701150142,"LIMS26076p2",4.02567,"487_TATCGCGACA-CTAGTGACCT_L001_",177995,0.0405271546774893,"LIMS26076p4",7.31038,-0.0169222697197923,-0.000764754282267438,0.102283347,0.069446094,0.106368815,17,1994.4602739726,1994,21,1996.55464480874,1996,1998,1998.60547945205,2.05083464331165,4.14520547945222,242222,0.0566846701150142,"LIMS26076p2",4.02567,1049,"260","BrF","2",0,145.408333333333,122.383333333333,140.925,168.558333333333,108.8,149.516666666667,0.351622615878039,"1",0.119542343,0.107764889,0.120085965,1998,8,1994,6,1996,7,107.333333333333,115.133333333333,147.077777777778,130300,0.0493134704224355,188962,0.0734326979862869,136947,0.0515741117009569,-0.0241192275638514,-0.00226064127852137,2,0,0.406081657,0.436512809,0.456477352,0.187687788,0.161992774,0.181618236,0.212407714,0.225240558,0.264904795,3,"0",-3.00955800153423,-2.61138596590452,-2.96473544361557,111514,0.0423339539662469,165614,0.0646113786885882,118096,0.0446559261515642,-3.16216582067911,-2.73936474301431,-3.10876825590765,18376.7477490196,28355.9072153846,8,1998,7,2003,7,1997,7925.13177809388,24909.0153585434,0,0,0
"44",297,22,1179,836,"343-2527_AGTGGTAGCA-TGGTGTTGAC_L003_",275610,0.0626664469360234,"LIMS26076p6",5.15128,"330-2525_GTCGACTCCT-TGCCGTTAGC_L003_",290883,0.0661923035516062,"LIMS26076p6",3.53964,"450-2178_221014_L003_",184635,0.0407639249082975,"LIMS26076p5",2.36309,-0.0035258566155828,0.0219025220277259,0.066381901,0.032137187,0.013245973,17,1994.41917808219,1994,8,1989.04109589041,1988,1997,1997.32876712329,8.28767123287662,2.90958904109584,290883,0.0661923035516062,"LIMS26076p6",3.53964,297,"85","H","3",1,284.2,232.083333333333,134.116666666667,168.558333333333,119.183333333333,149.516666666667,0.281647475588319,"1",0.085573876,0.097558689,0.104295178,1997,5,1994,6,1989,1,223.033333333333,131.377777777778,147.077777777778,236702,0.0896354395071466,235968,0.0889303127838826,145879,0.0533418207463652,0.000705126723264032,0.0362936187607813,3,1,0.381307661,0.365643949,0.403083081,0.164169308,0.163296861,0.17422352,0.180512099,0.162678268,0.216477603,0,"1",-2.41200450698902,-2.4199022183848,-2.93103462608334,218032,0.0828165772183785,214968,0.0812483394860128,125269,0.045968554797605,-2.49112702967843,-2.51024489507636,-3.07979770760456,7716.52332539683,10882.3119089109,7,1997,7,1997,6,1995,4024.47243589744,10875.7181096516,10279.8033333333,0,0
"45",1177,23,1305,854,"554_ACAACCAACT-ACAAGATGGT_L001_",148427,0.0337828816708559,"LIMS26076p4",9.37093,"89-2548_221007_L004_",173609,0.0387577178460132,"LIMS26629p2raw",5.6578,"491_AGAATCCTTC-TGCCAGGTGT_L001_",217952,0.0500457450148381,"LIMS26076p4",10.1786,-0.00497483617515727,-0.0162628633439822,0.123467666,0.059187884,0.043940416,17,1994.4904109589,1994,21,1996.53278688525,1996,1998,1997.87123287671,1.33844599146641,3.38082191780836,173609,0.0387577178460132,"LIMS26629p2raw",5.6578,1177,"184","BrF","3",0,145.408333333333,122.383333333333,140.925,168.558333333333,108.8,149.516666666667,0.400850727204028,"0",0.147150738,0.075555781,0.053503041,1997,11,1994,6,1996,7,357.1,115.133333333333,147.077777777778,110029,0.0413510892983211,132937,0.0489702409545981,171567,0.0654250541214246,-0.007619151656277,-0.0240739648231035,3,0,0.42713401,0.367012186,0.385947573,0.181433117,0.165477977,0.176219516,0.239426977,0.151336464,0.194544557,0,"0",-3.1856565144901,-3.01654249282672,-2.72685000333777,92824,0.0350018267992678,114981,0.0425230878888131,148063,0.0567719465278011,-3.35235502459,-3.15770810611295,-2.86871297442183,18930.3121080139,35029.9409558824,3,1998,7,1997,6,1995,4024.47243589744,6837.80397435898,11692.558,0,0
"46",474,23,1262,884,"64-2502_221007_L004_",191650,0.0429826661527603,"LIMS26629p2raw",6.54103,"415-2265_221014_L003_",193257,0.0415986197017695,"LIMS26076p5",3.45222,"481-2270_221111_L002_",270317,0.0619516640392084,"LIMS26629p4",4.12924,0.00138404645099079,-0.0189689978864481,0.083501646,0.042233372,0.031986892,19,1995.60821917808,1995,14,1992.61202185792,1992,1997,1997.87671232877,5.26469047084356,2.26849315068489,193257,0.0415986197017695,"LIMS26076p5",3.45222,474,"158","H","4",1,284.2,232.083333333333,145.666666666667,158.033333333333,120.916666666667,106.483333333333,0.378149142694333,"1",0.097181654,0.077212285,0.070902559,1997,11,1995,8,1992,8,357.1,107.544444444444,154.211111111111,150417,0.055812774767835,155259,0.0555133356346552,217695,0.0829617833409882,0.000299439133179875,-0.0271490085731532,4,1,0.419200429,0.358208909,0.41008373,0.163691845,0.160824319,0.170773141,0.223579061,0.141463706,0.20031535,0,"1",-2.88575249730562,-2.89113200538728,-2.4893752188962,131871,0.0491106541204532,134345,0.0481531747110558,198133,0.0757552811284881,-3.01367927952359,-3.03336820914091,-2.58024711915501,25730.023968254,17852.4881919643,1,1998,5,1995,8,1995,0,10863.5231105169,11906.0133333333,0,0
"47",1218,28,1550,886,"33-835_221007_L004_",165131,0.0366631187636719,"LIMS26629p2raw",3.5993,"37-1105_221007_L004_",169185,0.037638568858854,"LIMS26629p2raw",4.7936,"125-SW008-836_TTGCAATGCG-CGAGACTTCA_L002_",171665,0.0391790269926632,"LIMS26629p1renamed",8.87039,-0.000975450095182122,-0.00251590822899125,0.054704041,0.081498594,0.063305153,19,1995.61369863014,1995,21,1996.56284153005,1996,1999,1999.72602739726,3.16318586720558,4.11232876712324,169185,0.037638568858854,"LIMS26629p2raw",4.7936,1218,"373","BrF","2",0,142.466666666667,61.9,140.925,158.033333333333,108.8,106.483333333333,0.432539885800602,"0",0.11283252,0.102525317,0.085704839,1999,9,1995,8,1996,7,110.455555555556,115.133333333333,154.211111111111,123928,0.0455917563037787,127845,0.0468718850983775,124793,0.0470238850615368,-0.00128012879459879,-0.0014321287577581,2,0,0.44404774,0.427123012,0.422353883,0.175715477,0.173052315,0.169236279,0.241102221,0.213007063,0.212804531,1,"0",-3.08802836161685,-3.06033724813416,-3.05709961355965,104368,0.0385417506971037,109896,0.0404412981285008,105922,0.0400843038020679,-3.25601319157086,-3.20790378523377,-3.21677044767926,21122.3212244898,23845.1150202429,11,1999,9,2002,11,1999,20999.1206033182,27203.9748648649,17118.8133333333,0,0
"48",1826,104,5635,911,"38-11998DH0038L01_4033_CTACGACAAT-TTGGACTCGT_L001_",162602,0.0372053570501908,"LIMS24675",4.30016,"37-11998DH0131L01_4680_ATTCAGAAAT-CTTCGCCTGT_L001_",124394,0.0283638621233133,"LIMS25133",10.2939,"251-3841_221014_L001_",164545,0.0357475247253678,"LIMS26629p3",4.19423,0.00884149492687751,0.00145783232482299,0.069636988,0.129058838,0.091898302,17,1994.38630136986,1994,30,2003.60273972603,2003,2011,2010.95616438356,7.35342465753411,16.5698630136985,124394,0.0283638621233133,"LIMS25133",10.2939,1826,"4965","BrF","3",0,162.783333333333,109.916666666667,173.566666666667,168.558333333333,183.266666666667,149.516666666667,0.380893413544133,"0",0.142564954,0.153626845,0.111743216,2010,12,1994,5,2003,8,150.266666666667,172.311111111111,174.444444444444,125092,0.046725414295018,91293,0.0340722284072697,122736,0.0438522093159362,0.0126531858877483,0.00287320497908172,3,0,0.425118768,0.385077876,0.402868635,0.192321285,0.183016717,0.183134937,0.246457869,0.198475148,0.190469169,2,"0",-3.06346705901277,-3.37927264271882,-3.12693017794544,107312,0.0400076592609757,74989,0.0280825293083463,104934,0.0376144464482048,-3.21868436167406,-3.57260762879748,-3.2803670883296,17555.4172158291,13163.1648876404,11,2011,9,2013,8,2007,19425.3529933176,12628.7343076819,10621.3038636364,0,0
"49",4964,104,5588,911,"15-11998DH0015L01_3753_GGCTTAAGAT-GGTCACGAGT_L001_",176231,0.0404301664940752,"LIMS24675",6.04151,"535-3903_221111_L002_",187294,0.0414116320707367,"LIMS26629p4",6.51625,"251-3841_221014_L001_",164545,0.0357475247253678,"LIMS26629p3",4.19423,-0.000981465576661546,0.00468264176870735,0.088461669,0.082460759,0.091898302,17,1994.38630136986,1994,75,2006.8,2006,2010,2010.8301369863,4.03013698630139,16.4438356164383,187294,0.0414116320707367,"LIMS26629p4",6.51625,4964,"4968","BrF","4",1,120.45,120.15,191.041666666667,168.558333333333,126.016666666667,149.516666666667,0.46608360033517,"1",0.104669948,0.094289645,0.111743216,2010,10,1994,5,2006,10,135.322222222222,203.866666666667,174.444444444444,135301,0.0507414721664425,145652,0.0535920778503867,122736,0.0438522093159362,-0.0028506056839442,0.00688926285050625,4,1,0.406084407,0.382252506,0.402868635,0.166555705,0.166370586,0.183134937,0.195814736,0.180494687,0.190469169,2,"1",-2.9810117113091,-2.92635402312782,-3.12693017794544,117161,0.0439023536021869,128632,0.0474846656886316,104934,0.0376144464482048,-3.12578734753205,-3.04734844766935,-3.2803670883296,17648.9499789776,10791.103537415,6,2011,1,2008,8,2007,19425.3529933176,10733.008625,10709.0169444444,0,0
"50",1170,39,1610,917,"12-935_221007_L004_",164930,0.0369184101524172,"LIMS26629p2raw",5.40327,"134-SW008-2621_TCACACGGAT-CTTCTGATCG_L002_",244807,0.0570780389814472,"LIMS26629p1renamed",5.89268,"146-SW008-2622_CCACGATAAC-CATGCCTGAC_L002_",249329,0.057532981304559,"LIMS26629p1renamed",3.52831,-0.02015962882903,-0.0206145711521418,0.092052263,0.075902381,0.008334823,17,1994.4,1994,22,1997.32876712329,1997,2000,2000.85792349727,3.52915637398019,6.45792349726776,244807,0.0570780389814472,"LIMS26629p1renamed",5.89268,1170,"3093","BrF","2",0,155.508333333333,146.583333333333,284.2,168.558333333333,232.083333333333,149.516666666667,0.387503444023748,"1",0.109796265,0.085857012,0.076289877,2000,11,1994,5,1997,5,190.833333333333,223.033333333333,174.444444444444,125360,0.0463910437019979,209317,0.0811950273883189,202424,0.0774805775470122,-0.0348039836863209,-0.0310895338450143,2,0,0.385258414,0.333006937,0.396945714,0.142589089,0.133768399,0.164831891,0.207155623,0.131874127,0.198439407,0,"0",-3.07064886204523,-2.51090127274981,-2.55772798632796,107520,0.0399649655939249,191353,0.0744843655636993,181413,0.0696799442031407,-3.2197520688097,-2.59716603382532,-2.66384274719681,17341.4067445635,25067.0600664452,7,2001,2,1998,2,1998,18828.7469613527,35134.884,31870.0836111111,0,0
"51",912,21,1163,922,"204-2415_221014_L001_",252203,0.0557458334439738,"LIMS26629p3",4.40321,"171-SW008-669_CTCAGAATTC-ACAGAGACCG_L002_",153001,0.0348095568350164,"LIMS26629p1renamed",6.47971,"193-2403_221014_L001_",278261,0.0619623313464023,"LIMS26629p3",3.33951,0.0209362766089574,-0.00621649790242846,0.062726791,0.071459045,0.009832526,17,1994.42191780822,1994,17,1994.38630136986,1994,1996,1996.84972677596,2.46342540609317,2.42780896773706,153001,0.0348095568350164,"LIMS26629p1renamed",6.47971,912,"2197","BrF","2",0,140.925,108.8,168.558333333333,168.558333333333,149.516666666667,149.516666666667,0.332911169307898,"1",0.080013381,0.084034745,0.098398214,1996,11,1994,6,1994,5,114.622222222222,174.444444444444,147.077777777778,209986,0.0769557869671854,110472,0.0412596809841281,229298,0.0846545096480287,0.0356961059830572,-0.00769872268084337,2,0,0.345965333,0.358128262,0.387804271,0.159575218,0.159322281,0.165041754,0.135341918,0.149532919,0.217015551,1,"0",-2.56452421727303,-3.18786950321264,-2.46917689777559,191575,0.0703953930429591,91427,0.0342688984829994,210004,0.0776884709007002,-2.65362745769011,-3.37351708592327,-2.55504841227425,8599.16791954023,8706.14666666667,7,1997,9,2005,7,1997,7925.13177809388,20001.5181268785,5811.12861111111,0,0
"52",912,22,1236,922,"257-2452_GATTGGCGAT-CTGTCTCATT_L003_",279881,0.0643514452494387,"LIMS26757p2",5.12123,"171-SW008-669_CTCAGAATTC-ACAGAGACCG_L002_",153001,0.0348095568350164,"LIMS26629p1renamed",6.47971,"193-2403_221014_L001_",278261,0.0619623313464023,"LIMS26629p3",3.33951,0.0295418884144223,0.00238911390303642,0.053188073,0.071459045,0.009832526,17,1994.42191780822,1994,17,1994.38630136986,1994,1997,1997.58082191781,3.1945205479451,3.158904109589,153001,0.0348095568350164,"LIMS26629p1renamed",6.47971,912,"15","BrF","3",1,284.2,232.083333333333,168.558333333333,168.558333333333,149.516666666667,149.516666666667,0.317265950510018,"1",0.080614146,0.084034745,0.098398214,1997,8,1994,6,1994,5,330.822222222222,174.444444444444,147.077777777778,243733,0.0933789953344048,110472,0.0412596809841281,229298,0.0846545096480287,0.0521193143502767,0.00872448568637611,3,1,0.390723118,0.358128262,0.387804271,0.169625764,0.159322281,0.165041754,0.192515569,0.149532919,0.217015551,1,"1",-2.37108884839201,-3.18786950321264,-2.46917689777559,225374,0.0865670032557969,91427,0.0342688984829994,210004,0.0776884709007002,-2.44683656078198,-3.37351708592327,-2.55504841227425,13236.735465587,13252.5938397436,8,1997,9,2005,7,1997,7925.13177809388,20001.5181268785,0,0,0
"53",912,23,1248,922,"29-2596_221007_L004_",202320,0.0454683943335979,"LIMS26629p2raw",3.42093,"171-SW008-669_CTCAGAATTC-ACAGAGACCG_L002_",153001,0.0348095568350164,"LIMS26629p1renamed",6.47971,"193-2403_221014_L001_",278261,0.0619623313464023,"LIMS26629p3",3.33951,0.0106588374985815,-0.0164939370128044,0.00663347,0.071459045,0.009832526,17,1994.42191780822,1994,17,1994.38630136986,1994,1998,1997.87123287671,3.48493150684931,3.44931506849321,153001,0.0348095568350164,"LIMS26629p1renamed",6.47971,912,"118","BrF","3",0,145.408333333333,122.383333333333,168.558333333333,168.558333333333,149.516666666667,149.516666666667,0.332323486884813,"1",0.079112698,0.084034745,0.098398214,1997,11,1994,6,1994,5,357.1,174.444444444444,147.077777777778,152047,0.056524414291482,110472,0.0412596809841281,229298,0.0846545096480287,0.0152647333073539,-0.0281300953565467,3,0,0.401070589,0.358128262,0.387804271,0.172045153,0.159322281,0.165041754,0.199076329,0.149532919,0.217015551,0,"0",-2.8730826228093,-3.18786950321264,-2.46917689777559,130404,0.0486545473135206,91427,0.0342688984829994,210004,0.0776884709007002,-3.02301000475885,-3.37351708592327,-2.55504841227425,18930.3121080139,18943.6740753045,1,1998,9,2005,7,1997,7925.13177809388,20001.5181268785,11906.0133333333,0,0
"54",912,28,1418,922,"316-716_221014_L002_",159731,0.034264530752236,"LIMS26629p3",2.91755,"171-SW008-669_CTCAGAATTC-ACAGAGACCG_L002_",153001,0.0348095568350164,"LIMS26629p1renamed",6.47971,"193-2403_221014_L001_",278261,0.0619623313464023,"LIMS26629p3",3.33951,-0.00054502608278037,-0.0276978005941663,0.009960827,0.071459045,0.009832526,17,1994.42191780822,1994,17,1994.38630136986,1994,1999,1999.24931506849,4.86301369863008,4.82739726027398,153001,0.0348095568350164,"LIMS26629p1renamed",6.47971,912,"349","BrF","5",0,142.466666666667,61.9,168.558333333333,168.558333333333,149.516666666667,149.516666666667,0.359232580381559,"0",0.085634209,0.084034745,0.098398214,1999,4,1994,6,1994,5,134.066666666667,174.444444444444,147.077777777778,121010,0.0429218411182643,110472,0.0412596809841281,229298,0.0846545096480287,0.0016621601341362,-0.0417326685297644,5,0,0.3903987,0.358128262,0.387804271,0.160260711,0.159322281,0.165041754,0.18396706,0.149532919,0.217015551,2,"0",-3.14837446562838,-3.18786950321264,-2.46917689777559,103654,0.0368041618260744,91427,0.0342688984829994,210004,0.0776884709007002,-3.30214434710195,-3.37351708592327,-2.55504841227425,17971.4525131502,17982.453161017,4,1999,9,2005,7,1997,7925.13177809388,20001.5181268785,0,0,0
"55",1589,37,3690,929,"307-2936_221014_L002_",186888,0.0389333416790044,"LIMS26629p3",2.5967,"86-907_221007_L004_",142057,0.0314561091973014,"LIMS26629p2raw",5.27211,"473-1035_221111_L001_",155528,0.034837099382302,"LIMS26629p4",5.13144,0.00747723248170297,0.0040962422967024,0.003053288,0.029399062,0.096643604,17,1994.43561643836,1994,39,2000.27049180328,2000,2005,2005.75890410959,5.48841230631047,11.3232876712329,142057,0.0314561091973014,"LIMS26629p2raw",5.27211,1589,"658","BrF","2",0,155.858333333333,180.85,155.508333333333,168.558333333333,146.583333333333,149.516666666667,0.281294058384527,"1",0.083826768,0.038559914,0.11717738,2005,10,1994,6,2000,4,152.366666666667,164.511111111111,147.077777777778,142919,0.0492916226042653,104929,0.0382715214125458,111993,0.0414373503007668,0.0110201011917195,0.00785427230349845,2,0,0.386589994,0.17836764,0.379687403,0.165496306,0.114164931,0.158892473,0.18806261,0.024083462,0.171248771,0,"0",-3.01000113926387,-3.2630492256301,-3.18357262369376,125273,0.0432242831045288,87666,0.0320962136122767,95029,0.0352359912989659,-3.14135283275497,-3.43901721180736,-3.34568723867054,19921.9430281237,22316.7143102668,12,2005,8,2000,8,2002,21564.635097918,11647.728,1461.07,0,0
"56",845,22,1208,941,"465-2430_221014_L003_",195627,0.0434782688784131,"LIMS26076p5",3.46004,"453-1043_221111_L001_",157506,0.0353243203904638,"LIMS26629p4",4.34496,"548_TTATCTGTGC-CACTCAGTAT_L001_",145263,0.0320397190401742,"LIMS26076p4",8.18307,0.0081539484879493,0.0114385498382389,0.053985922,0.087220174,0.11169972,17,1994.46301369863,1994,17,1994.4602739726,1994,1997,1997.54246575342,3.08219178082209,3.0794520547945,157506,0.0353243203904638,"LIMS26629p4",4.34496,845,"99","BrF","2",0,284.2,232.083333333333,168.558333333333,168.558333333333,149.516666666667,149.516666666667,0.387039468336945,"0",0.090190753,0.115895543,0.133544736,1997,7,1994,6,1994,6,312.122222222222,147.077777777778,147.077777777778,152202,0.0557218399452271,111931,0.0411391147526483,104772,0.0379583968451653,0.0145827251925788,0.0177634431000618,2,0,0.393930641,0.413548772,0.38024368,0.160740007,0.17061918,0.148252659,0.207610175,0.224529404,0.179773452,1,"0",-2.8873831093446,-3.19079591291183,-3.27126453887288,131068,0.0481121795041424,94487,0.0348342016138014,87997,0.031974767602884,-3.03421992177887,-3.35715556984405,-3.44280819963171,7925.13177809388,7925.13177809388,8,1997,8,2002,7,1997,7925.13177809388,21564.635097918,181081.62,0,0
"57",1247,28,1510,1020,"194-3975_CCAACTGTAT-GCGCTAGAGA_L003_",174814,0.0396214471434814,"LIMS26757p2",5.31245,"317-2593_230106_L002_",206983,0.0488965351161177,"LIMS26757",3.32334,"50-2594_221007_L004_",169071,0.0377181795956179,"LIMS26629p2raw",5.16491,-0.00927508797263634,0.00190326754786353,0.08820076,0.011381485,0.042197906,19,1995.83835616438,1995,21,1997.03835616438,1996,1999,1999.46575342466,2.42739726027412,3.62739726027394,206983,0.0488965351161177,"LIMS26757",3.32334,1247,"364","BrF","2",0,142.466666666667,61.9,140.925,158.033333333333,108.8,106.483333333333,0.334697940922218,"0",0.101476579,0.080834786,0.054125633,1999,6,1995,11,1997,1,90.4,141.377777777778,198.633333333333,138125,0.051961562228055,164103,0.0644346410811976,124139,0.0455695877332443,-0.0124730788531426,0.00639197449481063,2,0,0.428186077,0.408802554,0.476852459,0.180299486,0.169419566,0.177333901,0.227222808,0.18251451,0.250097033,0,"0",-2.95725102165683,-2.74210388550332,-3.08851472063679,120379,0.0455245846491722,145191,0.057254465000827,105361,0.0387795473354769,-3.08950277698675,-2.86024964830813,-3.249862301864,23172.2269556025,27733.2434022988,7,2008,1,1998,1,1998,27077.9760968661,34968.4026923077,19265.1351801501,0,0
"58",677,28,1533,1028,"11-11998DH0011L01_3222_TCTCTACTAT-GAACCGCGGT_L001_",193015,0.0442371194843108,"LIMS24675",5.39747,"62-709_221007_L004_",179244,0.03986336407508,"LIMS26629p2raw",5.95367,"57-2678_221007_L004_",212427,0.0474633512358211,"LIMS26629p2raw",4.05714,0.00437375540923087,-0.00322623175151021,0.081728619,0.045869146,0.02196503,19,1995.49589041096,1995,16,1993.55890410959,1993,1999,1999.66301369863,6.10410958904095,4.16712328767107,179244,0.03986336407508,"LIMS26629p2raw",5.95367,677,"431","BrF","4",1,142.466666666667,61.9,127.225,158.033333333333,47.8,106.483333333333,0.419498521038792,"1",0.092511135,0.052898982,0.048251732,1999,8,1995,7,1993,7,107.522222222222,81.3,125.733333333333,147436,0.0552572408376075,135764,0.0498036228017265,177765,0.0660117743457937,0.00545361803588099,-0.0107545335081861,4,1,0.386091454,0.408451559,0.341699326,0.154831748,0.159344276,0.157800999,0.191590886,0.225222229,0.111008727,0,"1",-2.89575589128705,-2.99966755057484,-2.71792215368826,129870,0.0485954189062914,118562,0.0436811933197638,160917,0.0599261489065204,-3.02422601370597,-3.130837628327,-2.81464232643796,21414.4958530612,16905.6746094039,2,2009,1,1999,8,1998,23268.7533428165,17276.4077385798,19470.6024912281,0,0
"59",938,28,1524,1028,"43-814_221007_L004_",158174,0.035533791845783,"LIMS26629p2raw",4.50903,"40-2302_221007_L002_",239840,0.0541566814355565,"LIMS26757p1raw",3.30229,"57-2678_221007_L004_",212427,0.0474633512358211,"LIMS26629p2raw",4.05714,-0.0186228895897735,-0.0119295593900381,0.042936003,0.032944109,0.02196503,19,1995.49589041096,1995,17,1994.45479452055,1994,1999,1999.66301369863,5.20821917808212,4.16712328767107,239840,0.0541566814355565,"LIMS26757p1raw",3.30229,938,"431","H","4",1,142.466666666667,61.9,168.558333333333,158.033333333333,149.516666666667,106.483333333333,0.357528115319822,"1",0.063111978,0.06063932,0.048251732,1999,8,1995,7,1994,6,107.522222222222,147.077777777778,125.733333333333,116546,0.0431261512098279,203231,0.0763970455133171,177765,0.0660117743457937,-0.0332708943034892,-0.0228856231359658,4,1,0.406178799,0.411579353,0.341699326,0.161332024,0.1631429,0.157800999,0.199885542,0.181364384,0.111008727,0,"1",-3.14362570926626,-2.57181125484908,-2.71792215368826,98917,0.0367331228143924,181576,0.0684642896885057,160917,0.0599261489065204,-3.30407640195351,-2.68144298806362,-2.81464232643796,21414.4958530612,17748.6812903226,9,1999,6,1995,8,1998,23268.7533428165,4024.47243589744,19.8449999999999,0,0
"60",1559,31,2965,1031,"190-291_221007_L003_",289789,0.0648671490675305,"LIMS26757p1raw",3.71397,"400-3369_221111_L001_",173247,0.0392969300630858,"LIMS26629p4",4.04812,"425-4027_221111_L001_",176404,0.0397197128377399,"LIMS26629p4",5.25443,0.0255702190044447,0.0251474362297906,0.023525353,0.094633861,0.096795732,21,1996.47267759563,1996,28,1999.75342465753,1999,2004,2004.15027322404,4.39684856650956,7.67759562841525,173247,0.0392969300630858,"LIMS26629p4",4.04812,1559,"2649","BrF","3",0,177.791666666667,77.4833333333333,142.466666666667,140.925,61.9,108.8,0.378648730197165,"1",0.120393812,0.119083147,0.112260069,2004,2,1996,6,1999,10,134.422222222222,137.533333333333,118.433333333333,258651,0.0962431856446638,131172,0.0491398334212309,132340,0.0491821818976423,0.0471033522234328,0.0470610037470215,3,0,0.431861899,0.442127808,0.400354853,0.157672698,0.174280339,0.158763256,0.236588777,0.268779484,0.200933944,0,"0",-2.34087710681758,-3.01308530177619,-3.01222387763038,241281,0.0899163574823893,112605,0.042367138089399,114532,0.0426849395317261,-2.40887540208263,-3.16138226230827,-3.15390912513734,23902.4268256194,24589.5311393324,5,2004,6,2007,1,2009,20593.0424538167,20996.0641608228,4618.7625,0,0
"61",5168,103,5573,1031,"524-4880_221118_L002_",272832,0.0628844045824607,"LIMS26757p3",4.25438,"265-4297_221014_L001_",196335,0.0424089134882532,"LIMS26629p3",4.56688,"425-4027_221111_L001_",176404,0.0397197128377399,"LIMS26629p4",5.25443,0.0204754910942075,0.0231646917447208,0.056255199,0.121157332,0.096795732,21,1996.47267759563,1996,82,2007.80821917808,2007,2009,2010.02191780822,2.21369863013683,13.5492402125906,196335,0.0424089134882532,"LIMS26629p3",4.56688,5168,"5533","BrF","2",0,172.808333333333,111.266666666667,164.008333333333,140.925,150.2,108.8,0.334385585603546,"0",0.105197097,0.146690512,0.112260069,2010,1,1996,6,2007,10,157.988888888889,142.744444444444,118.433333333333,235563,0.0905753416869926,150626,0.0539968887173424,132340,0.0491821818976423,0.0365784529696503,0.0413931597893503,2,0,0.379113715,0.489460776,0.400354853,0.171947094,0.176548516,0.158763256,0.186253566,0.301183721,0.200933944,0,"0",-2.40157326978755,-2.91882885042326,-3.01222387763038,216723,0.083584195666518,131427,0.0472423143666885,114532,0.0426849395317261,-2.48190082381435,-3.05246529717884,-3.15390912513734,19919.5090483316,12588.3211111111,9,2011,7,2009,1,2009,20593.0424538167,13489.9796536797,5291.46447619048,0,0
"62",1550,41,1723,1040,"260-286_TGTCGGTGCT-AGTTCTTCCG_L003_",323160,0.0756963830520041,"LIMS26076p2",5.21577,"33-835_221007_L004_",165131,0.0366631187636719,"LIMS26629p2raw",3.5993,"188-SW008-475_AATCCAGGAT-CATGCAGAGT_L002_",160831,0.0365252758934276,"LIMS26629p1renamed",7.79554,0.0390332642883322,0.0391711071585765,0.068512522,0.054704041,0.093012687,19,1995.53698630137,1995,28,1999.72602739726,1999,2002,2002.41095890411,2.68493150684935,6.87397260273974,165131,0.0366631187636719,"LIMS26629p2raw",3.5993,1550,"794","BrF","2",0,239.091666666667,80.2,142.466666666667,158.033333333333,61.9,106.483333333333,0.317189309282137,"1",0.094319914,0.11283252,0.105825146,2002,5,1995,7,1999,9,229.544444444444,110.455555555556,125.733333333333,279797,0.109377383996719,123928,0.0455917563037787,121282,0.0455427667260387,0.0637856276929404,0.0638346172706804,2,0,0.413449797,0.44404774,0.372506216,0.173465628,0.175715477,0.161997356,0.218996884,0.241102221,0.184406949,0,"0",-2.21295113800047,-3.08802836161685,-3.08910346643619,260669,0.102187701427234,104368,0.0385417506971037,101982,0.0385076165359971,-2.28094394673914,-3.25601319157086,-3.25689922515077,24431.6037378783,29778.0201704545,5,2004,11,1999,6,2005,22108.033192577,17118.8133333333,15567.8058333333,0,0
"63",1195,41,1851,1045,"25-2913_221007_L002_",269700,0.060593160473622,"LIMS26757p1raw",3.85337,"117-SW008-2575_AGGTATTCGG-AGATGTGCGC_L002_",246803,0.0572775451190322,"LIMS26629p1renamed",2.84796,"120-SW008-2626_AATCGAACTC-ACGAACCTTA_L002_",209160,0.0482884417870773,"LIMS26629p1renamed",5.43848,0.00331561535458979,0.0123047186865447,0.054158487,0.003641465,0.074520488,21,1996.55464480874,1996,21,1996.89890710383,1996,2002,2003.00273972603,6.10383262220216,6.44809491728415,246803,0.0572775451190322,"LIMS26629p1renamed",2.84796,1195,"5964","BrF","1",0,239.091666666667,80.2,140.925,140.925,108.8,108.8,0.290919593546656,"0",0.095150586,0.114014486,0.085582318,2003,1,1996,7,1996,11,257.344444444444,114.622222222222,115.133333333333,221314,0.0820220002977346,196127,0.0757970125384467,156558,0.0595945795508133,0.0062249877592879,0.0224274207469212,1,0,0.378432803,0.437582289,0.409758396,0.184218163,0.182892998,0.181340557,0.161244046,0.258295464,0.240069398,0,"0",-2.50076777138907,-2.57969639953205,-2.82019065618078,202150,0.0749907632865347,174106,0.0675167383284725,135243,0.0517118305469537,-2.59039032920971,-2.6953797366078,-2.96206869295007,26682.4608666018,27092.422836036,11,2005,7,1997,2,1998,31192.4662105263,5811.12861111111,13150.9199663866,0,0
"64",1200,28,1495,1156,"115-530_221007_L003_",292906,0.066144357488224,"LIMS26757p1raw",4.03489,"80-2564_221007_L004_",178215,0.0398673524016184,"LIMS26629p2raw",4.76693,"131-SW008-2481_GTACAGCGGA-CAATCTGTGT_L002_",219026,0.0511393052948265,"LIMS26629p1renamed",3.39973,0.0262770050866055,0.0150050521933975,0.020177706,0.080663721,0.033515415,21,1996.51092896175,1996,21,1996.54098360656,1996,1999,1999.59178082192,3.05079721536049,3.0808518601691,178215,0.0398673524016184,"LIMS26629p2raw",4.76693,1200,"393","BrF","2",0,142.466666666667,61.9,140.925,140.925,108.8,108.8,0.340663075533247,"1",0.101191177,0.095799844,0.136716896,1999,8,1996,7,1996,7,107.522222222222,115.133333333333,115.133333333333,259303,0.0976711110190603,134305,0.0494218083518829,172462,0.0668976801562357,0.0482493026671773,0.0307734308628245,2,0,0.448752719,0.375607433,0.445456301,0.175340654,0.174467292,0.174260177,0.227812075,0.160488904,0.25375636,1,"0",-2.3261494543539,-3.00736348759208,-2.70459098873864,240045,0.0906385482314223,115687,0.0426600399839205,149575,0.0582671535290431,-2.40087567925493,-3.15449262866979,-2.84271674870211,24429.6402062589,24429.6402062589,7,2005,7,1997,7,1997,6837.80397435898,6837.80397435898,22386.5220168232,0,0
"65",441,28,1544,1165,"523_GTTGGACGGT-AGGACACTGT_L001_",151164,0.0343924339649352,"LIMS26076p4",5.47943,"264-2565_CAACCATGAT-ATAAGGTGAC_L003_",311439,0.0707087974285924,"LIMS26757p2",4.95937,"178-1147_221007_L003_",241011,0.0538771613296643,"LIMS26757p1raw",3.59979,-0.0363163634636572,-0.019484727364729,0.099329676,0.075697741,0.045482227,21,1996.51366120219,1996,14,1992.59836065574,1992,1999,1999.55616438356,6.95780372782406,3.04250318137588,311439,0.0707087974285924,"LIMS26757p2",4.95937,441,"374","BrF","4",1,142.466666666667,61.9,145.666666666667,140.925,120.916666666667,108.8,0.382029594535788,"0",0.114063907,0.087054011,0.121355447,1999,7,1996,7,1992,8,88.7888888888889,107.544444444444,115.133333333333,108595,0.0405402059384444,272240,0.102800753893302,205505,0.0764702992437033,-0.0622605479548573,-0.0359300933052589,4,1,0.398870228,0.385146609,0.397698107,0.175255426,0.167195377,0.166983681,0.185726616,0.156155997,0.230456908,1,"1",-3.20546105808849,-2.27496259239553,-2.57085285871667,90228,0.0338452426509581,253649,0.0959176555977546,186661,0.0696271850214267,-3.38595683157,-2.34426520978598,-2.66460019851363,25025.0278078078,17292.453643144,11,1999,7,1997,9,2002,27203.9748648649,10232.3473898305,9423.018,0,0
"66",1559,37,3506,1165,"406-584_221111_L001_",140044,0.0312559670536002,"LIMS26629p4",3.82854,"400-3369_221111_L001_",173247,0.0392969300630858,"LIMS26629p4",4.04812,"178-1147_221007_L003_",241011,0.0538771613296643,"LIMS26757p1raw",3.59979,-0.00804096300948563,-0.0226211942760641,0.028241879,0.094633861,0.045482227,21,1996.51366120219,1996,28,1999.75342465753,1999,2005,2005.24383561644,5.49041095890425,8.73017441425259,173247,0.0392969300630858,"LIMS26629p4",4.04812,1559,"662","BrF","2",0,155.858333333333,180.85,142.466666666667,140.925,61.9,108.8,0.393279964836913,"0",0.045305876,0.119083147,0.121355447,2005,3,1996,7,1999,10,225.666666666667,137.533333333333,115.133333333333,100417,0.0367050462907903,131172,0.0491398334212309,205505,0.0764702992437033,-0.0124347871304407,-0.0397652529529131,2,0,0.351625237,0.442127808,0.397698107,0.141521442,0.174280339,0.166983681,0.062666306,0.268779484,0.230456908,0,"0",-3.30484103226257,-3.01308530177619,-2.57085285871667,83923,0.0307704952149971,112605,0.042367138089399,186661,0.0696271850214267,-3.48119899569264,-3.16138226230827,-2.66460019851363,23583.2261501831,23765.7489417249,7,2005,6,2007,9,2002,27203.9748648649,20996.0641608228,10589.575,0,0
"67",1172,77,4958,1171,"67-11998DH0161L01_4989_CGGCTATGAT-AGGATAGGGT_L001_",118733,0.0271178436625026,"LIMS25133",7.75535,"275-2518_AGCACCAGTC-CTCGTGTAGC_L003_",239499,0.0538865108028594,"LIMS26757p2",3.79244,"537-4107_221111_L002_",165291,0.0362024670484796,"LIMS26629p4",8.34666,-0.0267686671403568,-0.00908462338597697,0.083947309,0.05278026,0.06571492,21,1996.52459016393,1996,21,1996.52459016393,1996,2006,2006.87123287671,10.346642712778,10.346642712778,239499,0.0538865108028594,"LIMS26757p2",3.79244,1172,"3975","BrF","2",0,191.041666666667,126.016666666667,140.925,140.925,108.8,108.8,0.350537129516835,"0",0.09967758,0.080415435,0.072478961,2006,11,1996,7,1996,7,211.455555555556,115.133333333333,115.133333333333,84913,0.0315787148028598,205984,0.0769951234261588,127052,0.0460750445824784,-0.045416408623299,-0.0144963297796186,2,0,0.354307644,0.3584426,0.405552874,0.155931471,0.151295224,0.176559513,0.12831011,0.173770801,0.187745523,0,"0",-3.45527196753566,-2.56401319126182,-3.07748380782002,69070,0.0257872223362293,186649,0.0698796385154459,110695,0.0402487336830313,-3.65787616802114,-2.6609809666626,-3.21267673690363,22083.4199393548,22083.4199393548,9,2014,7,1997,2,2009,20670.2483443709,6837.80397435898,12608.5513549832,0,0
"68",522,22,1279,1174,"264-2651_ATCTAACCTG-CCTGTGGTTC_L003_",237786,0.0552625457762309,"LIMS26076p2",6.51331,"32-2637_221007_L004_",159701,0.0356671111912585,"LIMS26629p2raw",3.36168,"550_GAGCTCCACA-CAGAACAGAA_L001_",161274,0.035747792324483,"LIMS26076p4",9.91204,0.0195954345849724,0.0195147534517479,0.062784343,0.017148429,0.106171782,21,1996.52732240437,1996,16,1993.53698630137,1993,1996,1997.18630136986,3.64931506849325,0.658978965491542,159701,0.0356671111912585,"LIMS26629p2raw",3.36168,522,"2305","BrF","2",0,140.925,108.8,127.225,140.925,47.8,108.8,0.360692643100399,"1",0.077522808,0.065720026,0.126330415,1997,3,1996,7,1993,7,147.188888888889,81.3,115.133333333333,195675,0.0758966351679445,118975,0.0440198833779534,124682,0.0454726349853294,0.031876751789991,0.030424000182615,2,0,0.354143602,0.344331329,0.352743288,0.143303908,0.135839543,0.155954382,0.128464988,0.143050972,0.156019448,0,"0",-2.57838292800141,-3.12311385218416,-3.09064456285,175073,0.0681433968043457,100155,0.0372135915270728,108856,0.0397453663063403,-2.68614101761984,-3.29108122080109,-3.22526201558639,7033.84694444444,8803.96237373737,3,1998,3,1998,7,1997,6837.80397435898,17575.8127694236,28633.7342307692,0,0
"69",1160,28,1566,1179,"36-862_221007_L004_",156194,0.0350066417504703,"LIMS26629p2raw",3.58655,"156-SW008-2523_GACAATGCGG-TTGTTGAGTG_L002_",242758,0.0558645356460006,"LIMS26629p1renamed",4.05973,"343-2527_AGTGGTAGCA-TGGTGTTGAC_L003_",275610,0.0626664469360234,"LIMS26076p6",5.15128,-0.0208578938955304,-0.0276598051855531,0.044700874,0.069449394,0.066381901,22,1997.32876712329,1997,21,1996.52459016393,1996,1999,1999.75890410959,3.23431394565478,2.43013698630148,242758,0.0558645356460006,"LIMS26629p1renamed",4.05973,1160,"419","BrF","2",0,142.466666666667,61.9,140.925,284.2,108.8,232.083333333333,0.366197128761264,"1",0.116956019,0.111775133,0.085573876,1999,10,1997,5,1996,7,137.533333333333,115.133333333333,223.033333333333,114461,0.0422000444364216,193857,0.0741242614667271,236702,0.0896354395071466,-0.0319242170303055,-0.047435395070725,2,0,0.438025843,0.440557038,0.381307661,0.180776949,0.172799379,0.164169308,0.267711837,0.274583269,0.180512099,3,"0",-3.16533400494495,-2.60201238506326,-2.41200450698902,96008,0.0355436936240013,172810,0.066285586892476,218032,0.0828165772183785,-3.33699253301202,-2.71378279769379,-2.49112702967843,28753.1735747126,23879.1904551282,12,1999,7,1997,7,1997,10279.8033333333,6837.80397435898,18677.6133333333,0,0
"70",1186,26,1503,1184,"255-3753_GATTGGCGAT-CTGTCTCATT_L003_",292882,0.0686242076528811,"LIMS26076p2",6.4935,"283-789_221014_L001_",197832,0.0429912989735306,"LIMS26629p3",3.62962,"85-2568_221007_L004_",170608,0.0379640921852375,"LIMS26629p2raw",5.98237,0.0256329086793505,0.0306601154676435,0.068416113,0.075622594,0.083187401,21,1996.55191256831,1996,21,1996.53825136612,1996,1999,1999.01095890411,2.47270753798944,2.45904633580358,197832,0.0429912989735306,"LIMS26629p3",3.62962,1186,"2438","BrF","3",0,142.466666666667,61.9,140.925,140.925,108.8,108.8,0.459662880972578,"0",0.080282824,0.092771826,0.095859148,1999,1,1996,7,1996,7,150.666666666667,115.133333333333,115.133333333333,256552,0.100026902722689,148222,0.0531998862978691,133690,0.0492297784936869,0.0468270164248198,0.050797124229002,3,0,0.425834504,0.406028504,0.504694681,0.182867338,0.182557583,0.179690973,0.219107773,0.173884439,0.344885772,0,"0",-2.30231610194849,-2.93369901989492,-3.01125658463944,235503,0.092095176360227,128013,0.0460664025973549,115839,0.0428598992545845,-2.38493271103134,-3.0776713886626,-3.14981863950913,26319.9271612903,26319.9271612903,7,2007,8,1999,7,1997,6837.80397435898,24429.6402062589,20641.8694783933,0,0
"71",1362,41,1750,1187,"389-4044_221111_L001_",186667,0.0420929137577768,"LIMS26629p4",3.62802,"416-2730_221014_L003_",259132,0.0580364158865072,"LIMS26076p5",3.25112,"257-3955_221014_L001_",183823,0.040324585813045,"LIMS26629p3",3.49372,-0.0159435021287303,0.00176832794473181,0.039825713,0.003020837,0.08087221,21,1996.87158469945,1996,25,1998.61643835616,1998,2002,2002.57260273973,3.95616438356183,5.70101804027263,259132,0.0580364158865072,"LIMS26076p5",3.25112,1362,"780","BrF","2",0,239.091666666667,80.2,145.408333333333,140.925,122.383333333333,108.8,0.272212600514114,"1",0.088239375,0.088353248,0.111996494,2002,7,1996,11,1998,8,180.377777777778,107.333333333333,114.622222222222,142367,0.052935775746504,222258,0.0829691789740685,138841,0.0505563033540532,-0.0300334032275646,0.00237947239245072,2,0,0.343266431,0.341339167,0.42548076,0.148588991,0.155661122,0.187378949,0.144713386,0.113246663,0.227050518,0,"0",-2.93867587859494,-2.48928607781027,-2.98466764585817,125029,0.0466334225170008,204228,0.0763915132987329,119556,0.0437168548730803,-3.06543777353602,-2.5718836714571,-3.13002155620564,26875.2549872123,25113.5275886525,1,2009,8,1998,7,2008,20692.7236301925,0,15649.8439857189,0,0
"72",1432,28,1545,1187,"76-824_221007_L004_",166449,0.03724674326951,"LIMS26629p2raw",2.95988,"54-714_221007_L004_",191024,0.0430450515711379,"LIMS26629p2raw",5.75637,"257-3955_221014_L001_",183823,0.040324585813045,"LIMS26629p3",3.49372,-0.00579830830162791,-0.00307784254353508,0.018678052,0.061704782,0.08087221,21,1996.87158469945,1996,25,1998.41643835616,1999,1999,1999.55616438356,1.13972602739727,2.68457968410826,191024,0.0430450515711379,"LIMS26629p2raw",5.75637,1432,"353","H","4",1,142.466666666667,61.9,142.466666666667,140.925,61.9,108.8,0.379943939736118,"1",0.097358228,0.070240431,0.111996494,1999,7,1996,11,1998,6,88.7888888888889,127.011111111111,114.622222222222,120000,0.0442265242700293,154358,0.0578064462167744,138841,0.0505563033540532,-0.0135799219467451,-0.00632977908402396,4,1,0.455409705,0.386292153,0.42548076,0.188542822,0.167649929,0.187378949,0.266477398,0.166716998,0.227050518,1,"1",-3.11843057327745,-2.85065498328062,-2.98466764585817,100041,0.0369584314940576,136600,0.0513861996921587,119556,0.0437168548730803,-3.29796147104051,-2.96838563104991,-3.13002155620564,25758.4148484848,13244.8956593407,11,1999,1,1999,7,2008,20692.7236301925,16456.7569642857,9423.018,0,0
"73",1705,37,3486,1187,"166-6092_221007_L003_",359125,0.0802355971935909,"LIMS26757p1raw",3.28531,"63-668_221007_L002_",243282,0.0549955918315278,"LIMS26757p1raw",3.44483,"257-3955_221014_L001_",183823,0.040324585813045,"LIMS26629p3",3.49372,0.0252400053620631,0.0399110113805459,0.000940556,0.040997376,0.08087221,21,1996.87158469945,1996,41,2002.59452054795,2002,2005,2005.44383561644,2.84931506849307,8.57225091698479,243282,0.0549955918315278,"LIMS26757p1raw",3.44483,1705,"646","H","5",1,155.858333333333,180.85,239.091666666667,140.925,80.2,108.8,0.269803502955345,"1",0.082426117,0.095498792,0.111996494,2005,6,1996,11,2002,8,153.4,176.522222222222,114.622222222222,329487,0.122527448899051,203309,0.0766086840327037,138841,0.0505563033540532,0.045918764866347,0.0719711455449975,5,1,0.400826817,0.413284839,0.42548076,0.188946053,0.167613272,0.187378949,0.177356812,0.215687636,0.227050518,3,"1",-2.09942020145257,-2.56904484008817,-2.98466764585817,312444,0.116307382397463,184156,0.0695549118768392,119556,0.0437168548730803,-2.15151874427982,-2.66563873942793,-3.13002155620564,23385.3900336072,16989.4212941176,9,2014,9,2005,7,2008,20692.7236301925,16222.862311522,13063.6682882883,0,0
"74",1740,37,3594,1187,"401-3092_221111_L001_",197528,0.045105319153299,"LIMS26629p4",3.96657,"231-3862_221014_L001_",175424,0.0388324714755495,"LIMS26629p3",3.1837,"257-3955_221014_L001_",183823,0.040324585813045,"LIMS26629p3",3.49372,0.00627284767774945,0.00478073334025395,0.037031227,0.06332504,0.08087221,21,1996.87158469945,1996,40,2001.6904109589,2001,2005,2005.64109589041,3.95068493150688,8.76951119095747,175424,0.0388324714755495,"LIMS26629p3",3.1837,1740,"650","BrF","2",0,155.858333333333,180.85,178.875,140.925,110.716666666667,108.8,0.248088958895782,"0",0.058967887,0.117317404,0.111996494,2005,8,1996,11,2001,9,129.111111111111,170.922222222222,114.622222222222,147925,0.0558577809066916,132125,0.048442224522424,138841,0.0505563033540532,0.00741555638426766,0.00530147755263839,2,0,0.358567235,0.401712094,0.42548076,0.171379821,0.170686996,0.187378949,0.090789781,0.187417439,0.227050518,0,"0",-2.88494644523538,-3.02738343809768,-2.98466764585817,127946,0.0485108288709233,112435,0.0413502095204082,119556,0.0437168548730803,-3.02596823027187,-3.18567779052628,-3.13002155620564,23130.7989407008,22539.4016843972,7,2006,1,2008,7,2008,20692.7236301925,19091.7559569378,16634.024469697,0,0
"75",1740,75,4854,1187,"506-4049_221111_L002_",193224,0.0434828052332764,"LIMS26629p4",2.77727,"231-3862_221014_L001_",175424,0.0388324714755495,"LIMS26629p3",3.1837,"257-3955_221014_L001_",183823,0.040324585813045,"LIMS26629p3",3.49372,0.00465033375772689,0.0031582194202314,0.001271022,0.06332504,0.08087221,21,1996.87158469945,1996,40,2001.6904109589,2001,2006,2006.33424657534,4.64383561643831,9.4626618758889,175424,0.0388324714755495,"LIMS26629p3",3.1837,1740,"3764","BrF","4",1,191.041666666667,126.016666666667,178.875,140.925,110.716666666667,108.8,0.31589351249568,"1",0.087741981,0.117317404,0.111996494,2006,5,1996,11,2001,9,172.944444444444,170.922222222222,114.622222222222,151216,0.0563909079932001,132125,0.048442224522424,138841,0.0505563033540532,0.0079486834707761,0.00583460463914683,4,1,0.411512453,0.401712094,0.42548076,0.175844694,0.170686996,0.187378949,0.23149248,0.187417439,0.227050518,2,"1",-2.8754473392675,-3.02738343809768,-2.98466764585817,133095,0.0497628567036446,112435,0.0413502095204082,119556,0.0437168548730803,-3.00048642255992,-3.18567779052628,-3.13002155620564,22978.6273333333,22358.3579761905,1,2009,1,2008,7,2008,20692.7236301925,19091.7559569378,13289.4903030303,0,0
"76",1244,41,1753,1188,"326-1143_230106_L002_",177220,0.0409263997272322,"LIMS26757",2.90879,"169-SW008-3890_AGAACCTACA-AGTGTACGGT_L002_",180392,0.0416872994825188,"LIMS26629p1renamed",4.1009,"186-1144_221007_L003_",194526,0.0428321288203812,"LIMS26757p1raw",4.46609,-0.000760899755286572,-0.00190572909314899,0.026787588,0.089472589,0.070615283,21,1996.87978142077,1996,22,1997.33150684932,1997,2002,2002.05753424658,4.7260273972604,5.17775282581033,180392,0.0416872994825188,"LIMS26629p1renamed",4.1009,1244,"815","BrF","3",0,239.091666666667,80.2,284.2,140.925,232.083333333333,108.8,0.367456027996865,"0",0.08901239,0.114663127,0.095531327,2002,1,1996,11,1997,5,227.644444444444,223.033333333333,114.622222222222,142910,0.0549875797429517,135284,0.0514799724094926,156954,0.0573808078296446,0.00350760733345905,-0.00239322808669298,3,0,0.420987478,0.391763272,0.418702805,0.176250675,0.183230246,0.170111475,0.183607818,0.216285152,0.200726829,1,"0",-2.90064794210691,-2.9665624322005,-2.8580453899354,125274,0.0484212961943641,114703,0.0438267415782286,139461,0.0511063233984031,-3.02781555801714,-3.12751110958671,-2.97384704386271,27760.4509267793,30220.9921867168,9,2002,1,2008,9,2002,27717.1440523139,21815.4118435078,60268.6802777778,0,0
"77",1437,41,1796,1196,"136-148_221007_L003_",347039,0.0777631811522978,"LIMS26757p1raw",4.31941,"185-SW008-481_CAACAGGTAG-GACGATAGTG_L002_",160383,0.0366085432071419,"LIMS26629p1renamed",6.93084,"419-4000_221111_L001_",140394,0.0314337738355378,"LIMS26629p4",4.53155,0.0411546379451559,0.0463294073167601,0.005021891,0.107106546,0.053762037,21,1996.55737704918,1996,25,1998.85205479452,1998,2002,2002.5698630137,3.71780821917787,6.01248596451819,160383,0.0366085432071419,"LIMS26629p1renamed",6.93084,1437,"822","BrF","2",0,239.091666666667,80.2,145.408333333333,140.925,122.383333333333,108.8,0.34202895094592,"1",0.071043716,0.121357506,0.07513643,2002,7,1996,7,1998,11,180.377777777778,146.044444444444,115.133333333333,320355,0.119798307553206,116519,0.043736420767289,104332,0.0382179221651163,0.0760618867859167,0.0815803853880894,2,0,0.354309476,0.412405061,0.375842041,0.146669059,0.161893799,0.15242244,0.155958047,0.204486047,0.190045776,0,"0",-2.12194572066931,-3.12957409681909,-3.26445070676778,305185,0.114316377775322,97546,0.036820321635655,88778,0.0325389771208637,-2.16878543082295,-3.30170536786351,-3.42531661220088,26365.5067579909,25952.1158888889,7,2003,6,2005,1,2009,20654.2249262693,21969.7404414557,17228.0156410256,0,0
"78",1697,37,3599,1196,"403-678_221111_L001_",160480,0.0359344042170321,"LIMS26629p4",3.77574,"327-1126_230106_L002_",201428,0.0469066900901426,"LIMS26757",3.82254,"419-4000_221111_L001_",140394,0.0314337738355378,"LIMS26629p4",4.53155,-0.0109722858731105,0.00450063038149438,0.033945223,0.050266294,0.053762037,21,1996.55737704918,1996,40,2002.03835616438,2002,2005,2005.64657534247,3.60821917808221,9.08919829328534,201428,0.0469066900901426,"LIMS26757",3.82254,1697,"714","BrF","3",0,155.858333333333,180.85,239.091666666667,140.925,80.2,108.8,0.292127694551895,"1",0.081527184,0.073600285,0.07513643,2005,8,1996,7,2002,1,129.111111111111,227.644444444444,115.133333333333,123715,0.0457597816660041,163155,0.0631738979485267,104332,0.0382179221651163,-0.0174141162825226,0.00754185950088778,3,0,0.329672029,0.355842673,0.375842041,0.146880755,0.154528408,0.15242244,0.1115146,0.128774743,0.190045776,0,"0",-3.08434970320685,-2.76186407028383,-3.26445070676778,106306,0.0393885888696012,144119,0.0560688481813918,88778,0.0325389771208637,-3.23427912722593,-2.88117491156885,-3.42531661220088,22960.3694820684,22872.4981818182,9,2005,9,2002,1,2009,20654.2249262693,60268.6802777778,6083.045,0,0
"79",2963,75,4912,1196,"267-3874_221014_L001_",171704,0.0375457266288544,"LIMS26629p3",4.746,"376-4311_221014_L002_",124433,0.0258792080046777,"LIMS26629p3",3.88925,"419-4000_221111_L001_",140394,0.0314337738355378,"LIMS26629p4",4.53155,0.0116665186241767,0.00611195279331664,0.104187699,0.057663485,0.053762037,21,1996.55737704918,1996,31,2004.06830601093,2003,2006,2006.66575342466,2.59744741372856,10.1083763754773,124433,0.0258792080046777,"LIMS26629p3",3.88925,2963,"3825","H","5",1,191.041666666667,126.016666666667,173.566666666667,140.925,183.266666666667,108.8,0.353625970974031,"0",0.129695108,0.10728819,0.07513643,2006,9,1996,7,2004,1,205.444444444444,148.244444444444,115.133333333333,130779,0.0471678784347318,88187,0.0300808654130946,104332,0.0382179221651163,0.0170870130216372,0.00894995626961548,5,1,0.41234366,0.419490023,0.375842041,0.177851687,0.190350949,0.15242244,0.204837042,0.240541362,0.190045776,2,"1",-3.05404215970124,-3.50386600993222,-3.26445070676778,112045,0.0405087844259026,74409,0.0254159193995742,88778,0.0325389771208637,-3.20623642898392,-3.67237955326743,-3.42531661220088,22356.5755191257,16789.8493371212,1,2008,7,2009,1,2009,20654.2249262693,14820.5340569878,10790.8013970588,0,0
"80",2963,75,4915,1196,"224-3814_221014_L001_",205740,0.0453429233402537,"LIMS26629p3",3.76365,"376-4311_221014_L002_",124433,0.0258792080046777,"LIMS26629p3",3.88925,"419-4000_221111_L001_",140394,0.0314337738355378,"LIMS26629p4",4.53155,0.0194637153355761,0.013909149504716,0.06165786,0.057663485,0.053762037,21,1996.55737704918,1996,31,2004.06830601093,2003,2006,2006.66575342466,2.59744741372856,10.1083763754773,124433,0.0258792080046777,"LIMS26629p3",3.88925,2963,"3825","H","5",1,191.041666666667,126.016666666667,173.566666666667,140.925,183.266666666667,108.8,0.327134225058554,"1",0.100055954,0.10728819,0.07513643,2006,9,1996,7,2004,1,205.444444444444,148.244444444444,115.133333333333,159981,0.0582762873344583,88187,0.0300808654130946,104332,0.0382179221651163,0.0281954219213636,0.0200583651693419,5,1,0.398428506,0.419490023,0.375842041,0.186161923,0.190350949,0.15242244,0.196748584,0.240541362,0.190045776,2,"1",-2.84256000362292,-3.50386600993222,-3.26445070676778,138647,0.050643743503285,74409,0.0254159193995742,88778,0.0325389771208637,-2.98293958003791,-3.67237955326743,-3.42531661220088,22356.5755191257,16789.8493371212,8,2007,7,2009,1,2009,20654.2249262693,14820.5340569878,14113.2699242424,0,0
"81",1022,28,1542,1199,"512_ACAGAAGGTT-TGGAGATATC_L001_",141869,0.0322189866200213,"LIMS26076p4",7.83408,"52-840_221007_L004_",151060,0.0337210992669228,"LIMS26629p2raw",5.24048,"219-2911_221014_L001_",186538,0.0405497942957812,"LIMS26629p3",4.11581,-0.00150211264690144,-0.00833080767575987,0.100376245,0.070739643,0.07374271,21,1996.53551912568,1996,19,1995.83835616438,1995,1999,1999.72602739726,3.88767123287653,3.19050827157707,151060,0.0337210992669228,"LIMS26629p2raw",5.24048,1022,"416","BrF","3",0,142.466666666667,61.9,158.033333333333,140.925,106.483333333333,108.8,0.432758716291929,"1",0.115869803,0.08553331,0.094625805,1999,9,1996,7,1995,11,110.455555555556,198.633333333333,115.133333333333,103893,0.0388974436853738,108050,0.0397891322027225,140131,0.0501850737322242,-0.0008916885173487,-0.0112876300468504,3,0,0.412942092,0.374854124,0.366325776,0.173353823,0.168852292,0.164209631,0.202295767,0.175790624,0.182270738,0,"0",-3.24682674554602,-3.22416146421258,-2.99203763250904,85575,0.032170893926987,90061,0.0332561794069391,121623,0.043614434061054,-3.43669315052053,-3.40351468232242,-3.13236712696805,23845.1150202429,22049.5957539315,11,1999,11,1999,11,2005,22591.2600063211,21884.2153401361,17118.8133333333,0,0
"82",1536,75,4870,1199,"332-3125_221014_L002_",178875,0.0384035394198584,"LIMS26629p3",3.24507,"65-821_221007_L004_",184536,0.0410933669121346,"LIMS26629p2raw",4.479,"219-2911_221014_L001_",186538,0.0405497942957812,"LIMS26629p3",4.11581,-0.00268982749227623,-0.00214625487592279,0.055732648,0.073924439,0.07374271,21,1996.53551912568,1996,28,1999.68767123288,1999,2006,2006.24109589041,6.55342465753415,9.70557676472777,184536,0.0410933669121346,"LIMS26629p2raw",4.479,1536,"3786","BrF","3",1,191.041666666667,126.016666666667,142.466666666667,140.925,61.9,108.8,0.301600905822317,"0",0.107174935,0.097259799,0.094625805,2006,3,1996,7,1999,9,124.522222222222,110.455555555556,115.133333333333,136757,0.0485447094849231,146715,0.0541201645426025,140131,0.0501850737322242,-0.00557545505767941,-0.00164036424730108,3,1,0.383593251,0.405079993,0.366325776,0.169399404,0.181690635,0.164209631,0.182107613,0.205160544,0.182270738,3,"1",-3.02527006062694,-2.91654843535523,-2.99203763250904,118737,0.0422062884157756,127886,0.0473099656224489,121623,0.043614434061054,-3.1651860544499,-3.05103431598384,-3.13236712696805,22953.4536752137,22546.3861992859,7,2006,9,1999,11,2005,22591.2600063211,0,6994.317,0,0
"83",1851,37,3648,1199,"459-2912_221111_L001_",157318,0.0346434364363551,"LIMS26629p4",5.23957,"25-2913_221007_L002_",269700,0.060593160473622,"LIMS26757p1raw",3.85337,"219-2911_221014_L001_",186538,0.0405497942957812,"LIMS26629p3",4.11581,-0.0259497240372669,-0.00590635785942611,0.101431978,0.054158487,0.07374271,21,1996.53551912568,1996,41,2003.00273972603,2002,2005,2005.74520547945,2.74246575342477,9.20968635376903,269700,0.060593160473622,"LIMS26757p1raw",3.85337,1851,"723","BrF","2",0,155.858333333333,180.85,239.091666666667,140.925,80.2,108.8,0.363117024949198,"0",0.123282835,0.095150586,0.094625805,2005,9,1996,7,2003,1,169.144444444444,257.344444444444,115.133333333333,119204,0.0430550572120264,221314,0.0820220002977346,140131,0.0501850737322242,-0.0389669430857081,-0.00713001652019777,2,0,0.41421777,0.378432803,0.366325776,0.175989491,0.184218163,0.164209631,0.217689131,0.161244046,0.182270738,0,"0",-3.14527558202229,-2.50076777138907,-2.99203763250904,102051,0.0369093166701564,202150,0.0749907632865347,121623,0.043614434061054,-3.29929127551837,-2.59039032920971,-3.13236712696805,22751.6657002457,13184.0021780303,11,2005,11,2005,11,2005,22591.2600063211,13150.9199663866,5253.31,0,0
"84",1503,30,1864,1209,"71-11998DH0071L01_4220_ACTCGTGTAT-GTTCCAATGT_L001_",186733,0.0424281677944511,"LIMS24675",7.66974,"255-3753_GATTGGCGAT-CTGTCTCATT_L003_",292882,0.0686242076528811,"LIMS26076p2",6.4935,"22-1029_221007_L004_",123851,0.0272877709335078,"LIMS26629p2raw",4.4009,-0.02619603985843,0.0151403968609432,0.100615434,0.068416113,0.067545041,22,1997.5397260274,1997,26,1999.01095890411,1999,2003,2003.5698630137,4.55890410958887,6.03013698630116,292882,0.0686242076528811,"LIMS26076p2",6.4935,1503,"467","BrF","2",0,173.566666666667,183.266666666667,142.466666666667,284.2,61.9,232.083333333333,0.506429833374359,"0",0.124685134,0.080282824,0.099967821,2003,7,1997,7,1999,1,150.388888888889,150.666666666667,312.122222222222,149797,0.0560041264638899,256552,0.100026902722689,86131,0.0310553599717103,-0.044022776258799,0.0249487664921797,2,0,0.410436558,0.425834504,0.422895496,0.173651664,0.182867338,0.194198144,0.214196596,0.219107773,0.247056301,0,"0",-2.88232990410655,-2.30231610194849,-3.47198386161283,131355,0.0491236644472971,235503,0.092095176360227,71731,0.0259517652442162,-3.01341439598575,-2.38493271103134,-3.65151564685853,27532.3564840183,24858.0828754209,2,2012,7,2007,7,2002,29951.7696775956,20641.8694783933,12588.2127025765,0,0
"85",670,23,1296,1211,"461-2635_221014_L003_",250014,0.0556755795118878,"LIMS26076p5",5.22613,"378-2020_TAAGGCGATC-GTTAGCACAA_L003_",238598,0.0530189159811864,"LIMS26076p6",6.92424,"442-2581_221014_L003_",237411,0.0524289112526092,"LIMS26076p5",5.65827,0.00265666353070135,0.00324666825927852,0.045074138,0.056417866,0.052293907,21,1996.56010928962,1996,16,1993.55616438356,1993,1998,1997.87123287671,4.31506849315065,1.31112358709493,238598,0.0530189159811864,"LIMS26076p6",6.92424,670,"166","BrF","3",0,145.408333333333,122.383333333333,127.225,140.925,47.8,108.8,0.415266496259903,"1",0.060611727,0.068254357,0.067708778,1997,11,1996,7,1993,7,357.1,81.3,115.133333333333,203783,0.0751727093013611,198388,0.0730514883837584,188850,0.0694777235841202,0.00212122091760271,0.00569498571724089,3,0,0.378057981,0.313366812,0.36532228,0.155424682,0.120459009,0.158279378,0.187035286,0.116098609,0.155881067,0,"0",-2.58796702212005,-2.61659076612977,-2.66674910175967,181894,0.067301534875668,178344,0.0658597102321616,167809,0.0620137641407212,-2.698572236118,-2.72022840179821,-2.78039891630621,35029.9409558824,17661.2752177068,3,1998,7,1994,7,1997,6837.80397435898,10042.2016666667,11692.558,0,0
"86",826,28,1521,1213,"249-779_AGCCTCTGCT-TTCGCCTTAG_L003_",290275,0.0668785669810781,"LIMS26757p2",3.56822,"526_GAATGTCCAA-GAATACCGTA_L001_",239142,0.0543918497374149,"LIMS26076p4",6.17168,"520_CAGCCTTGAG-TGAGTAGCAT_L001_",129993,0.029360410392569,"LIMS26076p4",9.07548,0.0124867172436631,0.037518156588509,0.002133773,0.058068366,0.083359049,22,1997.56712328767,1997,17,1994.39726027397,1994,1999,1999.63835616438,5.24109589041109,2.07123287671243,239142,0.0543918497374149,"LIMS26076p4",6.17168,826,"380","BrF","4",2,142.466666666667,61.9,168.558333333333,284.2,149.516666666667,232.083333333333,0.325968941627664,"1",0.077284356,0.069477095,0.099335139,1999,8,1997,7,1994,5,107.522222222222,174.444444444444,312.122222222222,249247,0.0951092954898086,181549,0.0685119932020049,98456,0.0365527133561292,0.0265973022878037,0.0585565821336794,4,2,0.421683969,0.387346053,0.377840786,0.16403001,0.16576024,0.170010667,0.200931195,0.182188259,0.17291485,1,"1",-2.35272856983513,-2.68074646579829,-3.30899985871197,228596,0.0873667488716791,158847,0.0601981346921198,80657,0.0300623075977445,-2.43764051640169,-2.81011391232815,-3.50448313121167,31750.5700461538,17731.8318154762,8,1999,5,1995,7,1998,39801.8842307692,4829.22923076923,0,0,0
"87",826,41,1668,1213,"98-1015_221007_L003_",219721,0.0488066218134198,"LIMS26757p1raw",3.14026,"526_GAATGTCCAA-GAATACCGTA_L001_",239142,0.0543918497374149,"LIMS26076p4",6.17168,"520_CAGCCTTGAG-TGAGTAGCAT_L001_",129993,0.029360410392569,"LIMS26076p4",9.07548,-0.00558522792399516,0.0194462114208507,0.013134259,0.058068366,0.083359049,22,1997.56712328767,1997,17,1994.39726027397,1994,2002,2002.31232876712,7.91506849315078,4.74520547945212,239142,0.0543918497374149,"LIMS26076p4",6.17168,826,"803","BrF","2",0,239.091666666667,80.2,168.558333333333,284.2,149.516666666667,232.083333333333,0.321231033876217,"1",0.109001424,0.069477095,0.099335139,2002,4,1997,7,1994,5,210.788888888889,174.444444444444,312.122222222222,188377,0.0695215016996401,181549,0.0685119932020049,98456,0.0365527133561292,0.00100950849763511,0.0329687883435109,2,0,0.458653886,0.387346053,0.377840786,0.180909832,0.16576024,0.170010667,0.271208954,0.182188259,0.17291485,0,"0",-2.66611919728534,-2.68074646579829,-3.30899985871197,170149,0.0629251224149488,158847,0.0601981346921198,80657,0.0300623075977445,-2.76580979255226,-2.81011391232815,-3.50448313121167,30284.5547247429,21625.0485515351,7,2002,5,1995,7,1998,39801.8842307692,4829.22923076923,2952.6425,0,0
"88",1669,30,1874,1213,"311-255_221014_L002_",159733,0.0338889480626088,"LIMS26629p3",3.19956,"266-4330_221014_L001_",200289,0.0431657204433742,"LIMS26629p3",4.36279,"520_CAGCCTTGAG-TGAGTAGCAT_L001_",129993,0.029360410392569,"LIMS26076p4",9.07548,-0.00927677238076541,0.00452853767003971,0.049398155,0.072328192,0.083359049,22,1997.56712328767,1997,40,2001.55890410959,2001,2003,2003.59452054795,2.0356164383561,6.02739726027403,200289,0.0431657204433742,"LIMS26629p3",4.36279,1669,"495","BrF","2",0,173.566666666667,183.266666666667,178.875,284.2,110.716666666667,232.083333333333,0.443872364574502,"1",0.112589537,0.093030253,0.099335139,2003,8,1997,7,2001,7,172.311111111111,103.377777777778,312.122222222222,118632,0.041688893469029,150575,0.0535542962766829,98456,0.0365527133561292,-0.0118654028076539,0.00513618011289979,2,0,0.445211613,0.416377808,0.377840786,0.186244402,0.177426461,0.170010667,0.242173533,0.225303792,0.17291485,0,"0",-3.17752052932152,-2.92705925605012,-3.30899985871197,101948,0.0358798054441406,131107,0.0467626826649392,80657,0.0300623075977445,-3.32758066421035,-3.06266977308852,-3.50448313121167,27425.4576249537,28965.8471384615,12,2003,7,2009,7,1998,39801.8842307692,18616.7646907216,20669.228,0,0
"89",1195,39,1598,1279,"51-188_221007_L002_",165084,0.0363705816104101,"LIMS26757p1raw",2.86094,"117-SW008-2575_AGGTATTCGG-AGATGTGCGC_L002_",246803,0.0572775451190322,"LIMS26629p1renamed",2.84796,"264-2651_ATCTAACCTG-CCTGTGGTTC_L003_",237786,0.0552625457762309,"LIMS26076p2",6.51331,-0.0209069635086221,-0.0188919641658208,0.03062012,0.003641465,0.062784343,22,1997.18630136986,1996,21,1996.89890710383,1996,2000,2000.28415300546,3.38524590163934,3.0978516356015,246803,0.0572775451190322,"LIMS26629p1renamed",2.84796,1195,"3092","BrF","3",0,155.508333333333,146.583333333333,140.925,140.925,108.8,108.8,0.291165079778486,"0",0.12314693,0.114014486,0.077522808,2000,4,1997,3,1996,11,164.511111111111,114.622222222222,147.188888888889,132712,0.0481431519633745,196127,0.0757970125384467,195675,0.0758966351679445,-0.0276538605750722,-0.02775348320457,3,0,0.37719195,0.437582289,0.354143602,0.163135569,0.182892998,0.143303908,0.177711473,0.258295464,0.128464988,0,"0",-3.03357637383553,-2.57969639953205,-2.57838292800141,116103,0.0421425045170906,174106,0.0675167383284725,175073,0.0681433968043457,-3.16669843912371,-2.6953797366078,-2.68614101761984,25504.2692816501,23750.0815795587,8,2003,7,1997,3,1998,28633.7342307692,5811.12861111111,26810.572402439,0,0
"90",912,41,1705,1348,"63-668_221007_L002_",243282,0.0549955918315278,"LIMS26757p1raw",3.44483,"171-SW008-669_CTCAGAATTC-ACAGAGACCG_L002_",153001,0.0348095568350164,"LIMS26629p1renamed",6.47971,"44-2668_221007_L004_",182253,0.0407253484796876,"LIMS26629p2raw",5.03147,0.0201860349965115,0.0142702433518402,0.040997376,0.071459045,0.075658884,25,1998.5397260274,1998,17,1994.38630136986,1994,2002,2002.59452054795,8.20821917808212,4.05479452054783,153001,0.0348095568350164,"LIMS26629p1renamed",6.47971,912,"776","BrF","2",0,239.091666666667,80.2,168.558333333333,145.408333333333,149.516666666667,122.383333333333,0.324832107074626,"0",0.095498792,0.084034745,0.096958645,2002,8,1998,7,1994,5,176.522222222222,174.444444444444,121.411111111111,203309,0.0766086840327037,110472,0.0412596809841281,139335,0.051705174171703,0.0353490030485756,0.0249035098610007,2,0,0.413284839,0.358128262,0.483028317,0.167613272,0.159322281,0.186084942,0.215687636,0.149532919,0.293481082,0,"0",-2.56904484008817,-3.18786950321264,-2.96219742178491,184156,0.0695549118768392,91427,0.0342688984829994,120340,0.0448186606271746,-2.66563873942793,-3.37351708592327,-3.10513069442993,24765.8367714286,21515.2384606061,9,2005,9,2005,7,1998,0,20001.5181268785,16222.862311522,0,0
"91",522,28,1426,1360,"534_GCATACTCTA-TAGCGAGATA_L001_",148212,0.0336339590975211,"LIMS26076p4",8.4096,"32-2637_221007_L004_",159701,0.0356671111912585,"LIMS26629p2raw",3.36168,"451-2724_221111_L001_",166051,0.036376910512771,"LIMS26629p4",4.263,-0.0020331520937374,-0.00274295141524993,0.109867765,0.017148429,0.060155365,22,1997.65205479452,1997,16,1993.53698630137,1993,1999,1999.2301369863,5.69315068493165,1.57808219178082,159701,0.0356671111912585,"LIMS26629p2raw",3.36168,522,"405","BrF","2",0,142.466666666667,61.9,127.225,284.2,47.8,232.083333333333,0.361999393202702,"1",0.134904822,0.065720026,0.099946097,1999,3,1997,8,1993,7,140.333333333333,81.3,330.822222222222,112421,0.042010834144245,118975,0.0440198833779534,123059,0.0445722036749713,-0.00200904923370847,-0.00256136953072638,2,0,0.427548238,0.344331329,0.427012124,0.168276771,0.135839543,0.179320733,0.228021939,0.143050972,0.236070074,0,"0",-3.16982773814829,-3.12311385218416,-3.11064485023559,96438,0.0361990854021269,100155,0.0372135915270728,106378,0.0385511044469971,-3.3187214256042,-3.29108122080109,-3.25577052965564,32568.1531315789,17203.9533802217,4,1999,3,1998,8,1998,38408.9757692308,17575.8127694236,66.125,0,0
"92",522,40,1759,1360,"130-5_221007_L003_",224493,0.0496272145000963,"LIMS26757p1raw",2.77867,"32-2637_221007_L004_",159701,0.0356671111912585,"LIMS26629p2raw",3.36168,"451-2724_221111_L001_",166051,0.036376910512771,"LIMS26629p4",4.263,0.0139601033088379,0.0132503039873253,0.009640258,0.017148429,0.060155365,22,1997.65205479452,1997,16,1993.53698630137,1993,2001,2001.73150684932,8.19452054794533,4.0794520547945,159701,0.0356671111912585,"LIMS26629p2raw",3.36168,522,"3200","BrF","2",0,178.875,110.716666666667,127.225,284.2,47.8,232.083333333333,0.309177963483185,"1",0.08590077,0.065720026,0.099946097,2001,9,1997,8,1993,7,170.922222222222,81.3,330.822222222222,190301,0.0699764415789243,118975,0.0440198833779534,123059,0.0445722036749713,0.0259565582009709,0.025404237903953,2,0,0.388699628,0.344331329,0.427012124,0.155022367,0.135839543,0.179320733,0.173856029,0.143050972,0.236070074,0,"0",-2.65959664245057,-3.12311385218416,-3.11064485023559,172445,0.0634526561911847,100155,0.0372135915270728,106378,0.0385511044469971,-2.75746122295273,-3.29108122080109,-3.25577052965564,27134.8338326531,18182.6417254174,9,2002,3,1998,8,1998,38408.9757692308,17575.8127694236,47347.5980769231,0,0
"93",3090,37,3574,1381,"121-5916_221007_L003_",300492,0.0669325890106712,"LIMS26757p1raw",3.18891,"262-444_CAACCATGAT-ATAAGGTGAC_L003_",316128,0.0745344347022533,"LIMS26076p2",5.48615,"230-271_221014_L001_",190177,0.0411401784285833,"LIMS26629p3",3.01148,-0.00760184569158208,0.0257924105820879,0.003912831,0.056349134,0.010090136,22,1997.59178082192,1997,34,2004.34699453552,2004,2005,2005.62465753425,1.27766299872746,8.03287671232874,316128,0.0745344347022533,"LIMS26076p2",5.48615,3090,"722","BrF","2",0,155.858333333333,180.85,177.791666666667,284.2,77.4833333333333,232.083333333333,0.301356326306896,"0",0.104088231,0.070751931,0.07891234,2005,8,1997,8,2004,5,129.111111111111,134.277777777778,330.822222222222,267761,0.0993803606550273,266007,0.104334927724603,145079,0.0520174556185836,-0.00495456706957517,0.0473629050364437,2,0,0.41715128,0.360582476,0.381080385,0.162446409,0.139436551,0.146376716,0.216963314,0.142391139,0.186945475,0,"0",-2.30880076376416,-2.2601490955214,-2.95617593175754,249905,0.0929258150109464,244816,0.0962948939805374,126127,0.0453496340906671,-2.37595379220563,-2.34033998359273,-3.09335317101656,24651.9765120275,20816.929625,6,2014,1,2005,12,2003,26947.0558578264,27814.0594444444,12897.1665949568,0,0
"94",1043,37,3691,1412,"305-2937_221014_L002_",207119,0.0440570601043421,"LIMS26629p3",3.42804,"11-1079_221007_L004_",169035,0.0381143710828547,"LIMS26629p2raw",3.90981,"9-11998DH0009L01_3101_AGTTCAGGAT-TCTGTTGGGT_L001_",181801,0.0417906293983884,"LIMS24675",3.84788,0.00594268902148741,0.00226643070595373,0.059673136,0.045702171,0.02341144,25,1998.47123287671,1998,19,1995.53698630137,1995,2005,2005.59726027397,10.0602739726028,7.12602739726026,169035,0.0381143710828547,"LIMS26629p2raw",3.90981,1043,"3008","BrF","3",0,155.858333333333,180.85,158.033333333333,145.408333333333,106.483333333333,122.383333333333,0.340272621238129,"0",0.094007743,0.065719615,0.061501805,2005,8,1998,6,1995,7,129.111111111111,125.733333333333,127.011111111111,161390,0.0570770095190977,123444,0.0459145034420814,139997,0.0524119901907512,0.0111625060770163,0.00466501932834653,3,0,0.391289475,0.335380505,0.334300027,0.147051212,0.141461873,0.150096527,0.171512704,0.118842417,0.055153827,0,"0",-2.8633538787919,-3.08097423269621,-2.94861989339636,143868,0.0509931130878061,104531,0.0390124563187784,121180,0.0452077760117814,-2.97606469287019,-3.24387429105832,-3.09648617128151,21330.865340818,21890.5446172605,12,2005,8,2002,8,2008,18907.7552219112,24266.2541121751,4083.523,0,0
"95",1043,41,1716,1412,"14-2917_221007_L002_",290126,0.0659140664551702,"LIMS26757p1raw",3.94112,"11-1079_221007_L004_",169035,0.0381143710828547,"LIMS26629p2raw",3.90981,"9-11998DH0009L01_3101_AGTTCAGGAT-TCTGTTGGGT_L001_",181801,0.0417906293983884,"LIMS24675",3.84788,0.0277996953723155,0.0241234370567818,0.050699768,0.045702171,0.02341144,25,1998.47123287671,1998,19,1995.53698630137,1995,2002,2002.54794520548,7.01095890410966,4.07671232876714,169035,0.0381143710828547,"LIMS26629p2raw",3.90981,1043,"852","BrF","3",1,239.091666666667,80.2,158.033333333333,145.408333333333,106.483333333333,122.383333333333,0.321787962809698,"0",0.077572023,0.065719615,0.061501805,2002,7,1998,6,1995,7,180.377777777778,125.733333333333,127.011111111111,248142,0.0934337615094826,123444,0.0459145034420814,139997,0.0524119901907512,0.0475192580674012,0.0410217713187314,3,1,0.360497248,0.335380505,0.334300027,0.133875622,0.141461873,0.150096527,0.152709284,0.118842417,0.055153827,0,"1",-2.37050252679843,-3.08097423269621,-2.94861989339636,230098,0.0867877755805986,104531,0.0390124563187784,121180,0.0452077760117814,-2.44428950155882,-3.24387429105832,-3.09648617128151,24699.8747918367,24329.0765770308,11,2005,8,2002,8,2008,18907.7552219112,24266.2541121751,16379.8036097561,0,0
"96",1190,30,1829,1489,"363-198_230106_L002_",171997,0.0399633178432089,"LIMS26757",3.39676,"223-2550_GATAGACAAC-GTGTTCACGT_L003_",280277,0.0655732038343012,"LIMS26076p2",5.66517,"106-SW008-754_CGTCTAGTAA-TTAATCCAGC_L002_",195025,0.044976899071076,"LIMS26629p1renamed",9.67137,-0.0256098859910924,-0.00501358122786708,0.015879533,0.050027563,0.103056818,28,1999.57534246575,1999,21,1996.53278688525,1996,2003,2003.62739726027,7.09461037502797,4.05205479452047,280277,0.0655732038343012,"LIMS26076p2",5.66517,1190,"528","BrF","2",0,173.566666666667,183.266666666667,140.925,142.466666666667,108.8,61.9,0.359107835519992,"1",0.077107267,0.066363725,0.114090676,2003,8,1999,7,1996,7,172.311111111111,115.133333333333,88.7888888888889,137566,0.0532538276811535,231440,0.0898702699498481,150359,0.0574765294994384,-0.0366164422686946,-0.00422270181828482,2,0,0.370690758,0.35097915,0.377915018,0.150369625,0.139211108,0.158949292,0.144581419,0.160002276,0.181146272,0,"0",-2.93268559563973,-2.40938809353481,-2.8563785971265,120879,0.046989167436606,211128,0.0822248715858364,130951,0.0502555842662015,-3.05783818390891,-2.49829744864936,-2.99063360854175,24906.1621428571,24820.2483406293,8,2003,7,1997,8,1999,1285.245,6837.80397435898,0,0,0
"97",3022,37,3577,1489,"330-643_221014_L002_",146056,0.0308619658467923,"LIMS26629p3",3.19228,"565-4757_221118_L002_",260425,0.0601255878388482,"LIMS26757p3",4.43383,"106-SW008-754_CGTCTAGTAA-TTAATCCAGC_L002_",195025,0.044976899071076,"LIMS26629p1renamed",9.67137,-0.0292636219920559,-0.0141149332242836,0.032353558,0.050018674,0.103056818,28,1999.57534246575,1999,31,2003.98630136986,2004,2005,2005.62739726027,1.64109589041095,6.05205479452047,260425,0.0601255878388482,"LIMS26757p3",4.43383,3022,"747","BrF","1",0,155.858333333333,180.85,177.791666666667,142.466666666667,77.4833333333333,61.9,0.366469566635846,"1",0.087938736,0.088961837,0.114090676,2005,8,1999,7,2003,12,129.111111111111,151.322222222222,88.7888888888889,108473,0.0378263140764229,225741,0.0866313828374437,150359,0.0574765294994384,-0.0488050687610208,-0.0196502154230154,1,0,0.411953258,0.421852593,0.377915018,0.172381485,0.156282465,0.158949292,0.229425002,0.200417074,0.181146272,0,"0",-3.27475027896146,-2.44609314063744,-2.8563785971265,92443,0.0322501014322074,208192,0.0801171100483872,130951,0.0502555842662015,-3.43423409056058,-2.52426583912479,-2.99063360854175,22099.917906331,17781.9901428571,8,2005,8,2011,8,1999,1285.245,13076.9022440393,0,0,0
"98",5217,104,5558,1494,"222-4647_AATGGACGCG-AAGTGCACCG_L003_",264496,0.0600437831559141,"LIMS26757p2",3.75206,"31-11998DH0125L01_4637_GAGATTCCAT-ACGTCCTGGT_L001_",186231,0.0418378551436044,"LIMS25133",9.53825,"85-4624_221007_L002_",270036,0.061060916395461,"LIMS26757p1raw",4.55183,0.0182059280123097,-0.00101713323954687,0.019137094,0.085471707,0.076666138,28,1999.56712328767,1999,87,2008.39617486339,2008,2010,2010.61643835616,2.22026349277621,11.0493150684931,186231,0.0418378551436044,"LIMS25133",9.53825,5217,"5051","H","3",1,120.45,120.15,131.291666666667,142.466666666667,97.9833333333333,61.9,0.373608649088089,"1",0.087066366,0.099599434,0.093190148,2010,8,1999,7,2008,5,118.622222222222,110.788888888889,88.7888888888889,222103,0.0841743555781437,150822,0.0558022479807245,226622,0.0851195119871917,0.0283721075974192,-0.000945156409048062,3,1,0.367529056,0.39203362,0.348392054,0.165095824,0.156622463,0.157385854,0.175680652,0.228401343,0.181977479,1,"1",-2.47486496970361,-2.88594112401343,-2.46369898663842,204001,0.0775186493252359,132926,0.0491974741484477,206728,0.077844869753424,-2.55723673511649,-3.01191299524792,-2.55303728199465,17806.7541673213,11197.3000396825,8,2010,8,2010,8,2010,17806.7541673213,11197.3000396825,0,0,0
"99",5217,104,5593,1494,"172-4714_221007_L003_",253583,0.0570594005197884,"LIMS26757p1raw",3.69095,"31-11998DH0125L01_4637_GAGATTCCAT-ACGTCCTGGT_L001_",186231,0.0418378551436044,"LIMS25133",9.53825,"85-4624_221007_L002_",270036,0.061060916395461,"LIMS26757p1raw",4.55183,0.015221545376184,-0.00400151587567263,0.046035112,0.085471707,0.076666138,28,1999.56712328767,1999,87,2008.39617486339,2008,2010,2010.85205479452,2.45587993113259,11.2849315068495,186231,0.0418378551436044,"LIMS25133",9.53825,5217,"5051","H","3",1,120.45,120.15,131.291666666667,142.466666666667,97.9833333333333,61.9,0.407523009375691,"0",0.088828608,0.099599434,0.093190148,2010,11,1999,7,2008,5,143.511111111111,110.788888888889,88.7888888888889,223398,0.0836563221814533,150822,0.0558022479807245,226622,0.0851195119871917,0.0278540742007288,-0.00146318980573838,3,1,0.412826621,0.39203362,0.348392054,0.169368245,0.156622463,0.157385854,0.231077335,0.228401343,0.181977479,1,"1",-2.48103827542792,-2.88594112401343,-2.46369898663842,205213,0.077027238374764,132926,0.0491974741484477,206728,0.077844869753424,-2.5635961745547,-3.01191299524792,-2.55303728199465,17545.4935487334,10383.5319139785,7,2011,8,2010,8,2010,17806.7541673213,11197.3000396825,10798.2336111111,0,0
"100",5324,104,5574,1494,"231-5059_TGAGTGTACA-ATTCGCCGGT_L003_",282958,0.0648525539185297,"LIMS26757p2",3.5324,"447-4536_221118_L001_",258503,0.0577802667142969,"LIMS26757p3",3.97407,"85-4624_221007_L002_",270036,0.061060916395461,"LIMS26757p1raw",4.55183,0.00707228720423281,0.00379163752306868,0.019650848,0.034988493,0.076666138,28,1999.56712328767,1999,90,2009.15890410959,2008,2010,2010.64931506849,1.49041095890425,11.0821917808221,258503,0.0577802667142969,"LIMS26757p3",3.97407,5324,"5048","BrF","3",0,120.45,120.15,131.291666666667,142.466666666667,97.9833333333333,61.9,0.290032868027766,"0",0.097251563,0.080825211,0.093190148,2010,8,1999,7,2009,2,118.622222222222,178.766666666667,88.7888888888889,239892,0.0915100293498341,222425,0.0828191829494886,226622,0.0851195119871917,0.00869084640034551,0.0063905173626424,3,0,0.364049351,0.394166165,0.348392054,0.141550768,0.16655204,0.157385854,0.148563331,0.189774511,0.181977479,2,"0",-2.39130670232674,-2.49109556629024,-2.46369898663842,219347,0.0838245461046661,204937,0.0764506019937646,206728,0.077844869753424,-2.47902940144121,-2.5711104722919,-2.55303728199465,17806.7541673213,8029.35450292398,12,2011,2,2010,8,2010,17806.7541673213,10848.698974359,9316.40117647059,0,0
"101",1782,31,3002,1495,"275-4254_221014_L001_",186481,0.0410756393871898,"LIMS26629p3",3.98798,"395-4073_221111_L001_",230352,0.0526370483780939,"LIMS26629p4",3.54753,"115-530_221007_L003_",292906,0.066144357488224,"LIMS26757p1raw",4.03489,-0.0115614089909041,-0.0250687181010342,0.083774011,0.037925668,0.020177706,28,1999.59178082192,1999,41,2002.51232876712,2002,2003,2003.91506849315,1.40273972602745,4.32328767123295,230352,0.0526370483780939,"LIMS26629p4",3.54753,1782,"2645","BrF","2",0,173.566666666667,183.266666666667,239.091666666667,142.466666666667,80.2,61.9,0.377801416684068,"0",0.104909842,0.098444649,0.101191177,2003,11,1999,8,2002,7,155.488888888889,180.377777777778,107.522222222222,143964,0.0525207221873888,177171,0.0671091689911858,259303,0.0976711110190603,-0.014588446803797,-0.0451503888316715,2,0,0.429474585,0.419120699,0.448752719,0.177254171,0.176612667,0.175340654,0.233902705,0.207336161,0.227812075,0,"0",-2.94654747893019,-2.70143459767534,-2.3261494543539,124736,0.0456994221806537,157439,0.0598253898972185,240045,0.0906385482314223,-3.08566962491128,-2.81632512791318,-2.40087567925493,24380.7346116139,16832.3723529412,8,2008,1,2009,7,2005,22386.5220168232,15649.8439857189,15043.945892317,0,0
"102",1552,40,1699,1504,"19-1131_221007_L004_",158707,0.0355908106188919,"LIMS26629p2raw",4.45798,"180-884_221007_L003_",267923,0.0600911665280062,"LIMS26757p1raw",4.14144,"335-598_230106_L002_",155262,0.0355524468032777,"LIMS26757",4.03919,-0.0245003559091143,3.83638156142216e-05,0.056718732,0.03240497,0.06296708,28,1999.45479452055,1999,28,1999.75068493151,1999,2002,2002.03835616438,2.28767123287662,2.58356164383554,267923,0.0600911665280062,"LIMS26757p1raw",4.14144,1552,"3176","BrF","2",0,239.091666666667,80.2,142.466666666667,142.466666666667,61.9,61.9,0.405667786959955,"1",0.072531367,0.054092171,0.079762676,2002,1,1999,6,1999,10,227.644444444444,137.533333333333,90.4,119880,0.0443632197632455,230898,0.0859732509176935,115429,0.0437502589407106,-0.041610031154448,0.000612960822534918,2,0,0.376247105,0.334561212,0.405512551,0.1416195,0.123914886,0.142552431,0.178975237,0.124226474,0.201691836,0,"0",-3.11534453655403,-2.45371906695108,-3.12925774755122,101859,0.0378439676755848,212734,0.0793866591622833,97087,0.0369556974620019,-3.27428368628931,-2.53342494547225,-3.29803544964502,30146.003296371,32901.9780952381,9,2002,8,2000,8,2005,22201.3280432432,21880.6309090909,60268.6802777778,0,0
"103",1552,40,1698,1504,"156-4588_221007_L003_",250992,0.0559392911084077,"LIMS26757p1raw",3.93249,"180-884_221007_L003_",267923,0.0600911665280062,"LIMS26757p1raw",4.14144,"335-598_230106_L002_",155262,0.0355524468032777,"LIMS26757",4.03919,-0.0041518754195985,0.02038684430513,0.049904577,0.03240497,0.06296708,28,1999.45479452055,1999,28,1999.75068493151,1999,2001,2001.69589041096,1.94520547945217,2.24109589041109,267923,0.0600911665280062,"LIMS26757p1raw",4.14144,1552,"3176","BrF","2",0,178.875,110.716666666667,142.466666666667,142.466666666667,61.9,61.9,0.375953551204202,"1",0.091633205,0.054092171,0.079762676,2001,9,1999,6,1999,10,170.922222222222,137.533333333333,90.4,216295,0.0801261094432879,230898,0.0859732509176935,115429,0.0437502589407106,-0.0058471414744056,0.0363758505025773,2,0,0.447430303,0.334561212,0.405512551,0.165592532,0.123914886,0.142552431,0.27856793,0.124226474,0.201691836,0,"0",-2.52415351743107,-2.45371906695108,-3.12925774755122,197619,0.0733324002494323,212734,0.0793866591622833,97087,0.0369556974620019,-2.61275274525021,-2.53342494547225,-3.29803544964502,21426.3012037037,23760.2260869565,7,2010,8,2000,8,2005,22201.3280432432,21880.6309090909,17102.3702080762,0,0
"104",1791,34,3024,1509,"191-420_TAGCGAGGCT-TTGCTCACGG_L003_",271011,0.0630219688563659,"LIMS26076p2",4.93383,"53-11998DH0053L01_4116_CAACAATGAT-CCGTGAAGGT_L001_",178772,0.0409997878681329,"LIMS24675",7.61636,"7-11998DH0007L01_3009_CAAGCTAGAT-CGCTATGTGT_L001_",183632,0.0420240234814558,"LIMS24675",7.80696,0.022022180988233,0.0209979453749101,0.072236273,0.090356582,0.045555084,28,1999.23287671233,1999,41,2002.5397260274,2002,2004,2004.80054644809,2.26082042069015,5.56766973575873,178772,0.0409997878681329,"LIMS24675",7.61636,1791,"569","BrF","2",0,177.791666666667,77.4833333333333,239.091666666667,142.466666666667,80.2,61.9,0.454660072555665,"1",0.097481264,0.10901172,0.057894542,2004,10,1999,3,2002,7,209.433333333333,180.377777777778,140.333333333333,223700,0.0862516822984186,144328,0.0542932211347673,143171,0.0535658372522208,0.0319584611636512,0.0326858450461978,2,0,0.37106558,0.39899303,0.43117274,0.159107836,0.140268675,0.159891388,0.202327842,0.21524958,0.222383113,0,"0",-2.45048571835169,-2.91335590081587,-2.92684377880598,203458,0.0786224498535563,126416,0.047523986873683,124824,0.0466252662426,-2.54309799878253,-3.04652070859009,-3.06561269073741,22586.2559679543,16974.1726322751,12,2004,12,2011,7,2008,19116.0481858407,13473.742612172,2865.52333333333,0,0
"105",1791,37,3688,1509,"314-2930_221014_L002_",185598,0.039629178191891,"LIMS26629p3",3.15336,"53-11998DH0053L01_4116_CAACAATGAT-CCGTGAAGGT_L001_",178772,0.0409997878681329,"LIMS24675",7.61636,"7-11998DH0007L01_3009_CAAGCTAGAT-CGCTATGTGT_L001_",183632,0.0420240234814558,"LIMS24675",7.80696,-0.00137060967624196,-0.00239484528956482,0.032424398,0.090356582,0.045555084,28,1999.23287671233,1999,41,2002.5397260274,2002,2005,2005.75890410959,3.21917808219177,6.52602739726035,178772,0.0409997878681329,"LIMS24675",7.61636,1791,"651","BrF","3",0,155.858333333333,180.85,239.091666666667,142.466666666667,80.2,61.9,0.423248381890984,"0",0.078949405,0.10901172,0.057894542,2005,10,1999,3,2002,7,152.366666666667,180.377777777778,140.333333333333,146640,0.051768747290263,144328,0.0542932211347673,143171,0.0535658372522208,-0.00252447384450431,-0.00179708996195778,3,0,0.348483697,0.39899303,0.43117274,0.13512289,0.140268675,0.159891388,0.133903115,0.21524958,0.222383113,2,"0",-2.9609686459608,-2.91335590081587,-2.92684377880598,129653,0.0458583839975057,126416,0.047523986873683,124824,0.0466252662426,-3.08219723990753,-3.04652070859009,-3.06561269073741,21458.5957452532,16285.5494807692,12,2005,12,2011,7,2008,19116.0481858407,13473.742612172,1461.07,0,0
"106",1791,75,4938,1509,"1-11998DH0001L01_2301_CCGCGGTTAT-CTAGCGCTGT_L001_",190553,0.0434967808719969,"LIMS24675",7.14963,"53-11998DH0053L01_4116_CAACAATGAT-CCGTGAAGGT_L001_",178772,0.0409997878681329,"LIMS24675",7.61636,"7-11998DH0007L01_3009_CAAGCTAGAT-CGCTATGTGT_L001_",183632,0.0420240234814558,"LIMS24675",7.80696,0.00249699300386399,0.00147275739054113,0.013788961,0.090356582,0.045555084,28,1999.23287671233,1999,41,2002.5397260274,2002,2006,2006.76712328767,4.22739726027385,7.53424657534242,178772,0.0409997878681329,"LIMS24675",7.61636,1791,"3765","BrF","3",0,191.041666666667,126.016666666667,239.091666666667,142.466666666667,80.2,61.9,0.45010683195714,"0",0.01940639,0.10901172,0.057894542,2006,10,1999,3,2002,7,203.866666666667,180.377777777778,140.333333333333,153327,0.0575998022699141,144328,0.0542932211347673,143171,0.0535658372522208,0.00330658113514674,0.00403396501769327,3,0,0.333360681,0.39899303,0.43117274,0.142708225,0.140268675,0.159891388,0.077366478,0.21524958,0.222383113,2,"0",-2.85423614410018,-2.91335590081587,-2.92684377880598,134741,0.0505827455679908,126416,0.047523986873683,124824,0.0466252662426,-2.98414475752133,-3.04652070859009,-3.06561269073741,21018.0066411849,16799.8564555053,6,1995,12,2011,7,2008,19116.0481858407,13473.742612172,21203.8598647488,0,0
"107",1576,37,3645,1512,"515-2906_221118_L002_",234565,0.0545933170465975,"LIMS26757p3",3.14161,"138-SW008-877_TTGTGAAGGC-TCGTCAGTAC_L002_",177583,0.0410125354835167,"LIMS26629p1renamed",2.66284,"286-774_CTGAACGTAT-GCCAATACAT_L003_",240478,0.0548503533282033,"LIMS26757p2",5.13573,0.0135807815630808,-0.000257036281605824,0.00476583,0.005275322,0.045084677,28,1999.58630136986,1999,39,2000.25409836066,2000,2005,2005.74246575342,5.48836739276908,6.15616438356165,177583,0.0410125354835167,"LIMS26629p1renamed",2.66284,1576,"726","BrF","2",0,155.858333333333,180.85,155.508333333333,142.466666666667,146.583333333333,61.9,0.29991556604556,"0",0.072189647,0.102490929,0.05930343,2005,9,1999,8,2000,4,169.144444444444,164.511111111111,107.522222222222,202612,0.0785671002146544,129419,0.0489385200731832,190356,0.0721084153376846,0.0296285801414712,0.00645868487696974,2,0,0.368681015,0.394612469,0.352463776,0.149557663,0.15264605,0.154134341,0.147904414,0.191722852,0.133530126,0,"0",-2.54380223950547,-3.01719046104104,-2.62958452391989,184631,0.0717775546919629,108467,0.0411268223001432,169210,0.0642890683844575,-2.63418346054729,-3.19109475962863,-2.74436567176481,21939.6994520548,22541.991962704,11,2005,8,2000,8,1999,0,11647.728,5253.31,0,0
"108",1757,30,1831,1523,"145-SW008-609_TCCTACGTGC-TAGGTGCTAT_L002_",162885,0.0374490866908641,"LIMS26629p1renamed",2.70653,"365-4356_221014_L002_",166290,0.0360366014188389,"LIMS26629p3",3.07796,"462-4054_221111_L001_",171881,0.0383344218675765,"LIMS26629p4",5.28768,0.00141248527202516,-0.000885335176712444,0.001944282,0.042947092,0.085539707,28,1999.45753424658,1999,40,2001.72602739726,2001,2003,2003.6301369863,1.90410958904113,4.17260273972602,166290,0.0360366014188389,"LIMS26629p3",3.07796,1757,"488","BrF","3",1,173.566666666667,183.266666666667,178.875,142.466666666667,110.716666666667,61.9,0.313827046556222,"1",0.089492795,0.099996752,0.103281034,2003,8,1999,6,2001,9,172.311111111111,170.922222222222,90.4,119818,0.0452727726598811,128037,0.045835390635178,128198,0.0472208514513552,-0.000562617975296983,-0.00194807879147414,3,1,0.421579495,0.419709051,0.44616104,0.167617854,0.163808232,0.171118637,0.203235113,0.254501421,0.24523626,2,"1",-3.09504947222886,-3.08269876496529,-3.05291971590421,99599,0.0376976129540333,110283,0.0395831572536501,110376,0.0407984665776457,-3.27815850340191,-3.22935157307423,-3.19911078215955,25005.4448313725,28668.1701449275,8,2005,8,2009,1,2009,19417.6937353823,18416.0193059211,17001.6362666667,0,0
"109",1757,35,3567,1523,"94-11998DH0094L01_4383_CGTCTGCGAT-ATTGTGAAGT_L001_",188027,0.0430955654863033,"LIMS24675",6.46302,"365-4356_221014_L002_",166290,0.0360366014188389,"LIMS26629p3",3.07796,"462-4054_221111_L001_",171881,0.0383344218675765,"LIMS26629p4",5.28768,0.0070589640674644,0.00476114361872679,0.113869839,0.042947092,0.085539707,28,1999.45753424658,1999,40,2001.72602739726,2001,2004,2004.97267759563,3.24665019836834,5.51514334905323,166290,0.0360366014188389,"LIMS26629p3",3.07796,1757,"2912","BrF","2",0,177.791666666667,77.4833333333333,178.875,142.466666666667,110.716666666667,61.9,0.346823148761596,"0",0.137091666,0.099996752,0.103281034,2004,12,1999,6,2001,9,248.311111111111,170.922222222222,90.4,147334,0.0552085323000342,128037,0.045835390635178,128198,0.0472208514513552,0.00937314166485614,0.00798768084867899,2,0,0.428237398,0.419709051,0.44616104,0.175513861,0.163808232,0.171118637,0.241220441,0.254501421,0.24523626,0,"0",-2.89663776699111,-3.08269876496529,-3.05291971590421,128242,0.0479859527571327,110283,0.0395831572536501,110376,0.0407984665776457,-3.03684696179794,-3.22935157307423,-3.19911078215955,22697.483627318,23480.186051282,9,2012,8,2009,1,2009,19417.6937353823,18416.0193059211,11994.1830565088,0,0
"110",1757,41,1758,1523,"171-1_221007_L003_",307828,0.0693419378057042,"LIMS26757p1raw",3.31147,"365-4356_221014_L002_",166290,0.0360366014188389,"LIMS26629p3",3.07796,"462-4054_221111_L001_",171881,0.0383344218675765,"LIMS26629p4",5.28768,0.0333053363868653,0.0310075159381277,0.009119375,0.042947092,0.085539707,28,1999.45753424658,1999,40,2001.72602739726,2001,2002,2002.52054794521,0.79452054794524,3.06301369863013,166290,0.0360366014188389,"LIMS26629p3",3.07796,1757,"811","BrF","2",0,239.091666666667,80.2,178.875,142.466666666667,110.716666666667,61.9,0.316597808994909,"0",0.084319323,0.099996752,0.103281034,2002,7,1999,6,2001,9,180.377777777778,170.922222222222,90.4,275934,0.103615687897319,128037,0.045835390635178,128198,0.0472208514513552,0.0577802972621411,0.0563948364459639,2,0,0.371340511,0.419709051,0.44616104,0.162812067,0.163808232,0.171118637,0.160277207,0.254501421,0.24523626,0,"0",-2.26706653304045,-3.08269876496529,-3.05291971590421,258222,0.097146375425353,110283,0.0395831572536501,110376,0.0407984665776457,-2.33153641290921,-3.22935157307423,-3.19911078215955,27919.6597226174,45912.5016363636,9,2002,8,2009,1,2009,19417.6937353823,18416.0193059211,69015.2133333333,0,0
"111",1757,77,4999,1523,"34-11998DH0128L01_4658_ATTCAGAAAT-GCCTCTATGT_L001_",177757,0.0402277515907656,"LIMS25133",11.0451,"365-4356_221014_L002_",166290,0.0360366014188389,"LIMS26629p3",3.07796,"462-4054_221111_L001_",171881,0.0383344218675765,"LIMS26629p4",5.28768,0.00419115017192671,0.0018933297231891,0.108057806,0.042947092,0.085539707,28,1999.45753424658,1999,40,2001.72602739726,2001,2007,2007.12876712329,5.40273972602745,7.67123287671234,166290,0.0360366014188389,"LIMS26629p3",3.07796,1757,"3920","BrF","2",0,164.008333333333,150.2,178.875,142.466666666667,110.716666666667,61.9,0.416813313403469,"0",0.134311779,0.099996752,0.103281034,2007,2,1999,6,2001,9,218.2,170.922222222222,90.4,142785,0.0530331561642376,128037,0.045835390635178,128198,0.0472208514513552,0.0071977655290596,0.00581230471288245,2,0,0.414159118,0.419709051,0.44616104,0.163733085,0.163808232,0.171118637,0.203236946,0.254501421,0.24523626,0,"0",-2.93683797302414,-3.08269876496529,-3.05291971590421,124845,0.0464146846786226,110283,0.0395831572536501,110376,0.0407984665776457,-3.07013938967648,-3.22935157307423,-3.19911078215955,21416.3617204301,21409.9847668998,8,2010,8,2009,1,2009,19417.6937353823,18416.0193059211,9874.99832779623,0,0
"112",1757,90,5294,1523,"307-4131_230106_L002_",230918,0.053890077569148,"LIMS26757",3.81517,"365-4356_221014_L002_",166290,0.0360366014188389,"LIMS26629p3",3.07796,"462-4054_221111_L001_",171881,0.0383344218675765,"LIMS26629p4",5.28768,0.017853476150309,0.0155556557015714,0.035529648,0.042947092,0.085539707,28,1999.45753424658,1999,40,2001.72602739726,2001,2009,2009.12328767123,7.39726027397273,9.66575342465762,166290,0.0360366014188389,"LIMS26629p3",3.07796,1757,"4103","BrF","2",0,172.808333333333,111.266666666667,178.875,142.466666666667,110.716666666667,61.9,0.340730532058502,"1",0.086094023,0.099996752,0.103281034,2009,2,1999,6,2001,9,178.766666666667,170.922222222222,90.4,187335,0.0725175181767501,128037,0.045835390635178,128198,0.0472208514513552,0.0266821275415721,0.0252966667253949,2,0,0.402742167,0.419709051,0.44616104,0.159543142,0.163808232,0.171118637,0.191763176,0.254501421,0.24523626,0,"0",-2.6239271162852,-3.08269876496529,-3.05291971590421,169148,0.0657538680615851,110283,0.0395831572536501,110376,0.0407984665776457,-2.72183677982068,-3.22935157307423,-3.19911078215955,19458.8588196286,18928.2602009987,2,2009,8,2009,1,2009,19417.6937353823,18416.0193059211,0,0,0
"113",1891,34,3094,1523,"45-11998DH0139L01_4831_GAATTCGTAT-CTTCGCCTGT_L001_",126979,0.0290480617404312,"LIMS25133",9.7533,"154-4_221007_L003_",286708,0.0640935786774276,"LIMS26757p1raw",3.4212,"462-4054_221111_L001_",171881,0.0383344218675765,"LIMS26629p4",5.28768,-0.0350455169369964,-0.00928636012714532,0.094078501,0.022154091,0.085539707,28,1999.45753424658,1999,41,2002.4,2002,2004,2004.67759562842,2.27759562841516,5.22006138183997,286708,0.0640935786774276,"LIMS26757p1raw",3.4212,1891,"625","BrF","2",0,177.791666666667,77.4833333333333,239.091666666667,142.466666666667,80.2,61.9,0.413834854014205,"0",0.108068617,0.087853898,0.103281034,2004,9,1999,6,2002,5,210.222222222222,229.544444444444,90.4,89953,0.0334703472878253,248805,0.0926344343990659,128198,0.0472208514513552,-0.0591640871112406,-0.0137505041635299,2,0,0.391410444,0.386703632,0.44616104,0.147504848,0.156803001,0.171118637,0.18078428,0.181306648,0.24523626,0,"0",-3.39709538771995,-2.37909434469248,-3.05291971590421,72611,0.0270948716836659,229715,0.0856926720235213,110376,0.0407984665776457,-3.60841080576911,-2.4569879643445,-3.19911078215955,22845.7646031746,16349.3027832512,6,2014,9,2002,1,2009,19417.6937353823,40475.822,13917.1639171375,0,0
"114",1893,30,1877,1524,"208-4160_221014_L001_",161691,0.035004653085813,"LIMS26629p3",4.46787,"41-1060_221007_L002_",211482,0.0468911821715572,"LIMS26757p1raw",2.8139,"43-814_221007_L004_",158174,0.035533791845783,"LIMS26629p2raw",4.50903,-0.0118865290857442,-0.000529138759969981,0.073690656,0.028027891,0.042936003,28,1999.66301369863,1999,40,2001.96438356164,2001,2003,2003.72876712329,1.76438356164385,4.06575342465771,211482,0.0468911821715572,"LIMS26757p1raw",2.8139,1893,"514","H","3",1,173.566666666667,183.266666666667,178.875,142.466666666667,110.716666666667,61.9,0.299690265752992,"1",0.087757425,0.097629524,0.063111978,2003,9,1999,8,2001,12,170.066666666667,225.344444444444,107.522222222222,123356,0.0440756118101234,172949,0.0635600074252645,116546,0.0431261512098279,-0.0194843956151411,0.000949460600295535,3,1,0.335633441,0.371999428,0.406178799,0.148214169,0.164058419,0.161332024,0.128079168,0.185256485,0.199885542,2,"1",-3.12184866968,-2.75577082049071,-3.14362570926626,106486,0.038145053337567,153170,0.0563243992268127,98917,0.0367331228143924,-3.2663591931563,-2.87662745891134,-3.30407640195351,24694.272244898,28200.1594155844,7,2008,8,2002,9,1999,19.8449999999999,52540.4536111111,14559.5670134424,0,0
"115",858,40,1718,1533,"48-1081_221007_L002_",245331,0.0553155890528959,"LIMS26757p1raw",2.8725,"232-889_221014_L001_",159074,0.0347186024617881,"LIMS26629p3",3.42203,"11-11998DH0011L01_3222_TCTCTACTAT-GAACCGCGGT_L001_",193015,0.0442371194843108,"LIMS24675",5.39747,0.0205969865911078,0.0110784695685851,0.005037251,0.052510003,0.081728619,28,1999.66301369863,1999,17,1994.49589041096,1994,2001,2001.98356164384,7.48767123287666,2.32054794520559,159074,0.0347186024617881,"LIMS26629p3",3.42203,858,"3206","BrF","2",0,178.875,110.716666666667,168.558333333333,142.466666666667,149.516666666667,61.9,0.405519315469105,"1",0.075305797,0.076846678,0.092511135,2001,12,1999,8,1994,7,225.344444444444,156.688888888889,107.522222222222,200258,0.0749817455629275,117365,0.0422419469143077,147436,0.0552572408376075,0.0327397986486199,0.01972450472532,2,0,0.433329112,0.3721094,0.386091454,0.168559033,0.143266335,0.154831748,0.230753833,0.157451837,0.191590886,0,"0",-2.59051058756489,-3.16434154892502,-2.89575589128705,180278,0.0676618375336275,99539,0.0359010850724087,129870,0.0485954189062914,-2.69323295765328,-3.32698775908648,-3.02422601370597,21478.3023399015,18952.2166841448,8,2002,8,2000,2,2009,19470.6024912281,17913.6391577194,52540.4536111111,0,0
"116",1717,90,5283,1533,"89-11998DH0089L01_4348_TATCGCACAT-ACACTAAGGT_L001_",171918,0.0391679546210553,"LIMS24675",8.42913,"553-5976_221118_L002_",259044,0.0602871297266212,"LIMS26757p3",3.56247,"11-11998DH0011L01_3222_TCTCTACTAT-GAACCGCGGT_L001_",193015,0.0442371194843108,"LIMS24675",5.39747,-0.0211191751055659,-0.00506916486325559,0.042539095,0.022448816,0.081728619,28,1999.66301369863,1999,40,2001.64109589041,2001,2009,2009.07397260274,7.43287671232883,9.41095890410975,259044,0.0602871297266212,"LIMS26757p3",3.56247,1717,"4130","BrF","2",0,172.808333333333,111.266666666667,178.875,142.466666666667,110.716666666667,61.9,0.345618636101273,"1",0.051015969,0.108207612,0.092511135,2009,1,1999,8,2001,8,176.777777777778,122.955555555556,107.522222222222,133058,0.0494592661184383,224808,0.0870677221343959,147436,0.0552572408376075,-0.0376084560159576,-0.00579797471916928,2,0,0.410618012,0.406877123,0.386091454,0.1745012,0.164328768,0.154831748,0.165369838,0.182311062,0.191590886,0,"0",-3.00660585487929,-2.44106904779776,-2.89575589128705,115524,0.0428970332139913,205876,0.0799365661796096,129870,0.0485954189062914,-3.14895261129056,-2.52652188159266,-3.02422601370597,19435.0779762459,18952.2394269663,7,2012,7,2014,2,2009,19470.6024912281,16192.9918854425,8613.29025470653,0,0
"117",2963,82,5136,1533,"333-3533_230106_L002_",213373,0.0499006678041309,"LIMS26757",4.15565,"376-4311_221014_L002_",124433,0.0258792080046777,"LIMS26629p3",3.88925,"11-11998DH0011L01_3222_TCTCTACTAT-GAACCGCGGT_L001_",193015,0.0442371194843108,"LIMS24675",5.39747,0.0240214597994532,0.00566354831982007,0.074625237,0.057663485,0.081728619,28,1999.66301369863,1999,31,2004.06830601093,2003,2007,2007.64931506849,3.58100905756419,7.98630136986321,124433,0.0258792080046777,"LIMS26629p3",3.88925,2963,"4254","H","6",1,164.008333333333,150.2,173.566666666667,142.466666666667,183.266666666667,61.9,0.521037305320141,"0",0.11630429,0.10728819,0.092511135,2007,8,1999,8,2004,1,146.9,148.244444444444,107.522222222222,175739,0.0688895676110739,88187,0.0300808654130946,147436,0.0552572408376075,0.0388087021979792,0.0136323267734664,6,1,0.534975537,0.419490023,0.386091454,0.173823038,0.190350949,0.154831748,0.316645817,0.240541362,0.191590886,1,"1",-2.67525052590894,-3.50386600993222,-2.89575589128705,157935,0.062237600414296,74409,0.0254159193995742,129870,0.0485954189062914,-2.7767959536101,-3.67237955326743,-3.02422601370597,20546.582858677,15940.2018393235,9,2007,7,2009,2,2009,19470.6024912281,14820.5340569878,1081.125,0,0
"118",3604,90,5449,1533,"276-4466_221014_L001_",181542,0.0391973520334405,"LIMS26629p3",4.20427,"354-692_230106_L002_",200858,0.046908094069062,"LIMS26757",3.9086,"11-11998DH0011L01_3222_TCTCTACTAT-GAACCGCGGT_L001_",193015,0.0442371194843108,"LIMS24675",5.39747,-0.00771074203562143,-0.00503976745087031,0.067854796,0.031833023,0.081728619,28,1999.66301369863,1999,37,2005.66575342466,2005,2009,2009.21917808219,3.55342465753415,9.55616438356174,200858,0.046908094069062,"LIMS26757",3.9086,3604,"4135","BrF","2",0,172.808333333333,111.266666666667,155.858333333333,142.466666666667,180.85,61.9,0.373902763963405,"0",0.08313087,0.061993948,0.092511135,2009,3,1999,8,2005,9,201.644444444444,169.144444444444,107.522222222222,139037,0.0494601306224291,162574,0.0630849792836358,147436,0.0552572408376075,-0.0136248486612067,-0.00579711021517848,2,0,0.380197858,0.364397596,0.386091454,0.145104704,0.13897925,0.154831748,0.172401646,0.163023764,0.191590886,0,"0",-3.00658837592129,-2.7632725839906,-2.89575589128705,121064,0.0431925072369943,145390,0.0566695898662476,129870,0.0485954189062914,-3.14208824236325,-2.87051754605553,-3.02422601370597,19517.3724077961,14932.9196234773,7,2009,9,2005,2,2009,19470.6024912281,0,9343.445,0,0
"119",1510,41,1776,1542,"278-93_TCGGTCTGTT-TGGTTGGTAC_L003_",303022,0.0710791106150956,"LIMS26076p2",5.84518,"194-3975_CCAACTGTAT-GCGCTAGAGA_L003_",174814,0.0396214471434814,"LIMS26757p2",5.31245,"512_ACAGAAGGTT-TGGAGATATC_L001_",141869,0.0322189866200213,"LIMS26076p4",7.83408,0.0314576634716142,0.0388601239950743,0.078915162,0.08820076,0.100376245,28,1999.72602739726,1999,28,1999.46575342466,1999,2002,2002.8301369863,3.36438356164376,3.10410958904117,174814,0.0396214471434814,"LIMS26757p2",5.31245,1510,"834","BrF","2",0,239.091666666667,80.2,142.466666666667,142.466666666667,61.9,61.9,0.377916162902546,"0",0.10125007,0.101476579,0.115869803,2002,10,1999,9,1999,6,194.488888888889,90.4,110.455555555556,263342,0.103086406784395,138125,0.051961562228055,103893,0.0388974436853738,0.0511248445563402,0.0641889630990214,2,0,0.424431442,0.428186077,0.412942092,0.172868112,0.180299486,0.173353823,0.212418711,0.227222808,0.202295767,0,"0",-2.27218774161375,-2.95725102165683,-3.24682674554602,243613,0.0956637510811359,120379,0.0455245846491722,85575,0.032170893926987,-2.34691582885885,-3.08950277698675,-3.43669315052053,31691.5218492176,30466.2591219512,6,2003,7,2008,11,1999,17118.8133333333,19265.1351801501,8128.39944444445,0,0
"120",1864,92,5516,1542,"44-11998DH0044L01_4090_GGAGCGTCAT-GCACGGACGT_L001_",170463,0.0391227981868052,"LIMS24675",6.75991,"71-11998DH0071L01_4220_ACTCGTGTAT-GTTCCAATGT_L001_",186733,0.0424281677944511,"LIMS24675",7.66974,"512_ACAGAAGGTT-TGGAGATATC_L001_",141869,0.0322189866200213,"LIMS26076p4",7.83408,-0.00330536960764585,0.00690381156678389,0.088999708,0.100615434,0.100376245,28,1999.72602739726,1999,30,2003.5698630137,2003,2009,2009.86301369863,6.29315068493156,10.1369863013699,186733,0.0424281677944511,"LIMS24675",7.66974,1864,"4722","BrF","2",0,172.808333333333,111.266666666667,173.566666666667,142.466666666667,183.266666666667,61.9,0.53464949842875,"0",0.108766678,0.124685134,0.115869803,2009,11,1999,9,2003,7,157.888888888889,150.388888888889,110.455555555556,135085,0.0507079886744173,149797,0.0560041264638899,103893,0.0388974436853738,-0.00529613778947261,0.0118105449890435,2,0,0.419298488,0.410436558,0.412942092,0.180927244,0.173651664,0.173353823,0.205382321,0.214196596,0.202295767,0,"0",-2.98167181325471,-2.88232990410655,-3.24682674554602,116285,0.0436027372915107,131355,0.0491236644472971,85575,0.032170893926987,-3.13263534868247,-3.01341439598575,-3.43669315052053,18806.0336345462,14287.2507826384,12,2011,2,2012,11,1999,17118.8133333333,12588.2127025765,8141.80746153846,0,0
"121",442,30,1855,1543,"366-227_230106_L002_",216615,0.050781092720367,"LIMS26757",3.9414,"12-2190_221007_L002_",262276,0.0593496402155098,"LIMS26757p1raw",4.13457,"154-SW008-496_AGTCGACGTA-CCATGGAACA_L002_",176281,0.0404292060698536,"LIMS26629p1renamed",5.00503,-0.00856854749514284,0.0103518866505134,0.038920092,0.064597418,0.0886368,28,1999.2602739726,1999,14,1992.60109289617,1992,2003,2003.63561643836,11.0345235421814,4.37534246575342,262276,0.0593496402155098,"LIMS26757p1raw",4.13457,442,"473","H","4",2,173.566666666667,183.266666666667,145.666666666667,142.466666666667,120.916666666667,61.9,0.531404599349197,"0",0.080253275,0.08659883,0.108168487,2003,8,1999,4,1992,8,172.311111111111,107.544444444444,134.066666666667,183711,0.0719498292593163,211546,0.0795132738669142,130141,0.0491179764387074,-0.00756344460759793,0.0228318528206088,4,2,0.437641857,0.404229541,0.417485778,0.150556578,0.145179851,0.171545696,0.182651976,0.19874458,0.231697761,2,"1",-2.63178621869791,-2.53183130437984,-3.01353019227223,167463,0.0659581628792266,191451,0.0721154902184008,110447,0.0418405971180996,-2.71873463372187,-2.62948641423836,-3.17388818786221,24610.7132075472,20144.3974777854,8,2003,6,1995,7,2005,22159.9004,10597.5396302521,0,0,0
"122",1409,40,1673,1543,"49-63_221007_L004_",162160,0.0361372956667112,"LIMS26629p2raw",3.23,"79-2752_221007_L004_",151729,0.033682433027651,"LIMS26629p2raw",6.31855,"154-SW008-496_AGTCGACGTA-CCATGGAACA_L002_",176281,0.0404292060698536,"LIMS26629p1renamed",5.00503,0.00245486263906018,-0.00429191040314243,0.033287314,0.101498878,0.0886368,28,1999.2602739726,1999,25,1998.65205479452,1998,2001,2001.57808219178,2.92602739726021,2.317808219178,151729,0.033682433027651,"LIMS26629p2raw",6.31855,1409,"3147","BrF","2",0,178.875,110.716666666667,145.408333333333,142.466666666667,122.383333333333,61.9,0.442046280216951,"0",0.09601616,0.123339462,0.108168487,2001,7,1999,4,1998,8,103.377777777778,107.333333333333,134.066666666667,121709,0.0447798007145706,114224,0.0416102541537107,130141,0.0491179764387074,0.00316954656085994,-0.00433817572413683,2,0,0.433551806,0.483104381,0.417485778,0.157307957,0.17840888,0.171545696,0.21759932,0.290465093,0.231697761,0,"0",-3.10599811814366,-3.17940864801001,-3.01353019227223,103194,0.038026720153498,97504,0.0356695996186468,110447,0.0418405971180996,-3.26946620442412,-3.33345650427072,-3.17388818786221,20945.6225793651,19685.3014206349,6,2003,9,1998,7,2005,22159.9004,7212.005,30634.1634601449,0,0
"123",1200,37,3581,1553,"394-653_221111_L001_",188161,0.042492114818624,"LIMS26629p4",3.86769,"80-2564_221007_L004_",178215,0.0398673524016184,"LIMS26629p2raw",4.76693,"533-4331_221111_L002_",162370,0.0360208808872579,"LIMS26629p4",4.75995,0.00262476241700561,0.00647123393136619,0.044338516,0.080663721,0.075946553,28,1999.75068493151,1999,21,1996.54098360656,1996,2005,2005.62465753425,9.08367392768923,5.87397260273974,178215,0.0398673524016184,"LIMS26629p2raw",4.76693,1200,"682","BrF","2",0,155.858333333333,180.85,140.925,142.466666666667,108.8,61.9,0.368779498449642,"0",0.082441561,0.095799844,0.096079686,2005,8,1999,10,1996,7,129.111111111111,115.133333333333,137.533333333333,149376,0.0558591922170936,134305,0.0494218083518829,126328,0.0462085905929579,0.00643738386521063,0.0096506016241357,2,0,0.380764215,0.375607433,0.492776439,0.181006974,0.174467292,0.18349143,0.182335805,0.160488904,0.325796424,0,"0",-2.88492117941654,-3.00736348759208,-3.07458955460929,130990,0.0491405390764319,115687,0.0426600399839205,110361,0.0404571371857174,-3.01307094173292,-3.15449262866979,-3.20751220640143,22790.6901368209,22960.3694820684,8,2005,7,1997,7,2009,19383.7305548312,6837.80397435898,0,0,0
"124",1200,41,1752,1553,"201-4065_221014_L001_",189411,0.041292007934772,"LIMS26629p3",3.86382,"80-2564_221007_L004_",178215,0.0398673524016184,"LIMS26629p2raw",4.76693,"533-4331_221111_L002_",162370,0.0360208808872579,"LIMS26629p4",4.75995,0.00142465553315355,0.00527112704751413,0.043975241,0.080663721,0.075946553,28,1999.75068493151,1999,21,1996.54098360656,1996,2002,2002.62739726027,6.08641365371659,2.8767123287671,178215,0.0398673524016184,"LIMS26629p2raw",4.76693,1200,"3265","BrF","1",0,239.091666666667,80.2,140.925,142.466666666667,108.8,61.9,0.338389838407051,"1",0.053010384,0.095799844,0.096079686,2002,8,1999,10,1996,7,176.522222222222,115.133333333333,137.533333333333,149891,0.0540191672601158,134305,0.0494218083518829,126328,0.0462085905929579,0.00459735890823288,0.00781057666715795,1,0,0.431564974,0.375607433,0.492776439,0.183432778,0.174467292,0.18349143,0.174854944,0.160488904,0.325796424,0,"0",-2.91841634613605,-3.00736348759208,-3.07458955460929,131678,0.0475825379266569,115687,0.0426600399839205,110361,0.0404571371857174,-3.04528943533111,-3.15449262866979,-3.20751220640143,29738.5339831933,26266.909087375,1,2009,7,1997,7,2009,19383.7305548312,6837.80397435898,15573.9807725608,0,0
"125",1384,30,1868,1553,"50-11998DH0144L01_4853_CTGAAGCTAT-GCCTCTATGT_L001_",117009,0.0266795603007457,"LIMS25133",12.1269,"228-4286_221014_L001_",185414,0.0399374413753458,"LIMS26629p3",4.01587,"533-4331_221111_L002_",162370,0.0360208808872579,"LIMS26629p4",4.75995,-0.0132578810746001,-0.00934132058651219,0.057593103,0.076616376,0.075946553,28,1999.75068493151,1999,25,1998.58630136986,1998,2003,2003.60273972603,5.01643835616437,3.85205479452065,185414,0.0399374413753458,"LIMS26629p3",4.01587,1384,"482","BrF","2",0,173.566666666667,183.266666666667,145.408333333333,142.466666666667,122.383333333333,61.9,0.44475403077858,"1",0.076762458,0.088162568,0.096079686,2003,8,1999,10,1998,8,172.311111111111,107.333333333333,137.533333333333,84564,0.0313587703246358,139502,0.0499267458877657,126328,0.0462085905929579,-0.0185679755631298,-0.014849820268322,2,0,0.364075928,0.361950714,0.492776439,0.159040936,0.161793907,0.18349143,0.165117818,0.153654129,0.325796424,0,"0",-3.46226129585559,-2.99719843008107,-3.07458955460929,69177,0.0257524741634544,120936,0.0434484523496054,110361,0.0404571371857174,-3.65922457247052,-3.13618004701661,-3.20751220640143,26119.81,23407.204726776,6,2014,6,2009,7,2009,19383.7305548312,18876.280979448,13683.6641068702,0,0
"126",3094,92,5507,1553,"228-4545_ATAGCCGGTT-TCTTATCCGG_L003_",326949,0.0761133134706668,"LIMS26757p2",4.36488,"45-11998DH0139L01_4831_GAATTCGTAT-CTTCGCCTGT_L001_",126979,0.0290480617404312,"LIMS25133",9.7533,"533-4331_221111_L002_",162370,0.0360208808872579,"LIMS26629p4",4.75995,0.0470652517302356,0.040092432583409,0.037246131,0.094078501,0.075946553,28,1999.75068493151,1999,34,2004.67759562842,2004,2009,2009.86849315069,5.19089752226978,10.1178082191782,126979,0.0290480617404312,"LIMS25133",9.7533,3094,"4734","BrF","2",0,172.808333333333,111.266666666667,177.791666666667,142.466666666667,77.4833333333333,61.9,0.451104213677219,"1",0.076808377,0.108068617,0.096079686,2009,11,1999,10,2004,9,157.888888888889,210.222222222222,137.533333333333,290991,0.112948799667138,89953,0.0334703472878253,126328,0.0462085905929579,0.0794784523793132,0.0667402090741806,2,0,0.401713927,0.391410444,0.492776439,0.162976109,0.147504848,0.18349143,0.186116101,0.18078428,0.325796424,1,"0",-2.18082066324156,-3.39709538771995,-3.07458955460929,273109,0.106203368286253,72611,0.0270948716836659,110361,0.0404571371857174,-2.24239945423419,-3.60841080576911,-3.20751220640143,18947.7159768324,14939.3604813108,7,2010,6,2014,7,2009,19383.7305548312,13917.1639171375,6782.0525,0,0
"127",3608,82,5144,1553,"42-11998DH0042L01_4083_GCGCAAGCAT-CGGCGTGAGT_L001_",173831,0.0397682344225068,"LIMS24675",5.82037,"87-11998DH0087L01_4326_CTCACCAAAT-TTGCCTAGGT_L001_",172908,0.0400902221414028,"LIMS24675",5.14758,"533-4331_221111_L002_",162370,0.0360208808872579,"LIMS26629p4",4.75995,-0.000321987718896015,0.00374735353524894,0.06774684,0.101108477,0.075946553,28,1999.75068493151,1999,37,2005.66301369863,2005,2007,2007.65205479452,1.98904109589057,7.90136986301377,172908,0.0400902221414028,"LIMS24675",5.14758,3608,"4224","BrF","2",0,164.008333333333,150.2,155.858333333333,142.466666666667,180.85,61.9,0.464529780786692,"1",0.084215952,0.115713306,0.096079686,2007,8,1999,10,2005,8,146.9,129.111111111111,137.533333333333,132221,0.0490511499747404,131702,0.0495109377968988,126328,0.0462085905929579,-0.000459787822158428,0.0028425593817825,2,0,0.375946514,0.405875459,0.492776439,0.15691114,0.166001262,0.18349143,0.145254999,0.201916362,0.325796424,0,"0",-3.01489164829676,-3.00556166822288,-3.07458955460929,114684,0.0424943057100099,112911,0.0424083837886348,110361,0.0404571371857174,-3.15838519532221,-3.16040920542637,-3.20751220640143,20928.3865554311,15515.4475666667,12,2011,6,2012,7,2009,19383.7305548312,11053.4634234499,9730.4423222061,0,0
"128",3608,92,5524,1553,"61-11998DH0061L01_4181_CGGAACTGAT-TCGTAGTGGT_L001_",192816,0.0440055454418008,"LIMS24675",7.67822,"87-11998DH0087L01_4326_CTCACCAAAT-TTGCCTAGGT_L001_",172908,0.0400902221414028,"LIMS24675",5.14758,"533-4331_221111_L002_",162370,0.0360208808872579,"LIMS26629p4",4.75995,0.00391532330039795,0.0079846645545429,0.076947301,0.101108477,0.075946553,28,1999.75068493151,1999,37,2005.66301369863,2005,2009,2009.87397260274,4.2109589041097,10.1232876712329,172908,0.0400902221414028,"LIMS24675",5.14758,3608,"4732","BrF","2",0,172.808333333333,111.266666666667,155.858333333333,142.466666666667,180.85,61.9,0.496244139367264,"0",0.093202915,0.115713306,0.096079686,2009,11,1999,10,2005,8,157.888888888889,129.111111111111,137.533333333333,151592,0.0565275821029254,131702,0.0495109377968988,126328,0.0462085905929579,0.00701664430602656,0.0103189915099675,2,0,0.365734676,0.405875459,0.492776439,0.155239562,0.166001262,0.18349143,0.163643274,0.201916362,0.325796424,2,"0",-2.87302658113741,-3.00556166822288,-3.07458955460929,132933,0.0495183425943323,112911,0.0424083837886348,110361,0.0404571371857174,-3.00541212058569,-3.16040920542637,-3.20751220640143,18947.7159768324,13279.3605241327,1,2012,6,2012,7,2009,19383.7305548312,11053.4634234499,7832.65806267806,0,0
"129",1042,82,5123,1577,"329-4347_221014_L002_",137354,0.0293582989255781,"LIMS26629p3",3.24447,"329-5401_230106_L002_",246015,0.0579959992557629,"LIMS26757",3.93792,"277-4308_221014_L001_",187435,0.0410496731086648,"LIMS26629p3",4.17096,-0.0286377003301848,-0.0116913741830867,0.046269078,0.044110323,0.039332579,39,2000.25683060109,2000,21,1996.50546448087,1996,2007,2007.47671232877,10.971247847893,7.21988172767442,246015,0.0579959992557629,"LIMS26757",3.93792,1042,"4235","BrF","2",0,164.008333333333,150.2,140.925,155.508333333333,108.8,146.583333333333,0.323298526514258,"0",0.108079943,0.078788892,0.054779421,2007,6,2000,4,1996,7,124.466666666667,115.133333333333,164.511111111111,104324,0.0368381463027444,210287,0.0828562802514824,140908,0.0509702633003462,-0.046018133948738,-0.0141321169976018,2,0,0.401109996,0.379065144,0.351122114,0.160601625,0.173264928,0.151100024,0.210690314,0.174706481,0.144941578,0,"0",-3.30122138637608,-2.49064773530915,-2.97651288885294,87977,0.0311330217560143,192530,0.0761900258279732,121120,0.0439330908430187,-3.46948623030233,-2.57452471950301,-3.12508746510348,20936.3735712376,21666.751345709,8,2009,9,2012,7,2009,19208.1261703668,17982.5829722443,12117.4776353276,0,0
"130",1042,92,5336,1577,"336-4327_221014_L002_",162018,0.0340066311885532,"LIMS26629p3",3.26931,"329-5401_230106_L002_",246015,0.0579959992557629,"LIMS26757",3.93792,"277-4308_221014_L001_",187435,0.0410496731086648,"LIMS26629p3",4.17096,-0.0239893680672097,-0.00704304192011163,0.015586182,0.044110323,0.039332579,39,2000.25683060109,2000,21,1996.50546448087,1996,2009,2009.3397260274,12.8342615465231,9.0828954263045,246015,0.0579959992557629,"LIMS26757",3.93792,1042,"4743","BrF","5",1,172.808333333333,111.266666666667,140.925,155.508333333333,108.8,146.583333333333,0.306730663502605,"0",0.080591289,0.078788892,0.054779421,2009,5,2000,4,1996,7,166.166666666667,115.133333333333,164.511111111111,119474,0.0415214210227835,210287,0.0828562802514824,140908,0.0509702633003462,-0.0413348592286989,-0.00944884227756265,5,1,0.357380451,0.379065144,0.351122114,0.144333982,0.173264928,0.151100024,0.180444283,0.174706481,0.144941578,3,"1",-3.1815458156913,-2.49064773530915,-2.97651288885294,102720,0.0357841112674066,192530,0.0761900258279732,121120,0.0439330908430187,-3.33025130343862,-2.57452471950301,-3.12508746510348,19458.6140792327,20539.8693992459,6,2012,9,2012,7,2009,19208.1261703668,17982.5829722443,6989.44150782361,0,0
"131",1170,37,3597,1579,"478-666_221111_L001_",155479,0.0345030165499743,"LIMS26629p4",4.52877,"134-SW008-2621_TCACACGGAT-CTTCTGATCG_L002_",244807,0.0570780389814472,"LIMS26629p1renamed",5.89268,"77-887_221007_L004_",156693,0.035176677160844,"LIMS26629p2raw",5.55284,-0.0225750224314729,-0.000673660610869667,0.085819953,0.075902381,0.073163339,39,2000.42349726776,2000,22,1997.32876712329,1997,2005,2005.66301369863,8.33424657534238,5.23951643087048,244807,0.0570780389814472,"LIMS26629p1renamed",5.89268,1170,"716","BrF","3",1,155.858333333333,180.85,284.2,155.508333333333,232.083333333333,146.583333333333,0.545051164824032,"0",0.111200623,0.085857012,0.086283364,2005,8,2000,6,1997,5,129.111111111111,223.033333333333,151.566666666667,118187,0.0432077414468957,209317,0.0811950273883189,115844,0.0428281417157565,-0.0379872859414231,0.000379599731139255,3,1,0.468932625,0.333006937,0.366639197,0.17757859,0.133768399,0.152950307,0.290036201,0.131874127,0.149428446,2,"1",-3.14173559962688,-2.51090127274981,-3.15055987574052,101345,0.0371656863978018,191353,0.0744843655636993,96763,0.035933383308079,-3.29236935204493,-2.59716603382532,-3.32608851841345,23290.4412800819,24252.6493040404,9,2005,2,1998,8,2000,257.88,35134.884,6083.045,0,0
"132",1195,37,3511,1579,"418-574_221111_L001_",166263,0.037458379345069,"LIMS26629p4",4.87051,"117-SW008-2575_AGGTATTCGG-AGATGTGCGC_L002_",246803,0.0572775451190322,"LIMS26629p1renamed",2.84796,"77-887_221007_L004_",156693,0.035176677160844,"LIMS26629p2raw",5.55284,-0.0198191657739632,0.00228170218422508,0.087934902,0.003641465,0.073163339,39,2000.42349726776,2000,21,1996.89890710383,1996,2005,2005.25205479452,8.35314769069532,4.82855752676096,246803,0.0572775451190322,"LIMS26629p1renamed",2.84796,1195,"715","BrF","3",0,155.858333333333,180.85,140.925,155.508333333333,108.8,146.583333333333,0.302276640916248,"1",0.107925505,0.114014486,0.086283364,2005,4,2000,6,1996,11,206.255555555556,114.622222222222,151.566666666667,123127,0.0456740094290656,196127,0.0757970125384467,115844,0.0428281417157565,-0.0301230031093811,0.00284586771330912,3,0,0.403868466,0.437582289,0.366639197,0.174473707,0.182892998,0.152950307,0.189775427,0.258295464,0.149428446,0,"0",-3.08622586433002,-2.57969639953205,-3.15055987574052,105218,0.0391711248763261,174106,0.0675167383284725,96763,0.035933383308079,-3.23981541391419,-2.6953797366078,-3.32608851841345,24121.799094097,23599.1232197632,8,2005,7,1997,8,2000,257.88,5811.12861111111,12090.643,0,0
"133",1437,34,3005,1579,"161-SW008-677_CTCATTCTGC-TTGAAGCGGT_L002_",164410,0.037557790583485,"LIMS26629p1renamed",4.4978,"185-SW008-481_CAACAGGTAG-GACGATAGTG_L002_",160383,0.0366085432071419,"LIMS26629p1renamed",6.93084,"77-887_221007_L004_",156693,0.035176677160844,"LIMS26629p2raw",5.55284,0.000949247376343033,0.00238111342264102,0.067439101,0.107106546,0.073163339,39,2000.42349726776,2000,25,1998.85205479452,1998,2004,2004.61475409836,5.76269930384001,4.19125683060111,160383,0.0366085432071419,"LIMS26629p1renamed",6.93084,1437,"612","BrF","2",0,177.791666666667,77.4833333333333,145.408333333333,155.508333333333,122.383333333333,146.583333333333,0.374353213310855,"1",0.082055054,0.121357506,0.086283364,2004,8,2000,6,1998,11,179.655555555556,146.044444444444,151.566666666667,116571,0.0437793160501115,116519,0.043736420767289,115844,0.0428281417157565,4.28952828225235e-05,0.000951174334355029,2,0,0.33102927,0.412405061,0.366639197,0.135545367,0.161893799,0.152950307,0.112160687,0.204486047,0.149428446,0,"0",-3.12859380943724,-3.12957409681909,-3.15055987574052,97008,0.0365815841236805,97546,0.036820321635655,96763,0.035933383308079,-3.30821033122498,-3.30170536786351,-3.32608851841345,24168.3065019608,21951.0153291925,9,2005,6,2005,8,2000,257.88,21969.7404414557,15801.4945054945,0,0
"134",3002,90,5324,1581,"447-4536_221118_L001_",258503,0.0577802667142969,"LIMS26757p3",3.97407,"275-4254_221014_L001_",186481,0.0410756393871898,"LIMS26629p3",3.98798,"238-4258_221014_L001_",215098,0.0464652578566058,"LIMS26629p3",3.79451,0.0167046273271071,0.0113150088576911,0.034988493,0.083774011,0.022131913,39,2000.26229508197,2000,31,2003.91506849315,2003,2008,2009.15890410959,5.24383561643822,8.89660902762171,186481,0.0410756393871898,"LIMS26629p3",3.98798,3002,"4154","BrF","3",0,131.291666666667,97.9833333333333,173.566666666667,155.508333333333,183.266666666667,146.583333333333,0.368042367954444,"0",0.080825211,0.104909842,0.039096535,2009,2,2000,4,2003,11,178.766666666667,155.488888888889,164.511111111111,222425,0.0828191829494886,143964,0.0525207221873888,155724,0.0555975102193422,0.0302984607620998,0.0272216727301465,3,0,0.394166165,0.429474585,0.344718981,0.16655204,0.177254171,0.137227026,0.189774511,0.233902705,0.142761379,0,"0",-2.49109556629024,-2.94654747893019,-2.88961685895592,204937,0.0764506019937646,124736,0.0456994221806537,134656,0.0481964579514996,-2.5711104722919,-3.08566962491128,-3.03246974710926,19629.227996826,15776.7932440476,2,2010,8,2008,8,2008,19469.7019207921,15043.945892317,10848.698974359,0,0
"135",3002,90,5323,1581,"461-4293_221111_L001_",166544,0.0372192300481548,"LIMS26629p4",4.74136,"275-4254_221014_L001_",186481,0.0410756393871898,"LIMS26629p3",3.98798,"238-4258_221014_L001_",215098,0.0464652578566058,"LIMS26629p3",3.79451,-0.00385640933903499,-0.00924602780845099,0.079096617,0.083774011,0.022131913,39,2000.26229508197,2000,31,2003.91506849315,2003,2008,2009.15890410959,5.24383561643822,8.89660902762171,186481,0.0410756393871898,"LIMS26629p3",3.98798,3002,"4154","BrF","3",0,131.291666666667,97.9833333333333,173.566666666667,155.508333333333,183.266666666667,146.583333333333,0.408614631137779,"0",0.095013445,0.104909842,0.039096535,2009,2,2000,4,2003,11,178.766666666667,155.488888888889,164.511111111111,121167,0.0445338447470122,143964,0.0525207221873888,155724,0.0555975102193422,-0.00798687744037659,-0.01106366547233,3,0,0.397147329,0.429474585,0.344718981,0.168200707,0.177254171,0.137227026,0.199321934,0.233902705,0.142761379,0,"0",-3.11150582277355,-2.94654747893019,-2.88961685895592,103411,0.0381153211208093,124736,0.0456994221806537,134656,0.0481964579514996,-3.26713894852664,-3.08566962491128,-3.03246974710926,19629.227996826,15776.7932440476,6,2009,8,2008,8,2008,19469.7019207921,15043.945892317,16429.197,0,0
"136",563,77,5116,1587,"433-4541_221118_L001_",248247,0.0556529380607253,"LIMS26757p3",3.25275,"209-2681_CCATCACGTG-TCTCCTGGTT_L003_",308815,0.0729080754196031,"LIMS26076p2",5.08913,"474-905_221111_L001_",142260,0.0316168409562462,"LIMS26629p4",4.40346,-0.0172551373588778,0.0240360971044791,0.003162618,0.077116933,0.086795956,28,1999.6,1999,17,1994.54520547945,1994,2006,2006.95342465753,12.4082191780822,7.35342465753433,308815,0.0729080754196031,"LIMS26076p2",5.08913,563,"3982","BrF","2",0,191.041666666667,126.016666666667,168.558333333333,142.466666666667,149.516666666667,61.9,0.326456700436975,"1",0.109625354,0.096729973,0.105009712,2006,12,1999,8,1994,7,224.166666666667,156.688888888889,107.522222222222,214242,0.0799559946085193,254182,0.100293432663314,103344,0.0377901057166953,-0.0203374380547952,0.042165888891824,2,0,0.414538522,0.403765825,0.418335314,0.172766388,0.175866688,0.164069416,0.199156976,0.216123859,0.228238218,0,"0",-2.52627886304433,-2.299655063094,-3.27570796414661,198120,0.0740670239710537,232993,0.0922762914736912,87208,0.032020635190947,-2.60278486636472,-2.38296803424214,-3.44137473429156,20908.7980413687,19615.3391606264,2,2010,8,1998,8,2000,18388.7092307692,18381.6283102041,12638.6951956815,0,0
"137",1588,40,1677,1587,"46-1038_221007_L002_",182945,0.0406269233256824,"LIMS26757p1raw",3.86526,"304-906_221014_L002_",163151,0.0341272579047645,"LIMS26629p3",4.39243,"474-905_221111_L001_",142260,0.0316168409562462,"LIMS26629p4",4.40346,0.00649966542091795,0.00901008236943621,0.079138223,0.072650685,0.086795956,28,1999.6,1999,39,2000.27049180328,2000,2001,2001.92876712329,1.6582753200089,2.32876712328766,163151,0.0341272579047645,"LIMS26629p3",4.39243,1588,"3232","BrF","2",0,178.875,110.716666666667,155.508333333333,142.466666666667,146.583333333333,61.9,0.391937079589767,"1",0.094415666,0.090033432,0.105009712,2001,12,1999,8,2000,4,225.344444444444,164.511111111111,107.522222222222,140865,0.0515931063504791,114146,0.0393570848778801,103344,0.0377901057166953,0.012236021472599,0.0138030006337838,2,0,0.411089976,0.380292251,0.418335314,0.163839391,0.152693705,0.164069416,0.204314674,0.18305704,0.228238218,0,"0",-2.96436721327854,-3.23507927260288,-3.27570796414661,122523,0.0449483728832072,96300,0.0333066658290448,87208,0.032020635190947,-3.10224071709105,-3.4019977269817,-3.44137473429156,21478.3023399015,22683.6015714286,8,2002,8,2000,8,2000,18388.7092307692,11647.728,52540.4536111111,0,0
"138",3507,75,4907,1587,"299-3239_221014_L002_",179870,0.0389202733112566,"LIMS26629p3",4.20568,"70-577_221007_L002_",191334,0.0426533212910677,"LIMS26757p1raw",3.88566,"474-905_221111_L001_",142260,0.0316168409562462,"LIMS26629p4",4.40346,-0.00373304797981111,0.00730343235501037,0.099757651,0.066542002,0.086795956,28,1999.6,1999,34,2004.57650273224,2004,2006,2006.64109589041,2.06459315817051,7.04109589041104,191334,0.0426533212910677,"LIMS26757p1raw",3.88566,3507,"3860","BrF","2",0,191.041666666667,126.016666666667,177.791666666667,142.466666666667,77.4833333333333,61.9,0.369059987148308,"0",0.118453039,0.086765932,0.105009712,2006,8,1999,8,2004,7,176.566666666667,157.8,107.522222222222,129823,0.0464085140140946,151744,0.0562885757699219,103344,0.0377901057166953,-0.00988006175582731,0.00861840829739934,2,0,0.42064748,0.346961498,0.418335314,0.171942512,0.159094089,0.164069416,0.229295784,0.148292066,0.228238218,1,"0",-3.07027234489939,-2.87726368147984,-3.27570796414661,110400,0.0396192984081205,132101,0.0491797380701065,87208,0.032020635190947,-3.22843894589173,-3.01227356815161,-3.44137473429156,21586.1098515406,18978.3296,9,2006,7,2005,8,2000,18388.7092307692,19169.6892307692,3854.42,0,0
"139",826,41,1747,1590,"252-1135_AAGGCTCCAT-TGAAGATGGA_L003_",346765,0.0800015524414421,"LIMS26757p2",4.12204,"526_GAATGTCCAA-GAATACCGTA_L001_",239142,0.0543918497374149,"LIMS26076p4",6.17168,"176-SW008-911_TTAAGTGCGT-ACCTGTCGCT_L002_",154412,0.0351549576436193,"LIMS26629p1renamed",7.87304,0.0256097027040272,0.0448465947978228,0.00690304,0.058068366,0.041436807,39,2000.44262295082,2000,17,1994.39726027397,1994,2002,2002.56164383562,8.16438356164394,2.11902088479678,239142,0.0543918497374149,"LIMS26076p4",6.17168,826,"803","BrF","2",0,239.091666666667,80.2,168.558333333333,155.508333333333,149.516666666667,146.583333333333,0.539040751454083,"1",0.075121192,0.069477095,0.044726527,2002,7,2000,6,1994,5,180.377777777778,174.444444444444,151.566666666667,307157,0.118078418103105,181549,0.0685119932020049,112520,0.0421266471311676,0.0495664249010996,0.075951770971937,2,0,0.491486098,0.387346053,0.366265292,0.183495096,0.16576024,0.155405437,0.316208678,0.182188259,0.085216297,0,"0",-2.13640631504301,-2.68074646579829,-3.16707479003742,288355,0.111041224262286,158847,0.0601981346921198,93464,0.0351785735710117,-2.19785375686758,-2.81011391232815,-3.3473180870834,33427.3482,21550.3081632653,9,2002,5,1995,8,2000,257.88,4829.22923076923,69015.2133333333,0,0
"140",1042,37,3512,1590,"402-587_221111_L001_",163929,0.0372402475759197,"LIMS26629p4",4.5033,"329-5401_230106_L002_",246015,0.0579959992557629,"LIMS26757",3.93792,"176-SW008-911_TTAAGTGCGT-ACCTGTCGCT_L002_",154412,0.0351549576436193,"LIMS26629p1renamed",7.87304,-0.0207557516798431,0.00208528993230041,0.025096948,0.044110323,0.041436807,39,2000.44262295082,2000,21,1996.50546448087,1996,2005,2005.55068493151,9.04522045063254,5.10806198068713,246015,0.0579959992557629,"LIMS26757",3.93792,1042,"691","BrF","5",0,155.858333333333,180.85,140.925,155.508333333333,108.8,146.583333333333,0.35885922634816,"0",0.033292131,0.078788892,0.044726527,2005,7,2000,6,1996,7,156,115.133333333333,151.566666666667,123173,0.0461591336332017,210287,0.0828562802514824,112520,0.0421266471311676,-0.0366971466182807,0.0040324865020341,5,0,0.410029661,0.379065144,0.366265292,0.159268212,0.173264928,0.155405437,0.150454853,0.174706481,0.085216297,3,"0",-3.07566042573656,-2.49064773530915,-3.16707479003742,104691,0.0394429915253331,192530,0.0761900258279732,93464,0.0351785735710117,-3.23289890209037,-2.57452471950301,-3.3473180870834,23479.0439159175,23062.8137971458,8,2005,9,2012,8,2000,257.88,17982.5829722443,447.005,0,0
"141",1193,37,3602,1590,"312-688_221014_L002_",200993,0.0439903069552011,"LIMS26629p3",3.03665,"378-3830_230106_L002_",183731,0.0425048111136295,"LIMS26757",4.12194,"176-SW008-911_TTAAGTGCGT-ACCTGTCGCT_L002_",154412,0.0351549576436193,"LIMS26629p1renamed",7.87304,0.00148549584157161,0.0088353493115818,0.018903861,0.032718116,0.041436807,39,2000.44262295082,2000,21,1996.53278688525,1996,2005,2005.66301369863,9.13022681338407,5.22039074781037,183731,0.0425048111136295,"LIMS26757",4.12194,1193,"681","BrF","2",0,155.858333333333,180.85,140.925,155.508333333333,108.8,146.583333333333,0.325289958980024,"1",0.111490967,0.047957579,0.044726527,2005,8,2000,6,1996,7,129.111111111111,115.133333333333,151.566666666667,161325,0.0586801359443217,146123,0.0562558407000796,112520,0.0421266471311676,0.00242429524424212,0.0165534888131542,2,0,0.434093419,0.408518459,0.366265292,0.173208109,0.191185821,0.155405437,0.240473546,0.122651122,0.085216297,0,"0",-2.83565400900381,-2.87784540861997,-3.16707479003742,143675,0.052361696220064,128183,0.0495848452511509,93464,0.0351785735710117,-2.94957994312398,-3.00407003122921,-3.3473180870834,23290.4412800819,22960.3694820684,9,2005,8,2007,8,2000,257.88,21605.0616204691,6083.045,0,0
"142",1491,75,4950,1604,"316-3317_230106_L002_",178582,0.0416188564266367,"LIMS26757",3.45918,"182-SW008-3994_AGGTCTATGG-CCGTGAGAAC_L002_",176631,0.0405321364199211,"LIMS26629p1renamed",2.77896,"1-11998DH0095L01_4385_ATTACTCGAT-AGGCTATAGT_L001_",173779,0.0394908092877696,"LIMS25133",6.92834,0.00108672000671563,0.00212804713886715,0.029134762,0.01248689,0.062675104,39,2000.84426229508,2000,28,1999.57534246575,1999,2006,2006.78356164384,7.20821917808212,5.93929934875359,176631,0.0405321364199211,"LIMS26629p1renamed",2.77896,1491,"3824","BrF","4",1,191.041666666667,126.016666666667,142.466666666667,155.508333333333,61.9,146.583333333333,0.277138487427583,"0",0.076924206,0.106265809,0.086621481,2006,10,2000,11,1999,7,203.866666666667,88.7888888888889,190.833333333333,141416,0.0549976116549862,129245,0.0491242418015524,133998,0.0498248993752103,0.00587336985343381,0.00517271227977591,4,1,0.357537162,0.397213313,0.417299742,0.163515889,0.154151753,0.182663889,0.128162564,0.197961944,0.219126101,1,"1",-2.90046551914733,-3.01340264297691,-2.99924043244959,122760,0.0479861971398863,106897,0.0407589071194095,116013,0.043139017961804,-3.03684186901313,-3.2000808835629,-3.14332740226252,22349.5535661189,21168.5792463427,1,2007,7,2008,9,2012,16534.7523707279,19192.9543577982,7921.82333333334,0,0
"143",1491,85,5213,1604,"529-3611_221111_L002_",176880,0.0392347206002908,"LIMS26629p4",5.47062,"182-SW008-3994_AGGTCTATGG-CCGTGAGAAC_L002_",176631,0.0405321364199211,"LIMS26629p1renamed",2.77896,"1-11998DH0095L01_4385_ATTACTCGAT-AGGCTATAGT_L001_",173779,0.0394908092877696,"LIMS25133",6.92834,-0.00129741581963032,-0.000256088687478805,0.054066477,0.01248689,0.062675104,39,2000.84426229508,2000,28,1999.57534246575,1999,2007,2007.90136986301,8.3260273972603,7.05710756793178,176631,0.0405321364199211,"LIMS26629p1renamed",2.77896,1491,"4377","BrF","2",0,164.008333333333,150.2,142.466666666667,155.508333333333,61.9,146.583333333333,0.31148698947585,"0",0.06980821,0.106265809,0.086621481,2007,11,2000,11,1999,7,125.044444444444,88.7888888888889,190.833333333333,136610,0.0503263086350882,129245,0.0491242418015524,133998,0.0498248993752103,0.00120206683353579,0.000501409259877898,2,0,0.362198152,0.397213313,0.417299742,0.176408302,0.154151753,0.182663889,0.150923152,0.197961944,0.219126101,0,"0",-2.98922730411651,-3.01340264297691,-2.99924043244959,119959,0.0442720466674528,106897,0.0407589071194095,116013,0.043139017961804,-3.1174018018305,-3.2000808835629,-3.14332740226252,20709.9669971989,19926.1024039604,7,2008,7,2008,9,2012,16534.7523707279,19192.9543577982,9203.38611111111,0,0
"144",1491,90,5287,1604,"281-4310_221014_L001_",203731,0.0442181676017705,"LIMS26629p3",4.51014,"182-SW008-3994_AGGTCTATGG-CCGTGAGAAC_L002_",176631,0.0405321364199211,"LIMS26629p1renamed",2.77896,"1-11998DH0095L01_4385_ATTACTCGAT-AGGCTATAGT_L001_",173779,0.0394908092877696,"LIMS25133",6.92834,0.00368603118184943,0.00472735831400094,0.072254969,0.01248689,0.062675104,39,2000.84426229508,2000,28,1999.57534246575,1999,2009,2009.0904109589,9.51506849315069,8.24614866382217,176631,0.0405321364199211,"LIMS26629p1renamed",2.77896,1491,"4125","BrF","2",0,172.808333333333,111.266666666667,142.466666666667,155.508333333333,61.9,146.583333333333,0.312173808662251,"0",0.094064474,0.106265809,0.086621481,2009,2,2000,11,1999,7,178.766666666667,88.7888888888889,190.833333333333,157662,0.0567133191052167,129245,0.0491242418015524,133998,0.0498248993752103,0.00758907730366429,0.0068884197300064,2,0,0.375476383,0.397213313,0.417299742,0.159111501,0.154151753,0.182663889,0.151574737,0.197961944,0.219126101,0,"0",-2.86974619098035,-3.01340264297691,-2.99924043244959,137502,0.0496270348787724,106897,0.0407589071194095,116013,0.043139017961804,-3.00321953570167,-3.2000808835629,-3.14332740226252,19989.2429656566,19389.7906836582,7,2009,7,2008,9,2012,16534.7523707279,19192.9543577982,14727.0826666667,0,0
"145",1707,54,4881,1604,"444-3174_221111_L001_",173728,0.0388389488404332,"LIMS26629p4",4.30035,"543-4033_221111_L002_",186274,0.0416153849696221,"LIMS26629p4",4.09594,"1-11998DH0095L01_4385_ATTACTCGAT-AGGCTATAGT_L001_",173779,0.0394908092877696,"LIMS25133",6.92834,-0.00277643612918888,-0.000651860447336366,0.056509785,0.032505961,0.062675104,39,2000.84426229508,2000,40,2001.96438356164,2001,2005,2005.95342465753,3.98904109589034,5.10916236245225,186274,0.0416153849696221,"LIMS26629p4",4.09594,1707,"6359","BrF","3",0,155.858333333333,180.85,178.875,155.508333333333,110.716666666667,146.583333333333,0.340744702305714,"1",0.070453556,0.06034249,0.086621481,2005,12,2000,11,2001,12,141.9,225.344444444444,190.833333333333,133837,0.0493578747687614,150763,0.0558211998632648,133998,0.0498248993752103,-0.00646332509450338,-0.000467024606448874,3,0,0.440951105,0.384553675,0.417299742,0.174360985,0.156067103,0.182663889,0.222998041,0.148777777,0.219126101,0,"0",-3.00865795605015,-2.88560155588347,-2.99924043244959,115708,0.0428012473937248,132688,0.0492339482744199,116013,0.043139017961804,-3.15118803210589,-3.01117188785063,-3.14332740226252,23126.9222104706,22134.4376105442,8,2006,1,2009,9,2012,16534.7523707279,18949.6778276334,21542.5536111111,0,0
"146",1707,105,5595,1604,"16-11998DH0016L01_3756_AATCCGGAAT-AACTGTAGGT_L001_",184488,0.042651635050068,"LIMS24675",3.90143,"543-4033_221111_L002_",186274,0.0416153849696221,"LIMS26629p4",4.09594,"1-11998DH0095L01_4385_ATTACTCGAT-AGGCTATAGT_L001_",173779,0.0394908092877696,"LIMS25133",6.92834,0.00103625008044584,0.00316082576229836,0.027296484,0.032505961,0.062675104,39,2000.84426229508,2000,40,2001.96438356164,2001,2011,2011.16164383562,9.19726027397246,10.3173815405344,186274,0.0416153849696221,"LIMS26629p4",4.09594,1707,"5180","BrF","4",2,162.783333333333,109.916666666667,178.875,155.508333333333,110.716666666667,146.583333333333,0.316226340919564,"1",0.057843989,0.06034249,0.086621481,2011,3,2000,11,2001,12,131.488888888889,225.344444444444,190.833333333333,142003,0.0535044330305989,150763,0.0558211998632648,133998,0.0498248993752103,-0.00231676683266594,0.00367953365538857,4,2,0.42733196,0.384553675,0.417299742,0.174700983,0.156067103,0.182663889,0.126195894,0.148777777,0.219126101,2,"1",-2.92799076812788,-2.88560155588347,-2.99924043244959,122082,0.0458648234830626,132688,0.0492339482744199,116013,0.043139017961804,-3.08205682864751,-3.01117188785063,-3.14332740226252,17580.5794425806,16527.9337709138,6,2011,1,2009,9,2012,16534.7523707279,18949.6778276334,7520.86666666667,0,0
"147",3567,75,4951,1604,"3-11998DH0003L01_2314_GGACTTGGAT-CGTCTGCGGT_L001_",190198,0.043576153335576,"LIMS24675",7.06186,"94-11998DH0094L01_4383_CGTCTGCGAT-ATTGTGAAGT_L001_",188027,0.0430955654863033,"LIMS24675",6.46302,"1-11998DH0095L01_4385_ATTACTCGAT-AGGCTATAGT_L001_",173779,0.0394908092877696,"LIMS25133",6.92834,0.000480587849272691,0.0040853440478064,0.059160024,0.113869839,0.062675104,39,2000.84426229508,2000,35,2004.97267759563,2004,2006,2006.78356164384,1.81088404820707,5.93929934875359,188027,0.0430955654863033,"LIMS24675",6.46302,3567,"3823","BrF","2",0,191.041666666667,126.016666666667,177.791666666667,155.508333333333,77.4833333333333,146.583333333333,0.367907973017511,"1",0.071338693,0.137091666,0.086621481,2006,10,2000,11,2004,12,203.866666666667,248.311111111111,190.833333333333,153522,0.0573303305718922,147334,0.0552085323000342,133998,0.0498248993752103,0.00212179827185805,0.00750543119668194,2,0,0.458620895,0.428237398,0.417299742,0.18411369,0.175513861,0.182663889,0.226156077,0.241220441,0.219126101,1,"0",-2.85892546595441,-2.89663776699111,-2.99924043244959,136054,0.0507465400537949,128242,0.0479859527571327,116013,0.043139017961804,-2.98091183966425,-3.03684696179794,-3.14332740226252,22349.5535661189,17866.2849407115,1,2007,9,2012,9,2012,16534.7523707279,11994.1830565088,7921.82333333334,0,0
"148",3567,82,5146,1604,"86-3542_221007_L002_",266992,0.0605511235852215,"LIMS26757p1raw",4.03304,"94-11998DH0094L01_4383_CGTCTGCGAT-ATTGTGAAGT_L001_",188027,0.0430955654863033,"LIMS24675",6.46302,"1-11998DH0095L01_4385_ATTACTCGAT-AGGCTATAGT_L001_",173779,0.0394908092877696,"LIMS25133",6.92834,0.0174555580989181,0.0210603142974519,0.068385687,0.113869839,0.062675104,39,2000.84426229508,2000,35,2004.97267759563,2004,2007,2007.66575342466,2.69307582902911,6.82149112957563,188027,0.0430955654863033,"LIMS24675",6.46302,3567,"4252","BrF","2",0,164.008333333333,150.2,177.791666666667,155.508333333333,77.4833333333333,146.583333333333,0.32750520828299,"1",0.095062659,0.137091666,0.086621481,2007,9,2000,11,2004,12,151.822222222222,248.311111111111,190.833333333333,228094,0.0856810607879418,147334,0.0552085323000342,133998,0.0498248993752103,0.0304725284879076,0.0358561614127315,2,0,0.38837521,0.428237398,0.417299742,0.175623833,0.175513861,0.182663889,0.165650267,0.241220441,0.219126101,0,"0",-2.45712347210764,-2.89663776699111,-2.99924043244959,208092,0.0783607220340386,128242,0.0479859527571327,116013,0.043139017961804,-2.54643247162923,-3.03684696179794,-3.14332740226252,21155.6241022627,16361.4587165775,9,2007,9,2012,9,2012,16534.7523707279,11994.1830565088,0,0,0
"149",1503,75,4877,1606,"375-3343_230106_L002_",198617,0.0461788003352962,"LIMS26757",3.9846,"255-3753_GATTGGCGAT-CTGTCTCATT_L003_",292882,0.0686242076528811,"LIMS26076p2",6.4935,"91-931_221007_L004_",138332,0.0304918029556826,"LIMS26629p2raw",6.05159,-0.0224454073175849,0.0156869973796136,0.054241241,0.068416113,0.088306883,39,2000.50546448087,2000,26,1999.01095890411,1999,2006,2006.58630136986,7.57534246575347,6.08083688898887,292882,0.0686242076528811,"LIMS26076p2",6.4935,1503,"3782","BrF","3",1,191.041666666667,126.016666666667,142.466666666667,155.508333333333,61.9,146.583333333333,0.374189148740354,"0",0.088364367,0.080282824,0.102202747,2006,8,2000,7,1999,1,176.566666666667,150.666666666667,131.466666666667,162936,0.0633413948330475,256552,0.100026902722689,102064,0.0369757582312865,-0.0366855078896414,0.026365636601761,3,1,0.40378507,0.425834504,0.370010763,0.170704408,0.182867338,0.167597692,0.164512971,0.219107773,0.177370559,2,"1",-2.75921621675245,-2.30231610194849,-3.29749276400225,144917,0.0566662784799365,235503,0.092095176360227,85721,0.031145922110619,-2.87057598097751,-2.38493271103134,-3.46907195369491,22279.1965883006,21526.4027376971,1,2007,7,2007,7,2001,26856.1847435897,20641.8694783933,5984.352,0,0
"150",1753,37,3697,1606,"389-2927_221118_L001_",216823,0.0483046132048387,"LIMS26757p3",3.14857,"326-1143_230106_L002_",177220,0.0409263997272322,"LIMS26757",2.90879,"91-931_221007_L004_",138332,0.0304918029556826,"LIMS26629p2raw",6.05159,0.00737821347760653,0.0178128102491561,0.003625537,0.026787588,0.088306883,39,2000.50546448087,2000,41,2002.05753424658,2002,2005,2005.75342465753,3.69589041095878,5.24796017665994,177220,0.0409263997272322,"LIMS26757",2.90879,1753,"659","BrF","3",1,155.858333333333,180.85,239.091666666667,155.508333333333,80.2,146.583333333333,0.322737627701695,"1",0.096226917,0.08901239,0.102202747,2005,10,2000,7,2002,1,152.366666666667,227.644444444444,131.466666666667,182848,0.0678514846599762,142910,0.0549875797429517,102064,0.0369757582312865,0.0128639049170245,0.0308757264286896,3,1,0.42435996,0.420987478,0.370010763,0.188334791,0.176250675,0.167597692,0.227263131,0.183607818,0.177370559,2,"1",-2.69043401143769,-2.90064794210691,-3.29749276400225,166756,0.0619901445475875,125274,0.0484212961943641,85721,0.031145922110619,-2.78077986548223,-3.02781555801714,-3.46907195369491,22580.889672619,22086.3439855072,12,2005,9,2002,7,2001,26856.1847435897,60268.6802777778,1461.07,0,0
"151",1857,37,3615,1606,"97-2970_221007_L003_",230525,0.051138091934455,"LIMS26757p1raw",2.80958,"175-SW008-529_TTGGCTCCAA-GTCTGATCCG_L002_",162020,0.0372592581103209,"LIMS26629p1renamed",2.93802,"91-931_221007_L004_",138332,0.0304918029556826,"LIMS26629p2raw",6.05159,0.0138788338241341,0.0206462889787724,0.003758347,0.023951221,0.088306883,39,2000.50546448087,2000,30,2003.63561643836,2003,2005,2005.70136986301,2.06575342465749,5.19590538213947,162020,0.0372592581103209,"LIMS26629p1renamed",2.93802,1857,"667","H","5",3,155.858333333333,180.85,173.566666666667,155.508333333333,183.266666666667,146.583333333333,0.312060673334248,"1",0.087330661,0.108396026,0.102202747,2005,9,2000,7,2003,8,169.144444444444,172.311111111111,131.466666666667,196161,0.0722410357484848,113631,0.0429317050171558,102064,0.0369757582312865,0.0293093307313291,0.0352652775171983,5,3,0.421804938,0.435178479,0.370010763,0.172067147,0.168185127,0.167597692,0.221584897,0.224791505,0.177370559,2,"1",-2.62774703237258,-3.14814468131827,-3.29749276400225,178358,0.0657314062317465,91148,0.0345448127213626,85721,0.031145922110619,-2.72217844287272,-3.36549787835112,-3.46907195369491,22812.9035023041,16325.5160615385,3,2006,7,2005,7,2001,26856.1847435897,17286.3799818841,25389.509047619,0,0
"152",1857,75,4875,1606,"96-3297_221007_L002_",209782,0.0468073320049756,"LIMS26757p1raw",4.30507,"175-SW008-529_TTGGCTCCAA-GTCTGATCCG_L002_",162020,0.0372592581103209,"LIMS26629p1renamed",2.93802,"91-931_221007_L004_",138332,0.0304918029556826,"LIMS26629p2raw",6.05159,0.00954807389465471,0.016315529049293,0.081713498,0.023951221,0.088306883,39,2000.50546448087,2000,30,2003.63561643836,2003,2006,2006.57808219178,2.94246575342459,6.07261771090657,162020,0.0372592581103209,"LIMS26629p1renamed",2.93802,1857,"3781","H","3",1,191.041666666667,126.016666666667,173.566666666667,155.508333333333,183.266666666667,146.583333333333,0.336349722842874,"0",0.101526411,0.108396026,0.102202747,2006,7,2000,7,2003,8,172.588888888889,172.311111111111,131.466666666667,164175,0.0607364976791237,113631,0.0429317050171558,102064,0.0369757582312865,0.0178047926619679,0.0237607394478372,3,1,0.425160008,0.435178479,0.370010763,0.185456268,0.168185127,0.167597692,0.223048445,0.224791505,0.177370559,2,"1",-2.80121048189094,-3.14814468131827,-3.29749276400225,143836,0.0532560454546423,91148,0.0345448127213626,85721,0.031145922110619,-2.93264395117196,-3.36549787835112,-3.46907195369491,22577.8091590563,17297.5531428571,1,2007,7,2005,7,2001,26856.1847435897,17286.3799818841,13936.9728571429,0,0
"153",4964,92,5521,1607,"244-4559_ACTCGTCCAG-TGGTCCTCGT_L003_",282800,0.0640579348418607,"LIMS26757p2",4.7588,"535-3903_221111_L002_",187294,0.0414116320707367,"LIMS26629p4",6.51625,"38-11998DH0132L01_4688_ATTCAGAAAT-TAAGATTAGT_L001_",124365,0.0283719120912163,"LIMS25133",9.18525,0.022646302771124,0.0356860227506444,0.076964072,0.082460759,0.141717559,40,2001.47671232877,2001,75,2006.8,2006,2009,2009.85205479452,3.0520547945207,8.37534246575342,187294,0.0414116320707367,"LIMS26629p4",6.51625,4964,"4706","BrF","2",0,172.808333333333,111.266666666667,191.041666666667,178.875,126.016666666667,110.716666666667,0.36830001739259,"0",0.09692158,0.094289645,0.16085661,2009,11,2001,6,2006,10,157.888888888889,203.866666666667,110.655555555556,240090,0.090682347730433,145652,0.0535920778503867,87800,0.0326284945235009,0.0370902698800463,0.0580538532069322,2,0,0.382786788,0.382252506,0.433587547,0.170361661,0.166370586,0.191009866,0.196895213,0.180494687,0.232692094,3,"0",-2.40039256339969,-2.92635402312782,-3.4225693072439,220936,0.083610466812528,128632,0.0474846656886316,71577,0.0266650574062343,-2.48158656562169,-3.04734844766935,-3.62440128206355,18013.0515511551,12439.732972973,7,2010,1,2008,6,2011,16459.6569008264,10733.008625,6782.0525,0,0
"154",1049,40,1709,1608,"148-SW008-650_TGGCACGAAC-CCTGACTCTT_L002_",169808,0.0389951827347984,"LIMS26629p1renamed",5.20325,"205-134_AAGGTCAATG-GCATTATAGG_L003_",242222,0.0566846701150142,"LIMS26076p2",4.02567,"84-933_221007_L004_",161446,0.0357859911817385,"LIMS26629p2raw",5.75677,-0.0176894873802159,0.00320919155305981,0.086307313,0.069446094,0.078582955,39,2000.85245901639,2000,21,1996.55464480874,1996,2001,2001.96712328767,5.41247847892805,1.11466427127789,242222,0.0566846701150142,"LIMS26076p2",4.02567,1049,"3220","BrF","2",0,178.875,110.716666666667,140.925,155.508333333333,108.8,146.583333333333,0.454811154333675,"1",0.10851031,0.107764889,0.100032788,2001,12,2000,11,1996,7,225.344444444444,115.133333333333,190.833333333333,120197,0.04540513646879,188962,0.0734326979862869,115736,0.0423162850931629,-0.0280275615174969,0.00308885137562708,2,0,0.459935979,0.436512809,0.414950918,0.177993735,0.161992774,0.158380186,0.270067076,0.225240558,0.223593724,0,"0",-3.09213004225539,-2.61138596590452,-3.16258327663758,99599,0.0378213622708785,165614,0.0646113786885882,96964,0.0356117633852272,-3.27488119654652,-2.73936474301431,-3.33507926353554,28099.7248901099,23175.4554522145,8,2005,7,2003,7,2001,31870.0836111111,24909.0153585434,22689.0674949495,0,0
"155",1685,37,3578,1608,"164-SW008-663_TCAGACTGGT-TCGATTACGC_L002_",179041,0.041047008114737,"LIMS26629p1renamed",3.65708,"247-4118_221014_L001_",181457,0.039288236757584,"LIMS26629p3",2.96496,"84-933_221007_L004_",161446,0.0357859911817385,"LIMS26629p2raw",5.75677,0.00175877135715297,0.00526101693299843,0.032832762,0.046330663,0.078582955,39,2000.85245901639,2000,41,2002.57534246575,2002,2005,2005.62465753425,3.04931506849312,4.77219851785321,181457,0.039288236757584,"LIMS26629p3",2.96496,1685,"729","BrF","3",0,155.858333333333,180.85,239.091666666667,155.508333333333,80.2,146.583333333333,0.389058951904097,"1",0.07160515,0.122767012,0.100032788,2005,8,2000,11,2002,7,129.111111111111,180.377777777778,190.833333333333,135751,0.0515375245479612,134443,0.0481907393950658,115736,0.0423162850931629,0.00334678515289544,0.00922123945479827,3,0,0.496667624,0.435562465,0.414950918,0.184259403,0.183895578,0.158380186,0.294666033,0.252176425,0.223593724,0,"0",-2.96544510463662,-3.03258840511775,-3.16258327663758,114970,0.0438661666259502,115100,0.0413715044225985,96964,0.0356117633852272,-3.12661194792848,-3.18516293410841,-3.33507926353554,23694.6108560194,16934.7219061166,8,2005,2,2009,7,2001,31870.0836111111,15756.8487832278,0,0,0
"156",1275,41,1793,1610,"20-143_221007_L002_",235564,0.0521838454492308,"LIMS26757p1raw",3.51996,"97-SW006-2599_GTAGGCCGTT-GCCACTGTCT_L002_",168755,0.0386627714805052,"LIMS26629p1renamed",14.062,"12-935_221007_L004_",164930,0.0369184101524172,"LIMS26629p2raw",5.40327,0.0135210739687256,0.0152654352968136,0.022585824,0.117477844,0.092052263,39,2000.85792349727,2000,23,1997.87123287671,1998,2002,2002.55068493151,4.67945205479441,1.69276143423895,168755,0.0386627714805052,"LIMS26629p1renamed",14.062,1275,"847","BrF","2",0,239.091666666667,80.2,145.408333333333,155.508333333333,122.383333333333,146.583333333333,0.19276339209809,"1",0.071283404,0.137289347,0.109796265,2002,7,2000,11,1997,11,180.377777777778,357.1,190.833333333333,192552,0.0705595632672468,125062,0.0472241475637441,125360,0.0463910437019979,0.0233354157035027,0.0241685195652489,2,0,0.384883592,0.390139348,0.385258414,0.165064665,0.156261387,0.142589089,0.158864064,0.175032732,0.207155623,0,"0",-2.6512980568259,-3.05284991628698,-3.07064886204523,172722,0.0633338770085904,105990,0.040227649560966,107520,0.0399649655939249,-2.75933491118044,-3.21320071975917,-3.2197520688097,37509.3216190476,25295.9978634085,7,2003,1,1998,7,2001,31870.0836111111,11906.0133333333,17228.0156410256,0,0
"157",2975,37,3571,1611,"283-638_ATCGAGAGAC-TGGAAGCAGA_L003_",289133,0.0680900614902902,"LIMS26076p2",6.08585,"384-310_221111_L001_",188326,0.0423798514911972,"LIMS26629p4",2.53277,"253-936_GATAGATCAG-CGTACGCCAT_L003_",253650,0.0569952243867839,"LIMS26757p2",3.87585,0.025710209999093,0.0110948371035063,0.065836989,0.007402351,0.048218245,39,2000.5218579235,2000,31,2004.10655737705,2004,2005,2005.61917808219,1.51262070514258,5.09732015869463,188326,0.0423798514911972,"LIMS26629p4",2.53277,2975,"669","BrF","3",0,155.858333333333,180.85,177.791666666667,155.508333333333,77.4833333333333,146.583333333333,0.372972355268786,"0",0.078296647,0.138939776,0.084979906,2005,8,2000,7,2004,2,129.111111111111,134.422222222222,131.466666666667,243484,0.0953012428688253,146967,0.0547486100673613,213198,0.0795244879805192,0.0405526328014641,0.0157767548883061,3,0,0.419030888,0.533718187,0.49265272,0.177232177,0.204654671,0.178345646,0.244605753,0.36445075,0.286397037,0,"0",-2.35071242676143,-2.90500329750529,-2.53169027983959,221706,0.0871345944201292,126898,0.0473557476765482,194340,0.0726326010701964,-2.44030129349528,-3.05006707967255,-2.62234140739074,23186.8851639344,17581.3287719298,8,2005,6,2004,7,2001,26856.1847435897,5535.702,0,0,0
"158",2975,37,3573,1611,"423-636_221111_L001_",154418,0.0348855018304765,"LIMS26629p4",4.54535,"384-310_221111_L001_",188326,0.0423798514911972,"LIMS26629p4",2.53277,"253-936_GATAGATCAG-CGTACGCCAT_L003_",253650,0.0569952243867839,"LIMS26757p2",3.87585,-0.00749434966072075,-0.0221097225563074,0.069573021,0.007402351,0.048218245,39,2000.5218579235,2000,31,2004.10655737705,2004,2005,2005.61917808219,1.51262070514258,5.09732015869463,188326,0.0423798514911972,"LIMS26629p4",2.53277,2975,"669","BrF","3",0,155.858333333333,180.85,177.791666666667,155.508333333333,77.4833333333333,146.583333333333,0.349143592598287,"1",0.090671159,0.138939776,0.084979906,2005,8,2000,7,2004,2,129.111111111111,134.422222222222,131.466666666667,115730,0.0430196430962479,146967,0.0547486100673613,213198,0.0795244879805192,-0.0117289669711134,-0.0365048448842713,3,0,0.403754828,0.533718187,0.49265272,0.177440208,0.204654671,0.178345646,0.196941035,0.36445075,0.286397037,0,"0",-3.14609845140551,-2.90500329750529,-2.53169027983959,99197,0.0369660043046342,126898,0.0473557476765482,194340,0.0726326010701964,-3.29775659127318,-3.05006707967255,-2.62234140739074,23186.8851639344,17581.3287719298,8,2005,6,2004,7,2001,26856.1847435897,5535.702,0,0,0
"159",1024,37,3652,1616,"335-2920_221014_L002_",184658,0.0392543341491364,"LIMS26629p3",2.84069,"101-SW008-3227_AGAGTATGTG-AGATGGCTTC_L002_",180757,0.0414673898288371,"LIMS26629p1renamed",8.26763,"457-4002_221111_L001_",180015,0.040428909144808,"LIMS26629p4",6.03577,-0.00221305567970072,-0.00117457499567156,0.031896623,0.099620186,0.080474935,39,2000.88524590164,2000,19,1995.49589041096,1995,2005,2005.74794520548,10.2520547945205,4.86269930384015,180757,0.0414673898288371,"LIMS26629p1renamed",8.26763,1024,"734","BrF","3",0,155.858333333333,180.85,158.033333333333,155.508333333333,106.483333333333,146.583333333333,0.390794183973003,"0",0.106339939,0.117609807,0.096132092,2005,10,2000,11,1995,7,152.366666666667,125.733333333333,190.833333333333,147595,0.0520629047011811,143532,0.0547368491473451,142853,0.0531855624137248,-0.00267394444616403,-0.00112265771254368,3,0,0.408107896,0.381792455,0.358598394,0.159982115,0.147644146,0.149898577,0.244753299,0.176432129,0.159268212,0,"0",-2.95530258571326,-2.90521813735975,-2.93396830266629,130284,0.0460137625522333,123380,0.0472971996783587,124645,0.0465704878483845,-3.07881474132211,-3.05130418865421,-3.06678824644932,23056.8984293785,21597.7070410438,11,2005,8,2006,1,2009,19966.200459699,21503.1073975985,1357.205,0,0
"160",1024,75,4901,1616,"291-3226_221014_L002_",145148,0.0309710198177077,"LIMS26629p3",4.32027,"101-SW008-3227_AGAGTATGTG-AGATGGCTTC_L002_",180757,0.0414673898288371,"LIMS26629p1renamed",8.26763,"457-4002_221111_L001_",180015,0.040428909144808,"LIMS26629p4",6.03577,-0.0104963700111294,-0.00945788932710026,0.067580415,0.099620186,0.080474935,39,2000.88524590164,2000,19,1995.49589041096,1995,2006,2006.49589041096,11,5.61064450931963,180757,0.0414673898288371,"LIMS26629p1renamed",8.26763,1024,"3851","BrF","2",0,191.041666666667,126.016666666667,158.033333333333,155.508333333333,106.483333333333,146.583333333333,0.479481317596097,"0",0.096195617,0.117609807,0.096132092,2006,7,2000,11,1995,7,172.588888888889,125.733333333333,190.833333333333,114350,0.0402827151049169,143532,0.0547368491473451,142853,0.0531855624137248,-0.0144541340424282,-0.0129028473088079,2,0,0.47036318,0.381792455,0.358598394,0.170312174,0.147644146,0.149898577,0.299921789,0.176432129,0.159268212,1,"0",-3.211832807621,-2.90521813735975,-2.93396830266629,99156,0.0350962074187013,123380,0.0472971996783587,124645,0.0465704878483845,-3.34966220509747,-3.05130418865421,-3.06678824644932,23099.9269352089,21660.6024515835,8,2006,8,2006,1,2009,19966.200459699,21503.1073975985,15966.845,0,0
"161",1757,92,5522,1616,"72-11998DH0072L01_4226_GTCTACACAT-ACCTTGGCGT_L001_",196122,0.0448621961928115,"LIMS24675",4.12991,"365-4356_221014_L002_",166290,0.0360366014188389,"LIMS26629p3",3.07796,"457-4002_221111_L001_",180015,0.040428909144808,"LIMS26629p4",6.03577,0.00882559477397257,0.0044332870480035,0.020354395,0.042947092,0.080474935,39,2000.88524590164,2000,40,2001.72602739726,2001,2009,2009.87397260274,8.14794520547957,8.9887267011004,166290,0.0360366014188389,"LIMS26629p3",3.07796,1757,"4738","BrF","2",0,172.808333333333,111.266666666667,178.875,155.508333333333,110.716666666667,146.583333333333,0.306098697028919,"1",0.031302247,0.099996752,0.096132092,2009,11,2000,11,2001,9,157.888888888889,170.922222222222,190.833333333333,153440,0.0572831280430378,128037,0.045835390635178,142853,0.0531855624137248,0.0114477374078598,0.00409756562931304,2,0,0.269662928,0.419709051,0.358598394,0.137285678,0.163808232,0.149898577,0.053947982,0.254501421,0.159268212,0,"0",-2.8597491481309,-3.08269876496529,-2.93396830266629,135202,0.0503725000302996,110283,0.0395831572536501,124645,0.0465704878483845,-2.98830988713684,-3.22935157307423,-3.06678824644932,19069.8741250425,17990.4803360132,2,2012,8,2009,1,2009,19966.200459699,18416.0193059211,7860.17349206349,0,0
"162",1757,92,5523,1616,"83-11998DH0083L01_4320_CTGCTTCCAT-GATCTATCGT_L001_",174142,0.0398773507110244,"LIMS24675",6.93842,"365-4356_221014_L002_",166290,0.0360366014188389,"LIMS26629p3",3.07796,"457-4002_221111_L001_",180015,0.040428909144808,"LIMS26629p4",6.03577,0.00384074929218545,-0.000551558433783621,0.078595876,0.042947092,0.080474935,39,2000.88524590164,2000,40,2001.72602739726,2001,2009,2009.87397260274,8.14794520547957,8.9887267011004,166290,0.0360366014188389,"LIMS26629p3",3.07796,1757,"4738","BrF","2",0,172.808333333333,111.266666666667,178.875,155.508333333333,110.716666666667,146.583333333333,0.331749660448544,"1",0.085816549,0.099996752,0.096132092,2009,11,2000,11,2001,9,157.888888888889,170.922222222222,190.833333333333,137412,0.0514263670524943,128037,0.045835390635178,142853,0.0531855624137248,0.0055909764173163,-0.00175919536123043,2,0,0.340246776,0.419709051,0.358598394,0.149572326,0.163808232,0.149898577,0.158662448,0.254501421,0.159268212,0,"0",-2.9676042603741,-3.08269876496529,-2.93396830266629,119744,0.0447595261103765,110283,0.0395831572536501,124645,0.0465704878483845,-3.10645098294083,-3.22935157307423,-3.06678824644932,19069.8741250425,17990.4803360132,6,2012,8,2009,1,2009,19966.200459699,18416.0193059211,7448.825,0,0
"163",4965,104,5540,1616,"204-5038_ATCCAGCATG-AGAGCTCTAC_L003_",274683,0.0636693937567248,"LIMS26757p2",4.09548,"13-11998DH0107L01_4539_TCCGGAGAAT-CTTCGCCTGT_L001_",135819,0.0308781262673298,"LIMS25133",10.3123,"457-4002_221111_L001_",180015,0.040428909144808,"LIMS26629p4",6.03577,0.032791267489395,0.0232404846119168,0.022430579,0.069462407,0.080474935,39,2000.88524590164,2000,75,2006.8,2006,2010,2010.61643835616,3.81643835616433,9.73119245452494,135819,0.0308781262673298,"LIMS25133",10.3123,4965,"5040","H","3",1,120.45,120.15,191.041666666667,155.508333333333,126.016666666667,146.583333333333,0.341536806165819,"1",0.060620787,0.082577775,0.096132092,2010,8,2000,11,2006,10,118.622222222222,203.866666666667,190.833333333333,236551,0.0907632262027311,97415,0.0363246248226421,142853,0.0531855624137248,0.054438601380089,0.0375776637890063,3,1,0.377819708,0.350486108,0.358598394,0.14529074,0.1388482,0.149898577,0.158743094,0.126230718,0.159268212,1,"1",-2.39950107317591,-3.31525939793034,-2.93396830266629,217513,0.0836349692383591,80207,0.0299887881011137,124645,0.0465704878483845,-2.48129355402646,-3.50693169713731,-3.06678824644932,18154.0363182674,11246.1716651249,12,2011,7,2013,1,2009,19966.200459699,10763.4656202951,9316.40117647059,0,0
"164",4965,105,5783,1616,"315-5215_230106_L002_",212648,0.049700155420558,"LIMS26757",3.78654,"13-11998DH0107L01_4539_TCCGGAGAAT-CTTCGCCTGT_L001_",135819,0.0308781262673298,"LIMS25133",10.3123,"457-4002_221111_L001_",180015,0.040428909144808,"LIMS26629p4",6.03577,0.0188220291532282,0.00927124627575003,0.024345838,0.069462407,0.080474935,39,2000.88524590164,2000,75,2006.8,2006,2011,2011.79726027397,4.99726027397264,10.9120143723333,135819,0.0308781262673298,"LIMS25133",10.3123,4965,"5155","H","5",2,162.783333333333,109.916666666667,191.041666666667,155.508333333333,126.016666666667,146.583333333333,0.344172124921491,"1",0.050291242,0.082577775,0.096132092,2011,10,2000,11,2006,10,149.588888888889,203.866666666667,190.833333333333,177219,0.0693225741382241,97415,0.0363246248226421,142853,0.0531855624137248,0.032997949315582,0.0161370117244993,5,2,0.367862638,0.350486108,0.358598394,0.140905597,0.1388482,0.149898577,0.132036336,0.126230718,0.159268212,1,"1",-2.66898468068939,-3.31525939793034,-2.93396830266629,158903,0.062480315255585,80207,0.0299887881011137,124645,0.0465704878483845,-2.77290372775945,-3.50693169713731,-3.06678824644932,17204.9405198936,10701.6580546448,2,2012,7,2013,1,2009,19966.200459699,10763.4656202951,14378.847,0,0
"165",5323,105,5646,1616,"575-4802_221118_L002_",298956,0.0683261425617332,"LIMS26757p3",3.80375,"461-4293_221111_L001_",166544,0.0372192300481548,"LIMS26629p4",4.74136,"457-4002_221111_L001_",180015,0.040428909144808,"LIMS26629p4",6.03577,0.0311069125135784,0.0278972334169252,0.034555294,0.079096617,0.080474935,39,2000.88524590164,2000,90,2009.15890410959,2008,2011,2011.60273972603,2.44383561643849,10.7174938243882,166544,0.0372192300481548,"LIMS26629p4",4.74136,5323,"5155","BrF","5",2,162.783333333333,109.916666666667,131.291666666667,155.508333333333,97.9833333333333,146.583333333333,0.363894614596688,"1",0.06852452,0.095013445,0.096132092,2011,8,2000,11,2009,2,150.666666666667,178.766666666667,190.833333333333,264837,0.100424324066133,121167,0.0445338447470122,142853,0.0531855624137248,0.0558904793191209,0.0472387616524083,5,2,0.340112977,0.397147329,0.358598394,0.139716064,0.168200707,0.149898577,0.124529814,0.199321934,0.159268212,1,"1",-2.2983508294925,-3.11150582277355,-2.93396830266629,245227,0.093106801823465,103411,0.0381153211208093,124645,0.0465704878483845,-2.37400803803952,-3.26713894852664,-3.06678824644932,17261.1616750149,7732.89969892473,8,2011,6,2009,1,2009,19966.200459699,16429.197,0,0,0
"166",1437,37,3501,1623,"431-571_221111_L001_",149700,0.032738050090018,"LIMS26629p4",4.35924,"185-SW008-481_CAACAGGTAG-GACGATAGTG_L002_",160383,0.0366085432071419,"LIMS26629p1renamed",6.93084,"70-949_221007_L004_",120978,0.0265356213027133,"LIMS26629p2raw",5.42275,-0.00387049311712394,0.00620242878730473,0.090900212,0.107106546,0.07062518,40,2001.53424657534,2001,25,1998.85205479452,1998,2005,2005.23835616438,6.38630136986285,3.70410958904108,160383,0.0366085432071419,"LIMS26629p1renamed",6.93084,1437,"710","BrF","3",0,155.858333333333,180.85,145.408333333333,178.875,122.383333333333,110.716666666667,0.39449119028469,"0",0.130353014,0.121357506,0.088444881,2005,3,2001,7,1998,11,225.666666666667,146.044444444444,103.377777777778,113258,0.0405830859473448,116519,0.043736420767289,88209,0.0317136079732684,-0.00315333481994417,0.00886947797407645,3,0,0.400010273,0.412405061,0.393674039,0.173042235,0.161893799,0.17685094,0.200869793,0.204486047,0.185029209,0,"0",-3.20440390145944,-3.12957409681909,-3.45100941660578,97463,0.0349080052053832,97546,0.036820321635655,73781,0.0265805895622431,-3.35503910056388,-3.30170536786351,-3.62757404527173,24262.4801818182,22410.278848257,7,2005,6,2005,7,2001,0,21969.7404414557,10589.575,0,0
"167",1043,37,3701,1682,"390-2953_221111_L001_",196710,0.044375099819854,"LIMS26629p4",3.21368,"11-1079_221007_L004_",169035,0.0381143710828547,"LIMS26629p2raw",3.90981,"66-2952_221007_L002_",270359,0.0602352888131038,"LIMS26757p1raw",3.47294,0.00626072873699931,-0.0158601889932497,0.027603215,0.045702171,0.029276076,40,2001.9397260274,2001,19,1995.53698630137,1995,2005,2005.77260273973,10.2356164383561,3.8328767123287,169035,0.0381143710828547,"LIMS26629p2raw",3.90981,1043,"3008","BrF","3",0,155.858333333333,180.85,158.033333333333,178.875,106.483333333333,110.716666666667,0.342338248063954,"0",0.083712793,0.065719615,0.085336247,2005,10,2001,12,1995,7,152.366666666667,125.733333333333,225.344444444444,153948,0.0574899888795919,123444,0.0459145034420814,225885,0.0833598553535139,0.0115754854375105,-0.025869866473922,3,0,0.380489284,0.335380505,0.356438356,0.145397963,0.141461873,0.157337282,0.19155881,0.118842417,0.169640427,0,"0",-2.856144452779,-3.08097423269621,-2.48458843618115,135348,0.0507246372495051,104531,0.0390124563187784,207542,0.0766758801255855,-2.98134354461165,-3.24387429105832,-2.56816809039644,21941.3990471785,21597.7070410438,12,2005,8,2002,12,2005,22134.4376105442,24266.2541121751,1461.07,0,0
"168",3022,90,5292,1682,"29-11998DH0123L01_4627_GAGATTCCAT-CTTCGCCTGT_L001_",170787,0.0383002333313072,"LIMS25133",10.2403,"565-4757_221118_L002_",260425,0.0601255878388482,"LIMS26757p3",4.43383,"66-2952_221007_L002_",270359,0.0602352888131038,"LIMS26757p1raw",3.47294,-0.021825354507541,-0.0219350554817965,0.100583359,0.050018674,0.029276076,40,2001.9397260274,2001,31,2003.98630136986,2004,2008,2008.89344262295,4.90714125308773,6.95371659555349,260425,0.0601255878388482,"LIMS26757p3",4.43383,3022,"4104","BrF","4",0,131.291666666667,97.9833333333333,177.791666666667,178.875,77.4833333333333,110.716666666667,0.421853166491327,"1",0.113921824,0.088961837,0.085336247,2008,11,2001,12,2003,12,151.8,151.322222222222,225.344444444444,131321,0.0479705505340882,225741,0.0866313828374437,225885,0.0833598553535139,-0.0386608323033555,-0.0353893048194257,4,0,0.364494739,0.421852593,0.356438356,0.145947824,0.156282465,0.157337282,0.180708216,0.200417074,0.169640427,0,"0",-3.03716798690095,-2.44609314063744,-2.48458843618115,113844,0.0415870561208269,208192,0.0801171100483872,207542,0.0766758801255855,-3.17996631107408,-2.52426583912479,-2.56816809039644,18508.059632817,14704.4833785311,8,2010,8,2011,12,2005,22134.4376105442,13076.9022440393,11425.4825324675,0,0
"169",1361,82,5155,1698,"209-4071_221014_L001_",217402,0.0481906049845513,"LIMS26629p3",3.8647,"211-4238_221014_L001_",222113,0.0486470630916922,"LIMS26629p3",3.35379,"156-4588_221007_L003_",250992,0.0559392911084077,"LIMS26757p1raw",3.93249,-0.000456458107140865,-0.00774868612385637,0.072675796,0.052077262,0.049904577,40,2001.69589041096,2001,25,1998.63287671233,1998,2007,2007.68219178082,9.04931506849312,5.98630136986299,222113,0.0486470630916922,"LIMS26629p3",3.35379,1361,"4225","BrF","4",1,164.008333333333,150.2,145.408333333333,178.875,122.383333333333,110.716666666667,0.305720209001375,"0",0.109424584,0.136560399,0.091633205,2007,9,2001,9,1998,8,151.822222222222,107.333333333333,170.922222222222,169958,0.0626452827786062,173227,0.0628014372485764,216295,0.0801261094432879,-0.000156154469970193,-0.0174808266646817,4,1,0.411439138,0.449213686,0.447430303,0.167182547,0.17954251,0.165592532,0.205089062,0.259817663,0.27856793,2,"1",-2.77026689530955,-2.76777731964604,-2.52415351743107,149659,0.0553531793970951,152632,0.0554597577707167,197619,0.0733324002494323,-2.89402117979527,-2.89209760644348,-2.61275274525021,20021.8587138508,19897.563616347,1,2009,8,2008,7,2010,17102.3702080762,18942.1575,13245.9331617647,0,0
"170",1361,103,5533,1698,"198-4586_ATTCGCACTA-TCTGTATGGT_L003_",220958,0.0506611221718491,"LIMS26757p2",5.80961,"211-4238_221014_L001_",222113,0.0486470630916922,"LIMS26629p3",3.35379,"156-4588_221007_L003_",250992,0.0559392911084077,"LIMS26757p1raw",3.93249,0.00201405908015691,-0.0052781689365586,0.077391497,0.052077262,0.049904577,40,2001.69589041096,2001,25,1998.63287671233,1998,2010,2010.22739726027,11.5945205479452,8.53150684931506,222113,0.0486470630916922,"LIMS26629p3",3.35379,1361,"5517","BrF","2",0,120.45,120.15,145.408333333333,178.875,122.383333333333,110.716666666667,0.347221914149459,"0",0.083387237,0.136560399,0.091633205,2010,3,2001,9,1998,8,141.633333333333,107.333333333333,170.922222222222,182146,0.0694347397125495,173227,0.0628014372485764,216295,0.0801261094432879,0.00663330246397308,-0.0106913697307384,2,0,0.383911254,0.449213686,0.447430303,0.170675082,0.17954251,0.165592532,0.18180244,0.259817663,0.27856793,0,"0",-2.66736796448692,-2.76777731964604,-2.52415351743107,163321,0.0624802511051122,152632,0.0554597577707167,197619,0.0733324002494323,-2.77290475449092,-2.89209760644348,-2.61275274525021,17646.3057871692,18116.5934018499,7,2010,8,2008,7,2010,17102.3702080762,18942.1575,1375.493,0,0
"171",1558,34,3021,1699,"243-3829_221014_L001_",187755,0.0409343323914135,"LIMS26629p3",3.57811,"15-853_221007_L004_",159315,0.0351989080489804,"LIMS26629p2raw",4.70586,"19-1131_221007_L004_",158707,0.0355908106188919,"LIMS26629p2raw",4.45798,0.00573542434243302,0.00534352177252155,0.06172476,0.067285598,0.056718732,40,2002.03835616438,2002,28,1999.75342465753,1999,2004,2004.81147540984,5.05805075230182,2.77311924545256,159315,0.0351989080489804,"LIMS26629p2raw",4.70586,1558,"2840","BrF","2",0,177.791666666667,77.4833333333333,142.466666666667,239.091666666667,61.9,80.2,0.310485450264866,"1",0.080657697,0.087671764,0.072531367,2004,10,2002,1,1999,10,209.433333333333,137.533333333333,227.644444444444,138835,0.0499337688371467,119229,0.0435385807091265,119880,0.0443632197632455,0.00639518812802024,0.00557054907390124,2,0,0.356008548,0.38911569,0.376247105,0.155931471,0.181153604,0.1416195,0.142101545,0.176307494,0.178975237,0,"0",-2.99705777489995,-3.13410782110882,-3.11534453655403,119879,0.0432680428913422,101739,0.0372465557057466,101859,0.0378439676755848,-3.14034095591981,-3.29019580270691,-3.27428368628931,24847.5928431373,23784.7616065574,8,2007,12,1999,9,2002,60268.6802777778,18677.6133333333,16750.6244033613,0,0
"172",3453,75,4934,1699,"435-3685_221111_L001_",178345,0.0399256615156663,"LIMS26629p4",4.86537,"82-11998DH0082L01_4319_GGTCACGAAT-CATAATACGT_L001_",180489,0.0413367648032199,"LIMS24675",7.00028,"19-1131_221007_L004_",158707,0.0355908106188919,"LIMS26629p2raw",4.45798,-0.00141110328755364,0.00433485089677435,0.064827627,0.057358221,0.056718732,40,2002.03835616438,2002,34,2004.7868852459,2004,2006,2006.68493150685,1.89804626094769,4.64657534246589,180489,0.0413367648032199,"LIMS24675",7.00028,3453,"3804","BrF","3",1,191.041666666667,126.016666666667,177.791666666667,239.091666666667,77.4833333333333,80.2,0.361233862978071,"1",0.069876781,0.068901041,0.072531367,2006,9,2002,1,2004,10,205.444444444444,209.433333333333,227.644444444444,133635,0.0496136029916787,142640,0.0533933671786646,119880,0.0443632197632455,-0.00377976418698589,0.00525038322843318,3,1,0.401868804,0.375670667,0.376247105,0.158811827,0.169846625,0.1416195,0.213087709,0.168709328,0.178975237,2,"1",-3.00349022898748,-2.93006875086807,-3.11534453655403,115920,0.0430981693845427,123742,0.0462840895898927,101859,0.0378439676755848,-3.14427475645097,-3.07295701431413,-3.27428368628931,21744.5908145363,18435.487173913,6,2007,6,2012,9,2002,60268.6802777778,12323.0009046283,11408.5315555556,0,0
"173",3453,75,4933,1699,"310-3285_221014_L002_",155924,0.0329356335462892,"LIMS26629p3",3.26584,"82-11998DH0082L01_4319_GGTCACGAAT-CATAATACGT_L001_",180489,0.0413367648032199,"LIMS24675",7.00028,"19-1131_221007_L004_",158707,0.0355908106188919,"LIMS26629p2raw",4.45798,-0.00840113125693068,-0.00265517707260269,0.060444592,0.057358221,0.056718732,40,2002.03835616438,2002,34,2004.7868852459,2004,2006,2006.68493150685,1.89804626094769,4.64657534246589,180489,0.0413367648032199,"LIMS24675",7.00028,3453,"3804","BrF","3",1,191.041666666667,126.016666666667,177.791666666667,239.091666666667,77.4833333333333,80.2,0.318606975914737,"1",0.085551842,0.068901041,0.072531367,2006,9,2002,1,2004,10,205.444444444444,209.433333333333,227.644444444444,114473,0.0400230034431163,142640,0.0533933671786646,119880,0.0443632197632455,-0.0133703637355483,-0.00434021632012925,3,1,0.416411716,0.375670667,0.376247105,0.161935039,0.169846625,0.1416195,0.21468139,0.168709328,0.178975237,2,"1",-3.21830090408892,-2.93006875086807,-3.11534453655403,97111,0.0340333043441929,123742,0.0462840895898927,101859,0.0378439676755848,-3.38041569426668,-3.07295701431413,-3.27428368628931,21744.5908145363,18435.487173913,9,2006,6,2012,9,2002,60268.6802777778,12323.0009046283,0,0,0
"174",2963,75,4886,1709,"417-3696_221111_L001_",187562,0.0424554830657758,"LIMS26629p4",4.0706,"376-4311_221014_L002_",124433,0.0258792080046777,"LIMS26629p3",3.88925,"148-SW008-650_TGGCACGAAC-CCTGACTCTT_L002_",169808,0.0389951827347984,"LIMS26629p1renamed",5.20325,0.0165762750610982,0.00346030033097749,0.067350115,0.057663485,0.086307313,40,2001.96712328767,2001,31,2004.06830601093,2003,2006,2006.37534246575,2.30703645482436,4.40821917808216,124433,0.0258792080046777,"LIMS26629p3",3.88925,2963,"3825","H","5",1,191.041666666667,126.016666666667,173.566666666667,178.875,183.266666666667,110.716666666667,0.391304431576724,"1",0.087581366,0.10728819,0.10851031,2006,5,2001,12,2004,1,172.944444444444,148.244444444444,225.344444444444,143286,0.0533886994680712,88187,0.0300808654130946,120197,0.04540513646879,0.0233078340549765,0.00798356299928113,5,1,0.400845146,0.419490023,0.459935979,0.175406638,0.190350949,0.177993735,0.193627205,0.240541362,0.270067076,2,"1",-2.93015617585886,-3.50386600993222,-3.09213004225539,124828,0.0466303830065031,74409,0.0254159193995742,99599,0.0378213622708785,-3.06550295445978,-3.67237955326743,-3.27488119654652,22583.8314325646,17861.1594827586,6,2007,7,2009,8,2005,22689.0674949495,14820.5340569878,13411.2026373626,0,0
"175",2989,75,4861,1710,"91-4534_221007_L002_",221574,0.0482838962678607,"LIMS26757p1raw",3.02599,"420-3161_221111_L001_",164074,0.0369720014574071,"LIMS26629p4",3.93036,"11-11998DH0105L01_4529_TCCGGAGAAT-AGGATAGGGT_L001_",183366,0.0417049390296723,"LIMS25133",9.20089,0.0113118948104536,0.00657895723818834,0.038005306,0.08765154,0.0962642,41,2002.38356164384,2002,31,2004.18032786885,2004,2006,2006.53150684932,2.35117898046269,4.14794520547935,164074,0.0369720014574071,"LIMS26629p4",3.93036,2989,"3816","BrF","2",0,191.041666666667,126.016666666667,177.791666666667,239.091666666667,77.4833333333333,80.2,0.387996927897442,"0",0.113112568,0.112170495,0.113187727,2006,7,2002,5,2004,3,172.588888888889,126.322222222222,229.544444444444,178434,0.0646177601332411,126177,0.0471216778751671,146572,0.0544868180973707,0.017496082258074,0.0101309420358704,2,0,0.412402312,0.411164208,0.42562739,0.173538026,0.162500479,0.177492445,0.224522073,0.237508878,0.228280374,1,"0",-2.73926598131527,-3.0550221317166,-2.90979647634116,157857,0.057125797481066,106913,0.0400332339161381,129562,0.0481881336639557,-2.86249946958397,-3.21804532192781,-3.03264247777969,17401.4689490196,18479.8110591133,2,2010,8,2006,6,2013,13220.4906183369,17903.6276896552,12457.843615222,0,0
"176",2989,104,5545,1710,"15-11998DH0109L01_4546_TCCGGAGAAT-ACGTCCTGGT_L001_",179767,0.0407478414683273,"LIMS25133",9.31163,"420-3161_221111_L001_",164074,0.0369720014574071,"LIMS26629p4",3.93036,"11-11998DH0105L01_4529_TCCGGAGAAT-AGGATAGGGT_L001_",183366,0.0417049390296723,"LIMS25133",9.20089,0.00377584001092025,-0.000957097561344981,0.085419012,0.08765154,0.0962642,41,2002.38356164384,2002,31,2004.18032786885,2004,2010,2010.58630136986,6.40597350101075,8.2027397260274,164074,0.0369720014574071,"LIMS26629p4",3.93036,2989,"5010","BrF","3",0,120.45,120.15,177.791666666667,239.091666666667,77.4833333333333,80.2,0.481486072966342,"0",0.10691239,0.112170495,0.113187727,2010,8,2002,5,2004,3,118.622222222222,126.322222222222,229.544444444444,138846,0.0515208118224006,126177,0.0471216778751671,146572,0.0544868180973707,0.0043991339472335,-0.00296600627497014,3,0,0.384605912,0.411164208,0.42562739,0.166987346,0.162500479,0.177492445,0.1799155,0.237508878,0.228280374,2,"0",-2.96576943988781,-3.0550221317166,-2.90979647634116,120068,0.0445404400265745,106913,0.0400332339161381,129562,0.0481881336639557,-3.11135773784441,-3.21804532192781,-3.03264247777969,14242.2491424242,13703.7866083916,7,2013,8,2006,6,2013,13220.4906183369,17903.6276896552,10060.5431111111,0,0
"177",3003,37,3606,1710,"14-11998DH0108L01_4544_TCCGGAGAAT-TAAGATTAGT_L001_",134330,0.0306668567659011,"LIMS25133",8.72435,"217-3167_CTTCTAACCG-TGATCAGTCT_L003_",242228,0.0561878595276019,"LIMS26076p2",4.26031,"11-11998DH0105L01_4529_TCCGGAGAAT-AGGATAGGGT_L001_",183366,0.0417049390296723,"LIMS25133",9.20089,-0.0255210027617008,-0.0110380822637712,0.086364865,0.053754156,0.0962642,41,2002.38356164384,2002,34,2004.27595628415,2004,2005,2005.62191780822,1.3459615240663,3.2383561643835,242228,0.0561878595276019,"LIMS26076p2",4.26031,3003,"755","BrF","2",0,155.858333333333,180.85,177.791666666667,239.091666666667,77.4833333333333,80.2,0.340798090851708,"0",0.103493129,0.071933074,0.113187727,2005,8,2002,5,2004,4,129.111111111111,137.633333333333,229.544444444444,98064,0.0363002109855592,190515,0.073553441395263,146572,0.0544868180973707,-0.0372532304097038,-0.0181866071118115,2,0,0.387167349,0.389494178,0.42562739,0.15362297,0.151965139,0.177492445,0.189782759,0.205986252,0.228280374,0,"0",-3.31593172545386,-2.60974304315489,-2.90979647634116,81254,0.0301014027287488,166043,0.0643938138874272,129562,0.0481881336639557,-3.50318350602915,-2.74273770813431,-3.03264247777969,17069.9806089744,19578.3149264706,7,2013,8,2006,6,2013,13220.4906183369,18496.1403694581,11430.9340350877,0,0
"178",4936,92,5337,1710,"338-4328_221014_L002_",147780,0.0308666433326959,"LIMS26629p3",2.86326,"246-4300_221014_L001_",199117,0.0436488394870171,"LIMS26629p3",3.07848,"11-11998DH0105L01_4529_TCCGGAGAAT-AGGATAGGGT_L001_",183366,0.0417049390296723,"LIMS25133",9.20089,-0.0127821961543212,-0.0108382956969764,0.027142798,0.05042832,0.0962642,41,2002.38356164384,2002,75,2006.70684931507,2006,2009,2009.36164383562,2.65479452054797,6.97808219178069,199117,0.0436488394870171,"LIMS26629p3",3.07848,4936,"4812","H","4",1,172.808333333333,111.266666666667,191.041666666667,239.091666666667,126.016666666667,80.2,0.281791364240972,"0",0.118503489,0.113329811,0.113187727,2009,5,2002,5,2006,9,166.166666666667,205.444444444444,229.544444444444,106852,0.0366135432782802,152238,0.0550164046887367,146572,0.0544868180973707,-0.0184028614104564,-0.0178732748190905,4,1,0.402184058,0.347241927,0.42562739,0.173291505,0.156363112,0.177492445,0.218717371,0.153006209,0.228280374,2,"1",-3.30733707209517,-2.90012387115451,-2.90979647634116,90252,0.030916495581556,133521,0.0483542589502721,129562,0.0481881336639557,-3.47646539992822,-3.02920097512406,-3.03264247777969,15677.5066302521,13922.2696590909,8,2009,7,2009,6,2013,13220.4906183369,13425.9367563025,7221.30916666667,0,0
"179",1437,75,4952,1722,"155-3316_221007_L003_",276876,0.0617464448438015,"LIMS26757p1raw",2.96683,"185-SW008-481_CAACAGGTAG-GACGATAGTG_L002_",160383,0.0366085432071419,"LIMS26629p1renamed",6.93084,"179-SW008-482_GTACTAAGAG-CGCTCTAGAT_L002_",169661,0.038934912449153,"LIMS26629p1renamed",3.58522,0.0251379016366596,0.0228115323946485,0.006018845,0.107106546,0.055332624,40,2001.65205479452,2001,25,1998.85205479452,1998,2006,2006.78356164384,7.93150684931493,5.13150684931497,160383,0.0366085432071419,"LIMS26629p1renamed",6.93084,1437,"3826","BrF","4",1,191.041666666667,126.016666666667,145.408333333333,178.875,122.383333333333,110.716666666667,0.412584950694906,"0",0.106982402,0.121357506,0.088507068,2006,10,2001,8,1998,11,203.866666666667,146.044444444444,122.955555555556,241134,0.0895313599471803,116519,0.043736420767289,124928,0.047194280936472,0.0457949391798914,0.0423370790107084,4,1,0.448990992,0.412405061,0.387131608,0.169838377,0.161893799,0.160320279,0.247115869,0.204486047,0.153642215,2,"1",-2.41316632460244,-3.12957409681909,-3.05348256033206,221231,0.0822397880981582,97546,0.036820321635655,102869,0.0389906023910393,-2.49811605390606,-3.30170536786351,-3.24443462622138,21305.2793548387,20831.0900657895,1,2007,6,2005,6,2005,23219.9797409806,21969.7404414557,7921.82333333334,0,0
"180",1697,75,4884,1722,"226-3787_221014_L001_",186295,0.0405938216817097,"LIMS26629p3",3.95369,"327-1126_230106_L002_",201428,0.0469066900901426,"LIMS26757",3.82254,"179-SW008-482_GTACTAAGAG-CGCTCTAGAT_L002_",169661,0.038934912449153,"LIMS26629p1renamed",3.58522,-0.00631286840843295,0.00165890923255667,0.0457194,0.050266294,0.055332624,40,2001.65205479452,2001,40,2002.03835616438,2002,2006,2006.59452054795,4.55616438356174,4.94246575342459,201428,0.0469066900901426,"LIMS26757",3.82254,1697,"3830","BrF","2",0,191.041666666667,126.016666666667,239.091666666667,178.875,80.2,110.716666666667,0.271035888062433,"1",0.068196597,0.073600285,0.088507068,2006,8,2001,8,2002,1,176.566666666667,227.644444444444,122.955555555556,142103,0.0511130194858512,163155,0.0631738979485267,124928,0.047194280936472,-0.0120608784626755,0.00391873854937926,2,0,0.354381875,0.355842673,0.387131608,0.152244651,0.154528408,0.160320279,0.120062192,0.128774743,0.153642215,1,"0",-2.9737160297656,-2.76186407028383,-3.05348256033206,122560,0.0442082810974744,144119,0.0560688481813918,102869,0.0389906023910393,-3.11884315230079,-2.88117491156885,-3.24443462622138,21727.4759672131,21926.5766753247,7,2007,9,2002,6,2005,23219.9797409806,60268.6802777778,12212.4324242424,0,0
"181",1510,34,3015,1723,"65-2956_221007_L002_",268617,0.0593399223353136,"LIMS26757p1raw",3.37602,"194-3975_CCAACTGTAT-GCGCTAGAGA_L003_",174814,0.0396214471434814,"LIMS26757p2",5.31245,"260-286_TGTCGGTGCT-AGTTCTTCCG_L003_",323160,0.0756963830520041,"LIMS26076p2",5.21577,0.0197184751918323,-0.0163564607166905,0.027061785,0.08820076,0.068512522,41,2002.41095890411,2002,28,1999.46575342466,1999,2004,2004.65573770492,5.18998428026043,2.24477880080849,174814,0.0396214471434814,"LIMS26757p2",5.31245,1510,"580","BrF","2",0,177.791666666667,77.4833333333333,142.466666666667,239.091666666667,61.9,80.2,0.301826525540793,"1",0.088168746,0.101476579,0.094319914,2004,8,2002,5,1999,6,179.655555555556,90.4,229.544444444444,227099,0.0828847569518436,138125,0.051961562228055,279797,0.109377383996719,0.0309231947237886,-0.0264926270448756,2,0,0.427048781,0.428186077,0.413449797,0.181637482,0.180299486,0.173465628,0.222615887,0.227222808,0.218996884,0,"0",-2.49030410646355,-2.95725102165683,-2.21295113800047,209120,0.0764001736125629,120379,0.0455245846491722,260669,0.102187701427234,-2.5717703103965,-3.08950277698675,-2.28094394673914,15559.4180291005,22673.3685253456,12,2005,7,2008,5,2004,15567.8058333333,19265.1351801501,17619.8690441176,0,0
"182",1550,31,1873,1724,"175-253_221007_L003_",244988,0.0543979220378846,"LIMS26757p1raw",3.61053,"33-835_221007_L004_",165131,0.0366631187636719,"LIMS26629p2raw",3.5993,"553-1087_221111_L002_",186354,0.0418502673436588,"LIMS26629p4",4.40458,0.0177348032742126,0.0125476546942257,0.050299928,0.054704041,0.110094125,40,2001.65753424658,2001,28,1999.72602739726,1999,2003,2003.92876712329,4.2027397260274,2.27123287671225,165131,0.0366631187636719,"LIMS26629p2raw",3.5993,1550,"2609","BrF","2",0,173.566666666667,183.266666666667,142.466666666667,178.875,61.9,110.716666666667,0.346789140238226,"0",0.104153095,0.11283252,0.130358162,2003,12,2001,8,1999,9,151.322222222222,110.455555555556,122.955555555556,216531,0.0799097268436974,123928,0.0455917563037787,144994,0.0539897313574468,0.0343179705399187,0.0259199954862505,2,0,0.414976579,0.44404774,0.444483963,0.170838208,0.175715477,0.182896664,0.226634456,0.241102221,0.275654582,0,"0",-2.52685769590098,-3.08802836161685,-2.91896141054786,198599,0.0734676783226778,104368,0.0385417506971037,126069,0.0470634353554196,-2.61090972019391,-3.25601319157086,-3.05625889886957,27537.4844827586,25116.2457730015,12,2003,11,1999,8,2002,42112.6126923077,17118.8133333333,0,0,0
"183",1740,34,3010,1729,"194-335_CCAGTATTCT-ACGAAGCGAT_L003_",235667,0.0547207767045989,"LIMS26076p2",5.3265,"231-3862_221014_L001_",175424,0.0388324714755495,"LIMS26629p3",3.1837,"19-11998DH0113L01_4568_CGCTCATTAT-AGGATAGGGT_L001_",128303,0.0293935853513678,"LIMS25133",12.0215,0.0158883052290494,0.0253271913532311,0.077917073,0.06332504,0.101287182,40,2001.66575342466,2001,40,2001.6904109589,2001,2004,2004.62841530055,2.93800434164245,2.9626618758889,175424,0.0388324714755495,"LIMS26629p3",3.1837,1740,"577","BrF","3",1,177.791666666667,77.4833333333333,178.875,178.875,110.716666666667,110.716666666667,0.331360857360525,"0",0.091021424,0.117317404,0.122855556,2004,8,2001,9,2001,9,179.655555555556,170.922222222222,170.922222222222,190073,0.0732452441951516,132125,0.048442224522424,93423,0.0348366210030618,0.0248030196727277,0.0384086231920898,3,1,0.382192021,0.401712094,0.388992888,0.174973164,0.170686996,0.154513745,0.205852452,0.187417439,0.208745639,3,"1",-2.61394195885618,-3.02738343809768,-3.35708611783614,167834,0.0649417016922521,112435,0.0413502095204082,77238,0.0288618261973226,-2.73426530858159,-3.18567779052628,-3.54523544983786,23875.0207301587,23875.0207301587,8,2004,1,2008,7,2013,15534.9454476509,19091.7559569378,0,0,0
"184",1791,90,5289,1729,"361-4271_230106_L002_",171525,0.0392102462784764,"LIMS26757",3.25919,"53-11998DH0053L01_4116_CAACAATGAT-CCGTGAAGGT_L001_",178772,0.0409997878681329,"LIMS24675",7.61636,"19-11998DH0113L01_4568_CGCTCATTAT-AGGATAGGGT_L001_",128303,0.0293935853513678,"LIMS25133",12.0215,-0.0017895415896565,0.00981666092710859,0.016831434,0.090356582,0.101287182,40,2001.66575342466,2001,41,2002.5397260274,2002,2009,2009.11506849315,6.57534246575324,7.44931506849298,178772,0.0409997878681329,"LIMS24675",7.61636,1791,"4066","BrF","2",0,172.808333333333,111.266666666667,239.091666666667,178.875,80.2,110.716666666667,0.47771835312451,"0",0.052554379,0.10901172,0.122855556,2009,2,2001,9,2002,7,178.766666666667,180.377777777778,170.922222222222,128878,0.0488801492524901,144328,0.0542932211347673,93423,0.0348366210030618,-0.00541307188227728,0.0140435282494282,2,0,0.352076124,0.39899303,0.388992888,0.13076524,0.140268675,0.154513745,0.123982702,0.21524958,0.208745639,0,"0",-3.01838391067644,-2.91335590081587,-3.35708611783614,111228,0.0423589940341359,126416,0.047523986873683,77238,0.0288618261973226,-3.16157450654471,-3.04652070859009,-3.54523544983786,18928.2602009987,15756.8487832278,6,2009,12,2011,7,2013,15534.9454476509,13473.742612172,16429.197,0,0
"185",3085,82,5134,1729,"436-3531_221118_L001_",236374,0.0529883858547383,"LIMS26757p3",4.12757,"79-11998DH0079L01_4286_ACAGGCGCAT-AGGCAGAGGT_L001_",179909,0.0413534310960573,"LIMS24675",6.59927,"19-11998DH0113L01_4568_CGCTCATTAT-AGGATAGGGT_L001_",128303,0.0293935853513678,"LIMS25133",12.0215,0.0116349547586809,0.0235948005033704,0.033295928,0.076082644,0.101287182,40,2001.66575342466,2001,34,2004.80601092896,2004,2007,2007.64657534247,2.8405644135039,5.98082191780804,179909,0.0413534310960573,"LIMS24675",6.59927,3085,"4202","BrF","2",0,164.008333333333,150.2,177.791666666667,178.875,77.4833333333333,110.716666666667,0.304057549840168,"0",0.068420223,0.081018259,0.122855556,2007,8,2001,9,2004,10,146.9,209.433333333333,170.922222222222,202055,0.0754983676492159,141864,0.0533002359660588,93423,0.0348366210030618,0.0221981316831571,0.0406617466461541,2,0,0.326581809,0.370151894,0.388992888,0.145620657,0.149904076,0.154513745,0.098957603,0.173305252,0.208745639,1,"0",-2.58364424350107,-2.93181452068958,-3.35708611783614,185857,0.069617348615595,123258,0.0462595077396667,77238,0.0288618261973226,-2.66474148098398,-3.07348826340133,-3.54523544983786,20217.7224863067,16750.6244033613,9,2007,6,2012,7,2013,15534.9454476509,12323.0009046283,1081.125,0,0
"186",3085,104,5589,1729,"563-4749_221118_L002_",286344,0.0661012355403975,"LIMS26757p3",4.66464,"79-11998DH0079L01_4286_ACAGGCGCAT-AGGCAGAGGT_L001_",179909,0.0413534310960573,"LIMS24675",6.59927,"19-11998DH0113L01_4568_CGCTCATTAT-AGGATAGGGT_L001_",128303,0.0293935853513678,"LIMS25133",12.0215,0.0247478044443402,0.0367076501890297,0.032424307,0.076082644,0.101287182,40,2001.66575342466,2001,34,2004.80601092896,2004,2010,2010.8301369863,6.02412605733957,9.16438356164372,179909,0.0413534310960573,"LIMS24675",6.59927,3085,"4972","BrF","2",0,120.45,120.15,177.791666666667,178.875,77.4833333333333,110.716666666667,0.31927770994305,"0",0.049922753,0.081018259,0.122855556,2010,10,2001,9,2004,10,135.322222222222,209.433333333333,170.922222222222,251850,0.0971873859061885,141864,0.0533002359660588,93423,0.0348366210030618,0.0438871499401297,0.0623507649031266,2,0,0.378347575,0.370151894,0.388992888,0.162552716,0.149904076,0.154513745,0.148954649,0.173305252,0.208745639,0,"0",-2.33111435056489,-2.93181452068958,-3.35708611783614,234133,0.0905919413855297,123258,0.0462595077396667,77238,0.0288618261973226,-2.40139001706882,-3.07348826340133,-3.54523544983786,16773.9531809842,13244.2095395738,7,2011,6,2012,7,2013,15534.9454476509,12323.0009046283,9616.95611111111,0,0
"187",3085,105,5619,1729,"19-11998DH0019L01_3766_ATGTAAGTAT-CATAGAGTGT_L001_",182748,0.0419930296387327,"LIMS24675",8.09576,"79-11998DH0079L01_4286_ACAGGCGCAT-AGGCAGAGGT_L001_",179909,0.0413534310960573,"LIMS24675",6.59927,"19-11998DH0113L01_4568_CGCTCATTAT-AGGATAGGGT_L001_",128303,0.0293935853513678,"LIMS25133",12.0215,0.000639598542675382,0.0125994442873649,0.066192016,0.076082644,0.101287182,40,2001.66575342466,2001,34,2004.80601092896,2004,2011,2011.16438356164,6.35837263268218,9.49863013698632,179909,0.0413534310960573,"LIMS24675",6.59927,3085,"5096","BrF","3",1,162.783333333333,109.916666666667,177.791666666667,178.875,77.4833333333333,110.716666666667,0.411461512004354,"0",0.077097795,0.081018259,0.122855556,2011,3,2001,9,2004,10,131.488888888889,209.433333333333,170.922222222222,145887,0.0548066173687084,141864,0.0533002359660588,93423,0.0348366210030618,0.00150638140264963,0.0199699963656466,3,1,0.347833028,0.370151894,0.388992888,0.143991235,0.149904076,0.154513745,0.136024663,0.173305252,0.208745639,1,"1",-2.90394433741502,-2.93181452068958,-3.35708611783614,127031,0.0477217016856843,123258,0.0462595077396667,77238,0.0288618261973226,-3.04236902258762,-3.07348826340133,-3.54523544983786,16506.8380213577,13076.8516433566,6,2011,6,2012,7,2013,15534.9454476509,12323.0009046283,7520.86666666667,0,0
"188",5604,116,5822,1729,"227-5416_CTCTATACTG-CGTTCAACCG_L003_",327988,0.0759006399903188,"LIMS26757p2",3.04163,"18-11998DH0018L01_3762_CGGCGTGAAT-ACAGGCGCGT_L001_",185899,0.0424955257909072,"LIMS24675",7.88699,"19-11998DH0113L01_4568_CGCTCATTAT-AGGATAGGGT_L001_",128303,0.0293935853513678,"LIMS25133",12.0215,0.0334051141994116,0.0465070546389509,0.002047023,0.094700761,0.101287182,40,2001.66575342466,2001,104,2010.83561643836,2010,2012,2012.33333333333,1.4977168949772,10.6675799086756,185899,0.0424955257909072,"LIMS24675",7.88699,5604,"5599","H","3",1,112.45,83.8166666666667,120.45,178.875,120.15,110.716666666667,0.334108423744424,"1",0.085041579,0.116481379,0.122855556,2012,5,2001,9,2010,11,105.355555555556,143.511111111111,170.922222222222,291083,0.112589224047871,147133,0.0550113306918154,93423,0.0348366210030618,0.0575778933560554,0.077752603044809,3,1,0.4063071,0.396094345,0.388992888,0.171438473,0.166110318,0.154513745,0.163665268,0.199290775,0.208745639,0,"1",-2.18400926902963,-2.90021610238888,-3.35708611783614,272612,0.105654842031484,128442,0.0479409618921982,77238,0.0288618261973226,-2.24757770509962,-3.03778498567576,-3.54523544983786,15615.1846887112,8817.95064327485,7,2012,6,2011,7,2013,15534.9454476509,12225.5026785714,5473.49333333333,0,0
"189",1790,82,5160,1731,"399-4315_221111_L001_",146670,0.0325489180003225,"LIMS26629p4",4.43096,"192-3995_221014_L001_",196563,0.0431403205218806,"LIMS26629p3",4.75485,"70-11998DH0070L01_4218_ATTGTGAAAT-GCAATGCAGT_L001_",191380,0.0438529552942916,"LIMS24675",6.75242,-0.0105914025215581,-0.011304037293969,0.090424215,0.072808221,0.104665162,41,2002.55068493151,2002,41,2002.87671232877,2002,2007,2007.78082191781,4.90410958904113,5.23013698630143,196563,0.0431403205218806,"LIMS26629p3",4.75485,1790,"4272","BrF","4",1,164.008333333333,150.2,239.091666666667,239.091666666667,80.2,80.2,0.369448946805702,"0",0.125216401,0.087059056,0.125521159,2007,10,2002,7,2002,11,142.744444444444,209.833333333333,180.377777777778,108504,0.0395629498547133,153573,0.0555294221294097,149909,0.0562732132590749,-0.0159664722746964,-0.0167102634043616,4,1,0.388381625,0.352264909,0.419195847,0.175147287,0.171090227,0.175433214,0.170040909,0.161949701,0.22702669,1,"1",-3.22986220840714,-2.89084227024036,-2.87753664286531,91797,0.0335596997321038,134335,0.048722540705136,131460,0.0492813707477525,-3.39442934461911,-3.02161350782002,-3.01020914464549,15995.8185714286,13560.7140564972,7,2009,7,2008,2,2012,13357.296185907,12910.8364322251,13489.9796536797,0,0
"190",1790,87,5265,1731,"405-4023_221111_L001_",180033,0.040678742244752,"LIMS26629p4",3.82585,"192-3995_221014_L001_",196563,0.0431403205218806,"LIMS26629p3",4.75485,"70-11998DH0070L01_4218_ATTGTGAAAT-GCAATGCAGT_L001_",191380,0.0438529552942916,"LIMS24675",6.75242,-0.00246157827712862,-0.00317421304953958,0.082457735,0.072808221,0.104665162,41,2002.55068493151,2002,41,2002.87671232877,2002,2008,2008.45901639344,5.58230406467555,5.90833146193586,196563,0.0431403205218806,"LIMS26629p3",4.75485,1790,"4576","BrF","5",2,131.291666666667,97.9833333333333,239.091666666667,239.091666666667,80.2,80.2,0.353695688519551,"0",0.140169104,0.087059056,0.125521159,2008,6,2002,7,2002,11,93.6888888888889,209.833333333333,180.377777777778,136826,0.050817288860957,153573,0.0555294221294097,149909,0.0562732132590749,-0.00471213326845277,-0.00545592439811792,5,2,0.41103499,0.352264909,0.419195847,0.178741546,0.171090227,0.175433214,0.213301239,0.161949701,0.22702669,1,"1",-2.97951865038887,-2.89084227024036,-2.87753664286531,118915,0.0442893795142506,134335,0.048722540705136,131460,0.0492813707477525,-3.11701037075793,-3.02161350782002,-3.01020914464549,14959.0415649452,12743.7917998244,1,2009,7,2008,2,2012,13357.296185907,12910.8364322251,21957.4898214286,0,0
"191",2989,92,5447,1731,"214-4464_221014_L001_",191740,0.0419153764078251,"LIMS26629p3",2.7586,"420-3161_221111_L001_",164074,0.0369720014574071,"LIMS26629p4",3.93036,"70-11998DH0070L01_4218_ATTGTGAAAT-GCAATGCAGT_L001_",191380,0.0438529552942916,"LIMS24675",6.75242,0.00494337495041799,-0.00193757888646647,0.00645362,0.08765154,0.104665162,41,2002.55068493151,2002,31,2004.18032786885,2004,2009,2009.35068493151,5.17035706265438,6.79999999999995,164074,0.0369720014574071,"LIMS26629p4",3.93036,2989,"4751","BrF","2",0,172.808333333333,111.266666666667,177.791666666667,239.091666666667,77.4833333333333,80.2,0.360095658616737,"1",0.110112349,0.112170495,0.125521159,2009,5,2002,7,2004,3,166.166666666667,126.322222222222,180.377777777778,143208,0.0519926690978016,126177,0.0471216778751671,149909,0.0562732132590749,0.00487099122263446,-0.00428054416127331,2,0,0.398882141,0.411164208,0.419195847,0.174208857,0.162500479,0.175433214,0.182304647,0.237508878,0.22702669,1,"0",-2.9566525492276,-3.0550221317166,-2.87753664286531,124281,0.0452094011570928,106913,0.0400332339161381,131460,0.0492813707477525,-3.09645022356975,-3.21804532192781,-3.01020914464549,15670.2641933588,15564.988202765,7,2009,8,2006,2,2012,13357.296185907,17903.6276896552,9597.86333333333,0,0
"192",5168,104,5575,1731,"23-11998DH0117L01_4586_CGCTCATTAT-ACGTCCTGGT_L001_",190962,0.0435264807080398,"LIMS25133",9.74675,"265-4297_221014_L001_",196335,0.0424089134882532,"LIMS26629p3",4.56688,"70-11998DH0070L01_4218_ATTGTGAAAT-GCAATGCAGT_L001_",191380,0.0438529552942916,"LIMS24675",6.75242,0.00111756721978655,-0.00032647458625179,0.057089797,0.121157332,0.104665162,41,2002.55068493151,2002,82,2007.80821917808,2007,2010,2010.6301369863,2.82191780821904,8.0794520547945,196335,0.0424089134882532,"LIMS26629p3",4.56688,5168,"5009","BrF","2",1,120.45,120.15,164.008333333333,239.091666666667,150.2,80.2,0.398157332079388,"0",0.067768494,0.146690512,0.125521159,2010,8,2002,7,2007,10,118.622222222222,142.744444444444,180.377777777778,147197,0.0547084793644387,150626,0.0539968887173424,149909,0.0562732132590749,0.000711590647096277,-0.00156473389463622,2,1,0.384666397,0.489460776,0.419195847,0.161015854,0.176548516,0.175433214,0.148094116,0.301183721,0.22702669,2,"1",-2.90573656576464,-2.91882885042326,-2.87753664286531,128746,0.0478388343394762,131427,0.0472423143666885,131460,0.0492813707477525,-3.03991753545024,-3.05246529717884,-3.01020914464549,14231.0698211656,10456.5059327731,7,2013,7,2009,2,2012,13357.296185907,13489.9796536797,10060.5431111111,0,0
"193",5516,105,5753,1731,"43-11998DH0043L01_4089_AAGATACTAT-ATGTAAGTGT_L001_",169715,0.0389351415579845,"LIMS24675",7.67953,"44-11998DH0044L01_4090_GGAGCGTCAT-GCACGGACGT_L001_",170463,0.0391227981868052,"LIMS24675",6.75991,"70-11998DH0070L01_4218_ATTGTGAAAT-GCAATGCAGT_L001_",191380,0.0438529552942916,"LIMS24675",6.75242,-0.000187656628820719,-0.00491781373630706,0.119016539,0.088999708,0.104665162,41,2002.55068493151,2002,92,2009.86301369863,2009,2011,2011.60273972603,1.73972602739741,9.0520547945207,170463,0.0391227981868052,"LIMS24675",6.75991,5516,"5148","BrF","2",0,162.783333333333,109.916666666667,172.808333333333,239.091666666667,111.266666666667,80.2,0.46837393299664,"1",0.134492986,0.108766678,0.125521159,2011,8,2002,7,2009,11,150.666666666667,157.888888888889,180.377777777778,127235,0.0473690909748937,135085,0.0507079886744173,149909,0.0562732132590749,-0.00333889769952356,-0.00890412228418114,2,0,0.401717592,0.419298488,0.419195847,0.169253691,0.180927244,0.175433214,0.206756974,0.205382321,0.22702669,0,"0",-3.04978535212096,-2.98167181325471,-2.87753664286531,108509,0.0403070525723893,116285,0.0436027372915107,131460,0.0492813707477525,-3.21122882354427,-3.13263534868247,-3.01020914464549,13560.6923636364,7057.81766233766,12,2011,12,2011,2,2012,13357.296185907,8141.80746153846,9490.493,0,0
"194",1827,104,5612,1744,"243-4733_CAACTACCGC-ATGCTGCAGG_L003_",244530,0.0556993408470186,"LIMS26757p2",4.21895,"44-2928_221007_L002_",247575,0.0550408820653355,"LIMS26757p1raw",3.7389,"413-4277_221111_L001_",150896,0.0336790403840744,"LIMS26629p4",4.11154,0.000658458781683087,0.0220203004629442,0.057499627,0.059862472,0.065860908,40,2001.69863013699,2001,41,2002.97808219178,2002,2010,2010.85479452055,7.8767123287671,9.15616438356165,247575,0.0550408820653355,"LIMS26757p1raw",3.7389,1827,"5000","BrF","2",0,120.45,120.15,239.091666666667,178.875,80.2,110.716666666667,0.346039299131276,"1",0.074939779,0.093036636,0.085132388,2010,11,2001,9,2002,12,143.511111111111,232.422222222222,170.922222222222,205353,0.0777638996375934,204410,0.0753422559462276,111987,0.041263798833526,0.00242164369136576,0.0365001008040674,2,0,0.383942413,0.393915978,0.381587174,0.170760311,0.154845495,0.142031896,0.181244331,0.193597879,0.200936693,1,"0",-2.554077970427,-2.58571413362755,-3.18776970496346,187157,0.0710725196122315,186889,0.0689588623408521,94965,0.0351462172944375,-2.64405452022875,-2.67424515014022,-3.34823828260646,16768.1577608518,12413.4817620614,7,2011,12,2005,6,2009,18648.7029386868,13076.7228528529,10798.2336111111,0,0
"195",3453,87,5322,1744,"513-4290_221111_L002_",185783,0.0416954630884022,"LIMS26629p4",4.2763,"82-11998DH0082L01_4319_GGTCACGAAT-CATAATACGT_L001_",180489,0.0413367648032199,"LIMS24675",7.00028,"413-4277_221111_L001_",150896,0.0336790403840744,"LIMS26629p4",4.11154,0.000358698285182257,0.00801642270432779,0.045458491,0.057358221,0.065860908,40,2001.69863013699,2001,34,2004.7868852459,2004,2008,2008.79781420765,4.0109289617485,7.0991840706638,180489,0.0413367648032199,"LIMS24675",7.00028,3453,"4538","BrF","2",0,131.291666666667,97.9833333333333,177.791666666667,178.875,77.4833333333333,110.716666666667,0.41831310172568,"1",0.063121244,0.068901041,0.085132388,2008,10,2001,9,2004,10,163.188888888889,209.433333333333,170.922222222222,141418,0.0524296162968533,142640,0.0533933671786646,111987,0.041263798833526,-0.000963750881811255,0.0111658174633273,2,0,0.394830581,0.375670667,0.381587174,0.169607435,0.169846625,0.142031896,0.178010231,0.168709328,0.200936693,0,"0",-2.94828365081369,-2.93006875086807,-3.18776970496346,122589,0.0456550361630344,123742,0.0462840895898927,94965,0.0351462172944375,-3.08664135682052,-3.07295701431413,-3.34823828260646,18639.8028084815,14835.7682568027,6,2009,6,2012,6,2009,18648.7029386868,12323.0009046283,21282.92,0,0
"196",3453,90,5321,1744,"30-11998DH0124L01_4636_GAGATTCCAT-TAAGATTAGT_L001_",170811,0.0384266665817437,"LIMS25133",9.42736,"82-11998DH0082L01_4319_GGTCACGAAT-CATAATACGT_L001_",180489,0.0413367648032199,"LIMS24675",7.00028,"413-4277_221111_L001_",150896,0.0336790403840744,"LIMS26629p4",4.11154,-0.00291009822147625,0.00474762619766928,0.099959267,0.057358221,0.065860908,40,2001.69863013699,2001,34,2004.7868852459,2004,2008,2009.20821917808,4.42133393218046,7.50958904109575,180489,0.0413367648032199,"LIMS24675",7.00028,3453,"4105","BrF","3",0,131.291666666667,97.9833333333333,177.791666666667,178.875,77.4833333333333,110.716666666667,0.441210114633185,"1",0.114340866,0.068901041,0.085132388,2009,3,2001,9,2004,10,201.644444444444,209.433333333333,170.922222222222,134645,0.0491731397357598,142640,0.0533933671786646,111987,0.041263798833526,-0.0042202274429048,0.00790934090223378,3,0,0.397561558,0.375670667,0.381587174,0.170901442,0.169846625,0.142031896,0.193737177,0.168709328,0.200936693,0,"0",-3.01240774489364,-2.93006875086807,-3.18776970496346,117545,0.0428595357352385,123742,0.0462840895898927,94965,0.0351462172944375,-3.14982712111767,-3.07295701431413,-3.34823828260646,19001.2336361416,15888.3206289308,9,2013,6,2012,6,2009,18648.7029386868,12323.0009046283,8770.49624915825,0,0
"197",1605,105,5603,1750,"348-4724_230106_L002_",186877,0.0436493600222822,"LIMS26757",4.38235,"80-11998DH0080L01_4306_GTGAATATAT-GAATGAGAGT_L001_",192578,0.044150622652508,"LIMS24675",4.1245,"389-4044_221111_L001_",186667,0.0420929137577768,"LIMS26629p4",3.62802,-0.000501262630225749,0.00155644626450537,0.076969295,0.019811407,0.039825713,41,2002.57260273973,2002,39,2000.84699453552,2000,2011,2011.24657534247,10.3995808069467,8.6739726027397,192578,0.044150622652508,"LIMS24675",4.1245,1605,"5080","BrF","4",1,162.783333333333,109.916666666667,155.508333333333,239.091666666667,146.583333333333,80.2,0.298902417584031,"1",0.100227998,0.03849052,0.088239375,2011,4,2002,7,2000,11,144.5,190.833333333333,180.377777777778,149416,0.0579360759936276,149023,0.0556576283767234,142367,0.052935775746504,0.00227844761690425,0.00500030024712366,4,1,0.441529376,0.342630425,0.343266431,0.182300981,0.163324354,0.148588991,0.187728111,0.03969173,0.144713386,2,"1",-2.84841501427738,-2.88853613290603,-2.93867587859494,133362,0.0519620082265803,129880,0.0484082583744605,125029,0.0466334225170008,-2.95724243845432,-3.02808485224328,-3.06543777353602,13678.4419487871,17444.2977726984,6,2011,7,2009,1,2009,15649.8439857189,19553.4767362637,10008.1733333333,0,0
"198",1705,34,3009,1750,"246-338_ATACACACCT-AGTGTGATAG_L003_",314204,0.0739368877109437,"LIMS26076p2",5.5078,"63-668_221007_L002_",243282,0.0549955918315278,"LIMS26757p1raw",3.44483,"389-4044_221111_L001_",186667,0.0420929137577768,"LIMS26629p4",3.62802,0.0189412958794158,0.0318439739531668,0.070906342,0.040997376,0.039825713,41,2002.57260273973,2002,41,2002.59452054795,2002,2004,2004.62568306011,2.0311625121642,2.05308032038329,243282,0.0549955918315278,"LIMS26757p1raw",3.44483,1705,"566","H","4",1,177.791666666667,77.4833333333333,239.091666666667,239.091666666667,80.2,80.2,0.322328841792526,"0",0.093384534,0.095498792,0.088239375,2004,8,2002,7,2002,8,179.655555555556,176.522222222222,180.377777777778,265475,0.104274198610337,203309,0.0766086840327037,142367,0.052935775746504,0.0276655145776336,0.0513384228638334,4,1,0.377493457,0.413284839,0.343266431,0.163619447,0.167613272,0.148588991,0.175778711,0.215687636,0.144713386,3,"1",-2.26073132427666,-2.56904484008817,-2.93867587859494,246175,0.0969699249676978,184156,0.0695549118768392,125029,0.0466334225170008,-2.33335440043418,-2.66563873942793,-3.06543777353602,15703.6057846154,15527.3380666667,8,2004,9,2005,1,2009,15649.8439857189,16222.862311522,0,0,0
"199",1705,37,3608,1750,"87-11998DH0087L01_4326_CTCACCAAAT-TTGCCTAGGT_L001_",172908,0.0400902221414028,"LIMS24675",5.14758,"63-668_221007_L002_",243282,0.0549955918315278,"LIMS26757p1raw",3.44483,"389-4044_221111_L001_",186667,0.0420929137577768,"LIMS26629p4",3.62802,-0.014905369690125,-0.00200269161637404,0.101108477,0.040997376,0.039825713,41,2002.57260273973,2002,41,2002.59452054795,2002,2005,2005.66301369863,3.06849315068484,3.09041095890393,243282,0.0549955918315278,"LIMS26757p1raw",3.44483,1705,"646","H","5",1,155.858333333333,180.85,239.091666666667,239.091666666667,80.2,80.2,0.367704681413664,"0",0.115713306,0.095498792,0.088239375,2005,8,2002,7,2002,8,129.111111111111,176.522222222222,180.377777777778,131702,0.0495109377968988,203309,0.0766086840327037,142367,0.052935775746504,-0.0270977462358049,-0.00342483794960517,5,1,0.405875459,0.413284839,0.343266431,0.166001262,0.167613272,0.148588991,0.201916362,0.215687636,0.144713386,3,"1",-3.00556166822288,-2.56904484008817,-2.93867587859494,112911,0.0424083837886348,184156,0.0695549118768392,125029,0.0466334225170008,-3.16040920542637,-2.66563873942793,-3.06543777353602,16934.7219061166,16672.2036186186,6,2012,9,2005,1,2009,15649.8439857189,16222.862311522,11053.4634234499,0,0
"200",3590,92,5518,1750,"85-11998DH0085L01_4324_AGGTTATAAT-CGGAACTGGT_L001_",173963,0.0396529615214696,"LIMS24675",7.19803,"274-4270_221014_L001_",171200,0.0368958951693296,"LIMS26629p3",4.85168,"389-4044_221111_L001_",186667,0.0420929137577768,"LIMS26629p4",3.62802,0.00275706635213996,-0.00243995223630725,0.09172143,0.07943194,0.039825713,41,2002.57260273973,2002,37,2005.6301369863,2005,2009,2009.84383561644,4.21369863013706,7.27123287671225,171200,0.0368958951693296,"LIMS26629p3",4.85168,3590,"4809","BrF","2",0,172.808333333333,111.266666666667,155.858333333333,239.091666666667,180.85,80.2,0.371812173111107,"0",0.110531391,0.092586398,0.088239375,2009,11,2002,7,2005,8,157.888888888889,129.111111111111,180.377777777778,137683,0.0515702168508217,129306,0.0462098583284921,142367,0.052935775746504,0.0053603585223296,-0.0013655588956823,2,0,0.362655453,0.393828917,0.343266431,0.165860131,0.17221561,0.148588991,0.161999189,0.205341081,0.144713386,1,"0",-2.96481096594805,-3.07456211992392,-2.93867587859494,119540,0.0447558176020909,111314,0.039924578289111,125029,0.0466334225170008,-3.10653384042948,-3.2207631475139,-3.06543777353602,14992.2619994893,13279.3605241327,6,2012,6,2009,1,2009,15649.8439857189,14188.6794172063,7448.825,0,0
"201",2985,37,3498,1752,"13-3296_221007_L002_",256310,0.0576940374816091,"LIMS26757p1raw",4.14606,"354-4361_221014_L002_",151556,0.0321523782676618,"LIMS26629p3",3.11101,"201-4065_221014_L001_",189411,0.041292007934772,"LIMS26629p3",3.86382,0.0255416592139473,0.0164020295468372,0.071992776,0.029750881,0.043975241,41,2002.62739726027,2002,31,2003.84931506849,2003,2005,2005.38082191781,1.53150684931506,2.7534246575342,151556,0.0321523782676618,"LIMS26629p3",3.11101,2985,"680","H","3",1,155.858333333333,180.85,173.566666666667,239.091666666667,183.266666666667,80.2,0.298241581480585,"0",0.087621931,0.113292745,0.053010384,2005,5,2002,8,2003,11,190.777777777778,155.488888888889,176.522222222222,216198,0.0813802817346719,114085,0.0398272253644371,149891,0.0540191672601158,0.0415530563702347,0.027361114474556,3,1,0.389737033,0.401219968,0.431564974,0.166739909,0.160458661,0.183432778,0.192052769,0.198679513,0.174854944,1,"1",-2.50862227445008,-3.22320454616746,-2.91841634613605,196545,0.0742045320369256,98282,0.034333837090195,131678,0.0475825379266569,-2.60093005200926,-3.3716239069983,-3.04528943533111,16804.811631016,18593.8921052632,1,2007,8,2009,1,2009,15573.9807725608,15260.450426501,17039.5886190476,0,0
"202",2985,82,5126,1752,"84-3523_221007_L002_",329487,0.0747673284116327,"LIMS26757p1raw",3.88415,"354-4361_221014_L002_",151556,0.0321523782676618,"LIMS26629p3",3.11101,"201-4065_221014_L001_",189411,0.041292007934772,"LIMS26629p3",3.86382,0.0426149501439708,0.0334753204768607,0.036115342,0.029750881,0.043975241,41,2002.62739726027,2002,31,2003.84931506849,2003,2007,2007.63287671233,3.78356164383581,5.00547945205494,151556,0.0321523782676618,"LIMS26629p3",3.11101,2985,"4222","H","5",1,164.008333333333,150.2,173.566666666667,239.091666666667,183.266666666667,80.2,0.301335075290969,"1",0.091918092,0.113292745,0.053010384,2007,8,2002,8,2003,11,146.9,155.488888888889,176.522222222222,290463,0.109617954379345,114085,0.0398272253644371,149891,0.0540191672601158,0.0697907290149083,0.0555987871192296,5,1,0.37741556,0.401219968,0.431564974,0.154653043,0.160458661,0.183432778,0.175285668,0.198679513,0.174854944,2,"1",-2.21075410055502,-3.22320454616746,-2.91841634613605,270822,0.102433174738854,98282,0.034333837090195,131678,0.0475825379266569,-2.27854464678522,-3.3716239069983,-3.04528943533111,16248.9280437158,16651.7252173913,8,2007,8,2009,1,2009,15573.9807725608,15260.450426501,0,0,0
"203",2985,82,5125,1752,"358-4340_221014_L002_",134489,0.0282363199861325,"LIMS26629p3",3.13608,"354-4361_221014_L002_",151556,0.0321523782676618,"LIMS26629p3",3.11101,"201-4065_221014_L001_",189411,0.041292007934772,"LIMS26629p3",3.86382,-0.00391605828152935,-0.0130556879486395,0.042542211,0.029750881,0.043975241,41,2002.62739726027,2002,31,2003.84931506849,2003,2007,2007.63287671233,3.78356164383581,5.00547945205494,151556,0.0321523782676618,"LIMS26629p3",3.11101,2985,"4222","H","5",1,164.008333333333,150.2,173.566666666667,239.091666666667,183.266666666667,80.2,0.330283585459827,"0",0.093827154,0.113292745,0.053010384,2007,8,2002,8,2003,11,146.9,155.488888888889,176.522222222222,100670,0.0346329340875199,114085,0.0398272253644371,149891,0.0540191672601158,-0.00519429127691723,-0.0193862331725959,5,1,0.36442234,0.401219968,0.431564974,0.157441756,0.160458661,0.183432778,0.16247207,0.198679513,0.174854944,2,"1",-3.36295019740208,-3.22320454616746,-2.91841634613605,85839,0.0295309034096488,98282,0.034333837090195,131678,0.0475825379266569,-3.52231799074984,-3.3716239069983,-3.04528943533111,16248.9280437158,16651.7252173913,7,2009,8,2009,1,2009,15573.9807725608,15260.450426501,12788.3485326087,0,0
"204",2985,87,5236,1752,"108-3634_221007_L003_",307128,0.0695800900209839,"LIMS26757p1raw",3.25012,"354-4361_221014_L002_",151556,0.0321523782676618,"LIMS26629p3",3.11101,"201-4065_221014_L001_",189411,0.041292007934772,"LIMS26629p3",3.86382,0.037427711753322,0.0282880820862119,0.007232114,0.029750881,0.043975241,41,2002.62739726027,2002,31,2003.84931506849,2003,2008,2008.41530054645,4.56598547795511,5.78790328617424,151556,0.0321523782676618,"LIMS26629p3",3.11101,2985,"4528","H","5",1,131.291666666667,97.9833333333333,173.566666666667,239.091666666667,183.266666666667,80.2,0.277232325811715,"1",0.095460904,0.113292745,0.053010384,2008,6,2002,8,2003,11,93.6888888888889,155.488888888889,176.522222222222,267790,0.101307767720333,114085,0.0398272253644371,149891,0.0540191672601158,0.0614805423558957,0.047288600460217,5,1,0.362866233,0.401219968,0.431564974,0.167787395,0.160458661,0.183432778,0.175501947,0.198679513,0.174854944,0,"1",-2.28959219030862,-3.22320454616746,-2.91841634613605,247683,0.0938950981073419,98282,0.034333837090195,131678,0.0475825379266569,-2.36557709746025,-3.3716239069983,-3.04528943533111,14854.2999637827,14754.4045162338,7,2008,8,2009,1,2009,15573.9807725608,15260.450426501,5607.405,0,0
"205",1508,30,1828,1754,"338-197_230106_L002_",256502,0.0607676625897743,"LIMS26757",4.95334,"538_GTAAGCACAG-AGTAATGCCT_L001_",151471,0.0341042407151183,"LIMS26076p4",7.36805,"132-SW008-1145_ACTTCAACAG-GCGTGAGCAT_L002_",182671,0.0421359807194838,"LIMS26629p1renamed",4.13991,0.026663421874656,0.0186316818702905,0.052341654,0.083667888,0.041610563,40,2001.71506849315,2001,28,1999.23287671233,1999,2003,2003.60821917808,4.37534246575342,1.89315068493147,151471,0.0341042407151183,"LIMS26076p4",7.36805,1508,"506","BrF","2",0,173.566666666667,183.266666666667,142.466666666667,178.875,61.9,110.716666666667,0.571632837903758,"0",0.072475152,0.09820702,0.047912792,2003,8,2001,9,1999,3,172.311111111111,140.333333333333,170.922222222222,225866,0.0893632857084042,106830,0.0393105880042266,132976,0.0506501341122911,0.0500526977041775,0.038713151596113,2,0,0.402802652,0.357492256,0.401050427,0.158168489,0.158308704,0.157954043,0.199856216,0.145880008,0.205227443,0,"0",-2.41504535555513,-3.23626138152677,-2.98281340046684,209671,0.0833394860510028,89479,0.0330615529819862,112358,0.0429649655099183,-2.48483281990146,-3.4093842130408,-3.1473702509656,28668.1701449275,24438.7773584906,8,2003,9,2002,9,2002,47347.5980769231,28345.425503876,0,0,0
"206",1892,30,1870,1754,"288-247_221014_L002_",161598,0.0341907870344288,"LIMS26629p3",3.50132,"45-6_221007_L002_",204917,0.0458614314504429,"LIMS26757p1raw",5.15075,"132-SW008-1145_ACTTCAACAG-GCGTGAGCAT_L002_",182671,0.0421359807194838,"LIMS26629p1renamed",4.13991,-0.0116706444160141,-0.00794519368505495,0.030283972,0.098640516,0.041610563,40,2001.71506849315,2001,40,2001.73698630137,2001,2003,2003.6,1.86301369863008,1.88493150684917,204917,0.0458614314504429,"LIMS26757p1raw",5.15075,1892,"507","BrF","2",0,173.566666666667,183.266666666667,178.875,178.875,110.716666666667,110.716666666667,0.41568781042005,"0",0.090617105,0.110227663,0.047912792,2003,8,2001,9,2001,9,172.311111111111,170.922222222222,170.922222222222,126276,0.0443595173645287,158321,0.0586582545235229,132976,0.0506501341122911,-0.0142987371589941,-0.00629061674776241,2,0,0.41159035,0.411164208,0.401050427,0.153461678,0.171587852,0.157954043,0.224671452,0.215559335,0.205227443,0,"0",-3.1154279965292,-2.83602697169684,-2.98281340046684,110611,0.0388837032650536,139329,0.0517791427216435,112358,0.0429649655099183,-3.24718005533899,-2.96076786096336,-3.1473702509656,28668.1701449275,28668.1701449275,12,2003,9,2002,9,2002,47347.5980769231,47347.5980769231,20669.228,0,0
"207",5284,104,5604,1762,"18-11998DH0018L01_3762_CGGCGTGAAT-ACAGGCGCGT_L001_",185899,0.0424955257909072,"LIMS24675",7.88699,"407-4089_221111_L001_",158512,0.0354930947858289,"LIMS26629p4",3.88266,"225-3905_221014_L001_",201924,0.0444685065740144,"LIMS26629p3",3.83264,0.00700243100507823,-0.00197298078310727,0.094700761,0.059855874,0.089913119,41,2002.77260273973,2002,90,2008.85519125683,2008,2010,2010.83561643836,1.98042518152556,8.06301369863013,158512,0.0354930947858289,"LIMS26629p4",3.88266,5284,"4969","BrF","3",0,120.45,120.15,131.291666666667,239.091666666667,97.9833333333333,80.2,0.415296963820074,"0",0.116481379,0.082330159,0.104784232,2010,11,2002,10,2008,11,143.511111111111,151.8,194.488888888889,147133,0.0550113306918154,120500,0.0441528581437464,163589,0.0596885263908592,0.0108584725480691,-0.00467719569904377,3,0,0.396094345,0.371918781,0.410412731,0.166110318,0.146745123,0.178481278,0.199290775,0.17187378,0.219019795,1,"0",-2.90021610238888,-3.12009761690983,-2.81861546481182,128442,0.0479409618921982,102766,0.0377129663005271,144546,0.0528713717265818,-3.03778498567576,-3.27775130995883,-2.93989326379838,12968.208268462,10599.9826,6,2011,2,2009,1,2008,13889.406984127,11454.1666666667,12225.5026785714,0,0
"208",5657,125,6279,1762,"212-7328_TGGCACTGAT-GCCATAGAAT_L003_",177126,0.0409130802562051,"LIMS26076p2",5.32369,"32-11998DH0032L01_3886_AATGCCTCAT-TGGATCGAGT_L001_",180570,0.0414816074064837,"LIMS24675",6.6926,"225-3905_221014_L001_",201924,0.0444685065740144,"LIMS26629p3",3.83264,-0.000568527150278601,-0.00355542631780937,0.091424688,0.015675901,0.089913119,41,2002.77260273973,2002,105,2011.64109589041,2011,2014,2014.52602739726,2.8849315068494,11.7534246575344,180570,0.0414816074064837,"LIMS24675",6.6926,5657,"6735","BrF","4",1,197.4,126.4,162.783333333333,239.091666666667,109.916666666667,80.2,0.36576384967875,"0",0.113922853,0.016922304,0.104784232,2014,7,2002,10,2011,8,158.066666666667,150.666666666667,194.488888888889,140778,0.0536369495787288,138976,0.0519570105992695,163589,0.0596885263908592,0.0016799389794593,-0.00605157681213038,4,1,0.423890745,0.340267854,0.410412731,0.184252072,0.152159423,0.178481278,0.216631565,0.038353368,0.219019795,4,"1",-2.92551709059123,-2.95733862156634,-2.81861546481182,121159,0.0464732235124588,120704,0.0450699746866053,144546,0.0528713717265818,-3.0688789706892,-3.09953900392595,-2.93989326379838,13458.2271980821,15912.0536111111,2,2017,9,2011,1,2008,13889.406984127,206.045,15900.4162802419,0,0
"209",5657,164,6895,1762,"184-7690_TATCCAGTTC-TGAGCTACGT_L001_",159473,0.03570588923564,"LIMS26076p3",2.45848,"32-11998DH0032L01_3886_AATGCCTCAT-TGGATCGAGT_L001_",180570,0.0414816074064837,"LIMS24675",6.6926,"225-3905_221014_L001_",201924,0.0444685065740144,"LIMS26629p3",3.83264,-0.00577571817084366,-0.00876261733837443,0.011677036,0.015675901,0.089913119,41,2002.77260273973,2002,105,2011.64109589041,2011,2017,2017.85205479452,6.2109589041097,15.0794520547947,180570,0.0414816074064837,"LIMS24675",6.6926,5657,"7759","BrF","2",0,139.058333333333,125.6,162.783333333333,239.091666666667,109.916666666667,80.2,0.3584455672091,"1",0.121401778,0.016922304,0.104784232,2017,11,2002,10,2011,8,132.688888888889,150.666666666667,194.488888888889,124757,0.0460569205465159,138976,0.0519570105992695,163589,0.0596885263908592,-0.0059000900527536,-0.0136316058443433,2,0,0.473592698,0.340267854,0.410412731,0.185491092,0.152159423,0.178481278,0.315316986,0.038353368,0.219019795,0,"0",-3.07787724426026,-2.95733862156634,-2.81861546481182,105354,0.0389637936029714,120704,0.0450699746866053,144546,0.0528713717265818,-3.24512243320861,-3.09953900392595,-2.93989326379838,13804.2117482242,15462.5630385965,8,2018,9,2011,1,2008,13889.406984127,206.045,12365.8978888889,0,0
"210",2968,37,3699,1769,"140-3354_221007_L003_",220536,0.0485627931977313,"LIMS26757p1raw",3.7923,"65-11998DH0065L01_4207_ACACTAAGAT-ATATGGATGT_L001_",167293,0.0385327659651683,"LIMS24675",6.61209,"344-73_230106_L002_",210819,0.0491799170804735,"LIMS26757",4.46034,0.010030027232563,-0.000617123882742189,0.069767855,0.016574374,0.047749763,30,2003.13698630137,2003,30,2003.75068493151,2003,2005,2005.76712328767,2.01643835616437,2.6301369863013,167293,0.0385327659651683,"LIMS24675",6.61209,2968,"685","H","4",1,155.858333333333,180.85,173.566666666667,173.566666666667,183.266666666667,183.266666666667,0.365172160042044,"0",0.09508706,0.018928559,0.080971207,2005,10,2003,2,2003,10,152.366666666667,160.8,222.577777777778,185766,0.0678541239937149,128971,0.0485883837377727,181849,0.0709839400284112,0.0192657402559422,-0.00312981603469629,4,1,0.383563008,0.327542233,0.375239026,0.146984313,0.161797573,0.146296986,0.17836764,0.061597009,0.141480202,1,"1",-2.69039511350613,-3.02437079438628,-2.64530162431011,167433,0.0612364498068334,111433,0.0419749862490789,165895,0.065028561432444,-2.79301268167528,-3.17068140361647,-2.73292869894435,13370.0164204545,16613.6716,1,2007,2,2012,6,2003,2566.112,12841.3616693069,19725.0953333333,0,0
"211",2968,75,4963,1769,"528-3338_221118_L002_",218598,0.0503446165690728,"LIMS26757p3",3.71474,"65-11998DH0065L01_4207_ACACTAAGAT-ATATGGATGT_L001_",167293,0.0385327659651683,"LIMS24675",6.61209,"344-73_230106_L002_",210819,0.0491799170804735,"LIMS26757",4.46034,0.0118118506039045,0.00116469948859931,0.021253052,0.016574374,0.047749763,30,2003.13698630137,2003,30,2003.75068493151,2003,2006,2006.79726027397,3.04657534246576,3.66027397260268,167293,0.0385327659651683,"LIMS24675",6.61209,2968,"3800","ABX","5",2,191.041666666667,126.016666666667,173.566666666667,173.566666666667,183.266666666667,183.266666666667,0.352702841908041,"1",0.072408125,0.018928559,0.080971207,2006,10,2003,2,2003,10,203.866666666667,160.8,222.577777777778,184173,0.0704431637617156,128971,0.0485883837377727,181849,0.0709839400284112,0.0218547800239429,-0.000540776266695561,5,2,0.389049707,0.327542233,0.375239026,0.152393114,0.161797573,0.146296986,0.199643603,0.061597009,0.141480202,0,"1",-2.65294908208513,-3.02437079438628,-2.64530162431011,166968,0.064109144636917,111433,0.0419749862490789,165895,0.065028561432444,-2.74716826318839,-3.17068140361647,-2.73292869894435,14668.303,17123.8154654655,1,2007,2,2012,6,2003,2566.112,12841.3616693069,7921.82333333334,0,0
"212",1501,37,3447,1773,"64-464_221007_L002_",337431,0.0764272310600827,"LIMS26757p1raw",4.76709,"142-SW008-531_GCAGATGTAA-TACACGCCTC_L002_",174480,0.0400812172478902,"LIMS26629p1renamed",3.56097,"374-414_230106_L002_",166850,0.0385334294643442,"LIMS26757",4.10827,0.0363460138121925,0.0378938015957384,0.056402104,0.056120483,0.073695147,41,2002.48219178082,2002,26,1999.00273972603,1998,2005,2005.27397260274,6.27123287671247,2.79178082191788,174480,0.0400812172478902,"LIMS26629p1renamed",3.56097,1501,"667","BrF","5",3,155.858333333333,180.85,145.408333333333,239.091666666667,122.383333333333,80.2,0.349963187066797,"1",0.078063033,0.106632342,0.1094112,2005,4,2002,6,1999,1,206.255555555556,150.666666666667,198.566666666667,302815,0.114283150885188,123052,0.0465776360439268,128326,0.0492150697067056,0.0677055148412615,0.0650680811784827,5,3,0.395648041,0.412418808,0.539093997,0.155666621,0.175986741,0.197573375,0.196783408,0.196983191,0.274068232,2,"1",-2.16907613037568,-3.0666347662662,-3.01155540753083,283191,0.107081032288331,100641,0.038314123436064,110418,0.042509820960078,-2.2341694200297,-3.26193669264833,-3.15802014833336,17652.2760504202,22751.8482807018,6,2005,7,2005,8,2004,15600.9701139601,22308.7275462512,14379.19,0,0
"213",1753,77,5099,1775,"234-3496_221014_L001_",227225,0.0500725892384054,"LIMS26629p3",2.8807,"326-1143_230106_L002_",177220,0.0409263997272322,"LIMS26757",2.90879,"195-410_ATCATACCGC-ATGTCGTACT_L003_",224565,0.0521578260174569,"LIMS26076p2",4.8339,0.00914618951117317,-0.00208523677905149,0.004321561,0.026787588,0.056575218,41,2002.48767123288,2002,41,2002.05753424658,2002,2006,2006.93150684932,4.87397260273974,4.44383561643849,177220,0.0409263997272322,"LIMS26757",2.90879,1753,"3891","BrF","2",0,191.041666666667,126.016666666667,239.091666666667,239.091666666667,80.2,80.2,0.250775537500533,"1",0.097857269,0.08901239,0.070726809,2006,12,2002,6,2002,1,224.166666666667,227.644444444444,198.566666666667,177926,0.0650367635286111,142910,0.0549875797429517,183088,0.0705809192651255,0.0100491837856595,-0.00554415573651437,2,0,0.361339452,0.420987478,0.382684147,0.169784307,0.176250675,0.171501707,0.162867053,0.183607818,0.17683536,0,"0",-2.73280257622593,-2.90064794210691,-2.6509954363777,157088,0.0575673726785137,125274,0.0484212961943641,161851,0.0626537934079997,-2.85479931832533,-3.02781555801714,-2.7701310502632,16349.0175892256,20825.0906101695,8,2007,9,2002,8,2004,15600.9701139601,60268.6802777778,16836.995,0,0
"214",1827,37,3617,1783,"318-2846_221014_L002_",211140,0.0453559752121657,"LIMS26629p3",3.79823,"44-2928_221007_L002_",247575,0.0550408820653355,"LIMS26757p1raw",3.7389,"223-4058_221014_L001_",167250,0.0368314441057274,"LIMS26629p3",3.55103,-0.00968490685316981,0.00852453110643826,0.055365066,0.059862472,0.064055805,30,2003.26575342466,2003,41,2002.97808219178,2002,2005,2005.71780821918,2.73972602739718,2.45205479452056,247575,0.0550408820653355,"LIMS26757p1raw",3.7389,1827,"690","BrF","2",0,155.858333333333,180.85,239.091666666667,173.566666666667,80.2,183.266666666667,0.318516345200529,"1",0.080245759,0.093036636,0.08651811,2005,9,2003,4,2002,12,169.144444444444,232.422222222222,177.044444444444,154284,0.0546814017553418,204410,0.0753422559462276,125673,0.0455951379501314,-0.0206608541908859,0.00908626380521039,2,0,0.36392105,0.393915978,0.498553647,0.155352284,0.154845495,0.185736697,0.150791185,0.193597879,0.314723136,0,"0",-2.90623163184156,-2.58571413362755,-3.08795419204716,136646,0.0485248656053322,186889,0.0689588623408521,106534,0.0388107733418159,-3.02567891952735,-2.67424515014022,-3.24905740744541,14430.1556436782,12812.9287700535,11,2005,12,2005,1,2009,14557.364563147,13076.7228528529,5253.31,0,0
"215",1536,30,1826,1787,"37-11998DH0131L01_4680_ATTCAGAAAT-CTTCGCCTGT_L001_",124394,0.0283638621233133,"LIMS25133",10.2939,"65-821_221007_L004_",184536,0.0410933669121346,"LIMS26629p2raw",4.479,"166-SW008-568_ACGTGCATCG-CAGTCAGTTG_L002_",176711,0.0402960718443139,"LIMS26629p1renamed",4.56733,-0.0127295047888213,-0.0119322097210007,0.129058838,0.073924439,0.088313482,41,2002.86575342466,2002,28,1999.68767123288,1999,2003,2003.60273972603,3.91506849315078,0.736986301370052,184536,0.0410933669121346,"LIMS26629p2raw",4.479,1536,"2580","BrF","2",0,173.566666666667,183.266666666667,142.466666666667,239.091666666667,61.9,80.2,0.396256507633528,"0",0.153626845,0.097259799,0.103747438,2003,8,2002,11,1999,9,172.311111111111,110.455555555556,209.833333333333,91293,0.0340722284072697,146715,0.0541201645426025,131351,0.049115899185302,-0.0200479361353328,-0.0150436707780323,2,0,0.385077876,0.405079993,0.442381661,0.183016717,0.181690635,0.17467349,0.198475148,0.205160544,0.255961303,1,"0",-3.37927264271882,-2.91654843535523,-3.01357248426962,74989,0.0280825293083463,127886,0.0473099656224489,111424,0.0418088151409962,-3.57260762879748,-3.05103431598384,-3.17464807314471,3512.01066666667,25630.3393617021,9,2013,9,1999,7,2005,12897.6625189394,0,12628.7343076819,0,0
"216",1697,37,3455,1796,"309-485_230106_L002_",164959,0.0382821795553864,"LIMS26757",3.01847,"327-1126_230106_L002_",201428,0.0469066900901426,"LIMS26757",3.82254,"136-148_221007_L003_",347039,0.0777631811522978,"LIMS26757p1raw",4.31941,-0.00862451053475628,-0.0394810015969115,0.009636867,0.050266294,0.005021891,41,2002.5698630137,2002,40,2002.03835616438,2002,2005,2005.28767123288,3.24931506849316,2.7178082191781,201428,0.0469066900901426,"LIMS26757",3.82254,1697,"714","BrF","3",0,155.858333333333,180.85,239.091666666667,239.091666666667,80.2,80.2,0.295386443969631,"0",0.074075749,0.073600285,0.071043716,2005,4,2002,7,2002,1,206.255555555556,227.644444444444,180.377777777778,130291,0.0502572521784947,163155,0.0631738979485267,320355,0.119798307553206,-0.012916645770032,-0.0695410553747111,3,0,0.377426558,0.355842673,0.354309476,0.146539841,0.154528408,0.146669059,0.151195333,0.128774743,0.155958047,0,"0",-2.99060042049627,-2.76186407028383,-2.12194572066931,111913,0.0433584553458143,144119,0.0560688481813918,305185,0.114316377775322,-3.13825354642869,-2.88117491156885,-2.16878543082295,17616.5096256684,24031.7471538462,6,2005,9,2002,7,2003,17228.0156410256,60268.6802777778,14379.19,0,0
"217",2963,37,3590,1796,"274-4270_221014_L001_",171200,0.0368958951693296,"LIMS26629p3",4.85168,"376-4311_221014_L002_",124433,0.0258792080046777,"LIMS26629p3",3.88925,"136-148_221007_L003_",347039,0.0777631811522978,"LIMS26757p1raw",4.31941,0.011016687164652,-0.0408672859829682,0.07943194,0.057663485,0.005021891,41,2002.5698630137,2002,31,2004.06830601093,2003,2005,2005.6301369863,1.56183097537223,3.06027397260277,124433,0.0258792080046777,"LIMS26629p3",3.88925,2963,"709","H","3",1,155.858333333333,180.85,173.566666666667,239.091666666667,183.266666666667,80.2,0.383119431024211,"0",0.092586398,0.10728819,0.071043716,2005,8,2002,7,2004,1,129.111111111111,148.244444444444,180.377777777778,129306,0.0462098583284921,88187,0.0300808654130946,320355,0.119798307553206,0.0161289929153974,-0.0735884492247137,3,1,0.393828917,0.419490023,0.354309476,0.17221561,0.190350949,0.146669059,0.205341081,0.240541362,0.155958047,0,"1",-3.07456211992392,-3.50386600993222,-2.12194572066931,111314,0.039924578289111,74409,0.0254159193995742,305185,0.114316377775322,-3.2207631475139,-3.67237955326743,-2.16878543082295,16934.7219061166,16694.8868157895,6,2009,7,2009,7,2003,17228.0156410256,14820.5340569878,14188.6794172063,0,0
"218",1437,75,4948,1797,"161-3304_221007_L003_",254236,0.0568525574009839,"LIMS26757p1raw",4.15798,"185-SW008-481_CAACAGGTAG-GACGATAGTG_L002_",160383,0.0366085432071419,"LIMS26629p1renamed",6.93084,"311-150_AATCGAACTC-ACGAACCTTA_L003_",295702,0.0675680489314146,"LIMS26076p6",4.19124,0.020244014193842,-0.0107154915304307,0.060428554,0.107106546,0.057519605,41,2002.91232876712,2002,25,1998.85205479452,1998,2006,2006.78082191781,7.92876712328757,3.86849315068503,160383,0.0366085432071419,"LIMS26629p1renamed",6.93084,1437,"3826","BrF","4",1,191.041666666667,126.016666666667,145.408333333333,239.091666666667,122.383333333333,80.2,0.380215891105991,"1",0.100925029,0.121357506,0.112514377,2006,10,2002,11,1998,11,203.866666666667,146.044444444444,209.833333333333,222964,0.0829883416367338,116519,0.043736420767289,251546,0.0962957584845282,0.0392519208694448,-0.0133074168477944,4,1,0.40953112,0.412405061,0.410733483,0.179203429,0.161893799,0.172296256,0.20852936,0.204486047,0.215587745,2,"1",-2.48905514325931,-3.12957409681909,-2.34033100596085,204128,0.0761180581618276,97546,0.036820321635655,230255,0.0884433037777595,-2.57546974710255,-3.30170536786351,-2.42539356754227,13824.937712766,20831.0900657895,1,2007,6,2005,7,2003,1658.35777777778,21969.7404414557,7921.82333333334,0,0
"219",1717,37,3457,1797,"187-SW008-601_TAAGGCGATC-GTTAGCACAA_L002_",167561,0.0384208380530707,"LIMS26629p1renamed",3.75502,"553-5976_221118_L002_",259044,0.0602871297266212,"LIMS26757p3",3.56247,"311-150_AATCGAACTC-ACGAACCTTA_L003_",295702,0.0675680489314146,"LIMS26076p6",4.19124,-0.0218662916735504,-0.0291472108783439,0.069414844,0.022448816,0.057519605,41,2002.91232876712,2002,40,2001.64109589041,2001,2005,2005.28493150685,3.64383561643831,2.37260273972606,259044,0.0602871297266212,"LIMS26757p3",3.56247,1717,"713","BrF","3",0,155.858333333333,180.85,178.875,239.091666666667,110.716666666667,80.2,0.316271298783931,"1",0.110090728,0.108207612,0.112514377,2005,4,2002,11,2001,8,206.255555555556,122.955555555556,209.833333333333,122795,0.0461514936173678,224808,0.0870677221343959,251546,0.0962957584845282,-0.0409162285170281,-0.0501442648671604,3,0,0.430543149,0.406877123,0.410733483,0.177199185,0.164328768,0.172296256,0.22721181,0.182311062,0.215587745,0,"0",-3.07582595415032,-2.44106904779776,-2.34033100596085,102029,0.0384721382697458,205876,0.0799365661796096,230255,0.0884433037777595,-3.25782098097742,-2.52652188159266,-2.42539356754227,13081.0344367816,23721.0100707071,8,2005,7,2014,7,2003,1658.35777777778,16192.9918854425,12090.643,0,0
"220",1717,77,5118,1797,"426-3515_221111_L001_",156313,0.0345630045735392,"LIMS26629p4",6.52081,"553-5976_221118_L002_",259044,0.0602871297266212,"LIMS26757p3",3.56247,"311-150_AATCGAACTC-ACGAACCTTA_L003_",295702,0.0675680489314146,"LIMS26076p6",4.19124,-0.0257241251530819,-0.0330050443578754,0.073669578,0.022448816,0.057519605,41,2002.91232876712,2002,40,2001.64109589041,2001,2006,2006.96438356164,5.32328767123295,4.0520547945207,259044,0.0602871297266212,"LIMS26757p3",3.56247,1717,"3947","BrF","3",0,191.041666666667,126.016666666667,178.875,239.091666666667,110.716666666667,80.2,0.324915756137315,"1",0.089203687,0.108207612,0.112514377,2006,12,2002,11,2001,8,224.166666666667,122.955555555556,209.833333333333,122749,0.0447122533214805,224808,0.0870677221343959,251546,0.0962957584845282,-0.0423554688129154,-0.0515835051630477,3,0,0.346029483,0.406877123,0.410733483,0.159462496,0.164328768,0.172296256,0.145460281,0.182311062,0.215587745,0,"0",-3.10750769140455,-2.44106904779776,-2.34033100596085,106863,0.0389650399550146,205876,0.0799365661796096,230255,0.0884433037777595,-3.24509044627935,-2.52652188159266,-2.42539356754227,13477.3105959184,20772.147875,8,2007,7,2014,7,2003,1658.35777777778,16192.9918854425,16836.995,0,0
"221",1789,82,5128,1801,"57-11998DH0151L01_4892_TAATGCGCAT-AGGCTATAGT_L001_",130222,0.0300138562730193,"LIMS25133",5.60847,"153-138_221007_L003_",274713,0.0617263510828451,"LIMS26757p1raw",4.35964,"84-11998DH0084L01_4323_TCATCCTTAT-AGCTCGCTGT_L001_",173867,0.039648531473104,"LIMS24675",10.0588,-0.0317124948098258,-0.00963467520008475,0.090185851,0.06071714,0.129465735,41,2002.94520547945,2002,41,2002.88219178082,2002,2007,2007.64383561644,4.7616438356165,4.69863013698637,274713,0.0617263510828451,"LIMS26757p1raw",4.35964,1789,"4290","BrF","2",0,164.008333333333,150.2,239.091666666667,239.091666666667,80.2,80.2,0.421451069646339,"0",0.106714709,0.098083572,0.15491177,2007,8,2002,12,2002,11,146.9,209.833333333333,232.422222222222,89765,0.0334379268607782,243084,0.0908784190684165,136957,0.051034548183676,-0.0574404922076382,-0.0175966213228978,2,0,0.415003155,0.419928995,0.41036141,0.154584311,0.161652776,0.161701348,0.213247169,0.228130079,0.21105139,1,"0",-3.39806448847758,-2.39823271997468,-2.97525246023384,72301,0.026996092174668,225703,0.0845715233744811,119835,0.0446474460700149,-3.61206315772438,-2.47015767217203,-3.10895817217539,14106.7039348371,13893.4463430127,7,2014,7,2003,6,2012,11793.6349992372,1658.35777777778,12199.8494363167,0,0
"222",3451,87,5269,1801,"264-3666_221014_L001_",192481,0.0421562999235303,"LIMS26629p3",4.35355,"16-11998DH0110L01_4549_TCCGGAGAAT-GTCAGTACGT_L001_",187778,0.042905421652008,"LIMS25133",8.97431,"84-11998DH0084L01_4323_TCATCCTTAT-AGCTCGCTGT_L001_",173867,0.039648531473104,"LIMS24675",10.0588,-0.000749121728477672,0.00250776845042631,0.080658222,0.015537978,0.129465735,41,2002.94520547945,2002,37,2005.27945205479,2005,2008,2008.46721311475,3.18776105995948,5.52200763530209,187778,0.042905421652008,"LIMS25133",8.97431,3451,"4590","BrF","2",0,131.291666666667,97.9833333333333,155.858333333333,239.091666666667,180.85,80.2,0.411187147495275,"1",0.097763577,0.022540764,0.15491177,2008,6,2002,12,2005,4,93.6888888888889,206.255555555556,232.422222222222,145843,0.0529756131901223,148476,0.0553841488015428,136957,0.051034548183676,-0.00240853561142049,0.00194106500644632,2,0,0.409686914,0.288251902,0.41036141,0.174370149,0.139767384,0.161701348,0.213657732,0.045040872,0.21105139,0,"0",-2.93792359980987,-2.89346184888565,-2.97525246023384,126068,0.0459474431824799,129592,0.048319684900209,119835,0.0446474460700149,-3.0802570752002,-3.02991624648179,-3.10895817217539,12903.3256761646,12428.5767746289,8,2008,7,2010,6,2012,11793.6349992372,12162.3832440476,3579.72333333333,0,0
"223",3451,90,5281,1801,"385-4079_221111_L001_",222485,0.0509424073321791,"LIMS26629p4",3.29489,"16-11998DH0110L01_4549_TCCGGAGAAT-GTCAGTACGT_L001_",187778,0.042905421652008,"LIMS25133",8.97431,"84-11998DH0084L01_4323_TCATCCTTAT-AGCTCGCTGT_L001_",173867,0.039648531473104,"LIMS24675",10.0588,0.00803698568017108,0.0112938758590751,0.028657208,0.015537978,0.129465735,41,2002.94520547945,2002,37,2005.27945205479,2005,2009,2009.04931506849,3.76986301369857,6.10410958904117,187778,0.042905421652008,"LIMS25133",8.97431,3451,"4156","BrF","2",0,172.808333333333,111.266666666667,155.858333333333,239.091666666667,180.85,80.2,0.39651260519052,"1",0.098417056,0.022540764,0.15491177,2009,1,2002,12,2005,4,176.777777777778,206.255555555556,232.422222222222,172390,0.0654664831077257,148476,0.0553841488015428,136957,0.051034548183676,0.0100823343061829,0.0144319349240497,2,0,0.390204415,0.288251902,0.41036141,0.158341696,0.139767384,0.161701348,0.180437868,0.045040872,0.21105139,0,"0",-2.72621697558729,-2.89346184888565,-2.97525246023384,153333,0.0584729513006191,129592,0.048319684900209,119835,0.0446474460700149,-2.83919100260031,-3.02991624648179,-3.10895817217539,13814.9674879674,13933.0395169082,2,2009,7,2010,6,2012,11793.6349992372,12162.3832440476,43.2449999999996,0,0
"224",3451,103,5499,1801,"14-11998DH0014L01_3366_TTGGACTCAT-CTGCTTCCGT_L001_",195633,0.0447006524721679,"LIMS24675",6.10404,"16-11998DH0110L01_4549_TCCGGAGAAT-GTCAGTACGT_L001_",187778,0.042905421652008,"LIMS25133",8.97431,"84-11998DH0084L01_4323_TCATCCTTAT-AGCTCGCTGT_L001_",173867,0.039648531473104,"LIMS24675",10.0588,0.0017952308201599,0.00505212099906389,0.070508426,0.015537978,0.129465735,41,2002.94520547945,2002,37,2005.27945205479,2005,2010,2009.9698630137,4.69041095890407,7.02465753424667,187778,0.042905421652008,"LIMS25133",8.97431,3451,"5570","BrF","2",0,120.45,120.15,155.858333333333,239.091666666667,180.85,80.2,0.4739452334855,"1",0.088507171,0.022540764,0.15491177,2009,12,2002,12,2005,4,148.977777777778,206.255555555556,232.422222222222,157936,0.0591637907971519,148476,0.0553841488015428,136957,0.051034548183676,0.0037796419956091,0.0081292426134759,2,0,0.35793856,0.288251902,0.41036141,0.137680661,0.139767384,0.161701348,0.162974276,0.045040872,0.21105139,0,"0",-2.82744556616142,-2.89346184888565,-2.97525246023384,139154,0.0520533859929291,129592,0.048319684900209,119835,0.0446474460700149,-2.95548543333903,-3.02991624648179,-3.10895817217539,13473.8868543417,13381.9346679198,2,2010,7,2010,6,2012,11793.6349992372,12162.3832440476,18154.5433333333,0,0
"225",3451,105,5600,1801,"247-4721_CCGAAGGTTC-TCTATCTGAC_L003_",244538,0.0551540489979937,"LIMS26757p2",4.83734,"16-11998DH0110L01_4549_TCCGGAGAAT-GTCAGTACGT_L001_",187778,0.042905421652008,"LIMS25133",8.97431,"84-11998DH0084L01_4323_TCATCCTTAT-AGCTCGCTGT_L001_",173867,0.039648531473104,"LIMS24675",10.0588,0.0122486273459857,0.0155055175248896,0.059714743,0.015537978,0.129465735,41,2002.94520547945,2002,37,2005.27945205479,2005,2011,2011.18082191781,5.90136986301377,8.23561643835637,187778,0.042905421652008,"LIMS25133",8.97431,3451,"5161","BrF","3",1,162.783333333333,109.916666666667,155.858333333333,239.091666666667,180.85,80.2,0.436216568071611,"0",0.07152896,0.022540764,0.15491177,2011,3,2002,12,2005,4,131.488888888889,206.255555555556,232.422222222222,205636,0.0772300210741177,148476,0.0553841488015428,136957,0.051034548183676,0.0218458722725749,0.0261954728904417,3,1,0.37526377,0.288251902,0.41036141,0.151134848,0.139767384,0.161701348,0.195700182,0.045040872,0.21105139,2,"1",-2.56096702352624,-2.89346184888565,-2.97525246023384,186779,0.0703289820296732,129592,0.048319684900209,119835,0.0446474460700149,-2.6545713029647,-3.02991624648179,-3.10895817217539,12308.0685444444,11699.9455320814,7,2011,7,2010,6,2012,11793.6349992372,12162.3832440476,5647.378,0,0
"226",3451,105,5647,1801,"488-4803_221118_L002_",292940,0.0678300632897109,"LIMS26757p3",3.80862,"16-11998DH0110L01_4549_TCCGGAGAAT-GTCAGTACGT_L001_",187778,0.042905421652008,"LIMS25133",8.97431,"84-11998DH0084L01_4323_TCATCCTTAT-AGCTCGCTGT_L001_",173867,0.039648531473104,"LIMS24675",10.0588,0.0249246416377029,0.0281815318166069,0.01858595,0.015537978,0.129465735,41,2002.94520547945,2002,37,2005.27945205479,2005,2011,2011.63561643836,6.35616438356169,8.69041095890429,187778,0.042905421652008,"LIMS25133",8.97431,3451,"5161","BrF","3",1,162.783333333333,109.916666666667,155.858333333333,239.091666666667,180.85,80.2,0.369349108056209,"0",0.085106134,0.022540764,0.15491177,2011,8,2002,12,2005,4,150.666666666667,206.255555555556,232.422222222222,262767,0.101507016034113,148476,0.0553841488015428,136957,0.051034548183676,0.0461228672325701,0.0504724678504369,3,1,0.385580999,0.288251902,0.41036141,0.167901032,0.139767384,0.161701348,0.173295171,0.045040872,0.21105139,2,"1",-2.28762735940042,-2.89346184888565,-2.97525246023384,244538,0.0947154329702134,129592,0.048319684900209,119835,0.0446474460700149,-2.35687832511726,-3.02991624648179,-3.10895817217539,12105.9321666667,11408.8671975393,9,2011,7,2010,6,2012,11793.6349992372,12162.3832440476,206.045,0,0
"227",1155,54,4802,1808,"442-2968_221111_L001_",167564,0.0376746507505067,"LIMS26629p4",4.67243,"27-2973_221007_L002_",239330,0.0531360107556516,"LIMS26757p1raw",3.57329,"3-3334_221007_L002_",328955,0.0751155023535319,"LIMS26757p1raw",4.0379,-0.0154613600051449,-0.0374408516030252,0.068909705,0.067244817,0.037259511,30,2003.59726027397,2003,21,1996.51639344262,1996,2005,2005.95342465753,9.43703121491126,2.35616438356169,239330,0.0531360107556516,"LIMS26757p1raw",3.57329,1155,"6285","BrF","2",0,155.858333333333,180.85,140.925,173.566666666667,108.8,183.266666666667,0.378330107023772,"1",0.079049893,0.089643733,0.073189685,2005,12,2003,8,1996,7,141.9,115.133333333333,172.311111111111,125827,0.0467181103054703,194080,0.0712118910965994,286658,0.108929885572281,-0.0244937807911291,-0.0622117752668112,2,0,0.369634108,0.438771822,0.337940109,0.157308873,0.183657305,0.164823643,0.152803677,0.269471393,0.113688384,0,"0",-3.06362338850898,-2.64209546472509,-2.21705085535853,108074,0.0402553350721624,175332,0.0644316840498792,266776,0.101563828914752,-3.21251273552462,-2.74214977850626,-2.28706782184459,16147.2938423645,22621.1104517932,1,2009,3,2006,1,2007,17176.112195122,22953.4536752137,15108.8135704125,0,0
"228",1155,75,4972,1808,"54-11998DH0148L01_4881_CTGAAGCTAT-TAAGATTAGT_L001_",124615,0.0284581376581627,"LIMS25133",10.1807,"27-2973_221007_L002_",239330,0.0531360107556516,"LIMS26757p1raw",3.57329,"3-3334_221007_L002_",328955,0.0751155023535319,"LIMS26757p1raw",4.0379,-0.0246778730974889,-0.0466573646953692,0.107404387,0.067244817,0.037259511,30,2003.59726027397,2003,21,1996.51639344262,1996,2006,2006.81917808219,10.3027846395687,3.22191780821913,239330,0.0531360107556516,"LIMS26757p1raw",3.57329,1155,"4048","BrF","2",0,191.041666666667,126.016666666667,140.925,173.566666666667,108.8,183.266666666667,0.436245363860319,"1",0.127580334,0.089643733,0.073189685,2006,10,2003,8,1996,7,203.866666666667,115.133333333333,172.311111111111,88433,0.0327250959712075,194080,0.0712118910965994,286658,0.108929885572281,-0.0384867951253919,-0.0762047896010739,2,0,0.383645488,0.438771822,0.337940109,0.175013487,0.183657305,0.164823643,0.194947788,0.269471393,0.113688384,0,"0",-3.41961303453325,-2.64209546472509,-2.21705085535853,72245,0.0267788817284997,175332,0.0644316840498792,266776,0.101563828914752,-3.62014169730198,-2.74214977850626,-2.28706782184459,16590.9599730094,22211.4861493575,9,2011,3,2006,1,2007,17176.112195122,22953.4536752137,10326.2106073446,0,0
"229",1538,75,4900,1808,"318-3225_230106_L002_",177008,0.040761058298598,"LIMS26757",3.22512,"51-833_221007_L004_",165693,0.03719306765247,"LIMS26629p2raw",4.74391,"3-3334_221007_L002_",328955,0.0751155023535319,"LIMS26757p1raw",4.0379,0.00356799064612792,-0.034354444054934,0.008153021,0.079209155,0.037259511,30,2003.59726027397,2003,28,1999.55890410959,1999,2006,2006.64109589041,7.08219178082186,3.0438356164384,165693,0.03719306765247,"LIMS26629p2raw",4.74391,1538,"3806","BrF","2",0,191.041666666667,126.016666666667,142.466666666667,173.566666666667,61.9,183.266666666667,0.376347923410111,"1",0.056609205,0.102357082,0.073189685,2006,8,2003,8,1999,7,176.566666666667,88.7888888888889,172.311111111111,139768,0.053631667856467,123077,0.0454247451299806,286658,0.108929885572281,0.00820692272648644,-0.0552982177158144,2,0,0.384042304,0.415099381,0.337940109,0.155722523,0.16623312,0.164823643,0.121976625,0.207253682,0.113688384,0,"0",-2.92561556715208,-3.09169827550308,-2.21705085535853,122774,0.047294844439571,103902,0.0384546496289426,266776,0.101563828914752,-3.0513539864741,-3.25827566371102,-2.28706782184459,16869.7074774775,21452.7113337893,8,2006,11,1999,1,2007,17176.112195122,9423.018,0,0,0
"230",1760,37,3600,1829,"351-690_221014_L002_",186255,0.0398117412731702,"LIMS26629p3",3.90736,"39-8_221007_L002_",210517,0.0475148017478896,"LIMS26757p1raw",2.88799,"363-198_230106_L002_",171997,0.0399633178432089,"LIMS26757",3.39676,-0.00770306047471946,-0.000151576570038718,0.075901281,0.015584991,0.015879533,30,2003.62739726027,2003,40,2001.75068493151,2001,2005,2005.66849315068,3.91780821917814,2.04109589041104,210517,0.0475148017478896,"LIMS26757p1raw",2.88799,1760,"731","BrF","2",0,155.858333333333,180.85,178.875,173.566666666667,110.716666666667,183.266666666667,0.315031211080305,"1",0.105159002,0.051873822,0.077107267,2005,9,2003,8,2001,10,169.144444444444,199.222222222222,172.311111111111,143516,0.0507564833770813,166434,0.0622778227607512,137566,0.0532538276811535,-0.0115213393836699,-0.00249734430407227,2,0,0.422125691,0.349601748,0.370690758,0.177705974,0.153355371,0.150369625,0.225910472,0.086037239,0.144581419,0,"0",-2.9807159179472,-2.77614989151067,-2.93268559563973,126837,0.044956871293463,145642,0.0546730041529718,120879,0.046989167436606,-3.10205166448663,-2.90638521691784,-3.05783818390891,16325.5160615385,22031.551981383,9,2005,10,2002,8,2003,0,48580.1919230769,0,0,0
"231",2959,75,4964,1831,"535-3903_221111_L002_",187294,0.0414116320707367,"LIMS26629p4",6.51625,"305-600_230106_L002_",157401,0.0367095105527413,"LIMS26757",2.71473,"145-SW008-609_TCCTACGTGC-TAGGTGCTAT_L002_",162885,0.0374490866908641,"LIMS26629p1renamed",2.70653,0.00470212151799539,0.00396254537987264,0.082460759,0.013086696,0.001944282,30,2003.6301369863,2003,30,2003.39452054795,2002,2006,2006.8,3.40547945205481,3.16986301369866,157401,0.0367095105527413,"LIMS26757",2.71473,2959,"3801","BrF","2",0,191.041666666667,126.016666666667,239.091666666667,173.566666666667,80.2,183.266666666667,0.347732103092409,"0",0.094289645,0.098892622,0.089492795,2006,10,2003,8,2003,5,203.866666666667,176.544444444444,172.311111111111,145652,0.0535920778503867,119884,0.0462744822928925,119818,0.0452727726598811,0.00731759555749422,0.00831930519050564,2,0,0.382252506,0.434420587,0.421579495,0.166370586,0.190321623,0.167617854,0.180494687,0.187959052,0.203235113,0,"0",-2.92635402312782,-3.07316460820499,-3.09504947222886,128632,0.0474846656886316,103316,0.0400665035732539,99599,0.0376976129540333,-3.04734844766935,-3.21721461610849,-3.27815850340191,16590.9599730094,15612.2568234611,1,2008,8,2005,8,2005,17001.6362666667,15402.0188756614,10733.008625,0,0
"232",1828,37,3517,1848,"149-SW008-613_AACGACATCT-GTCTTGGAAT_L002_",175484,0.0402576090536845,"LIMS26629p1renamed",9.86359,"338-197_230106_L002_",256502,0.0607676625897743,"LIMS26757",4.95334,"363-4342_221014_L002_",149803,0.0311678169724693,"LIMS26629p3",2.97385,-0.0205100535360898,0.00908979208121523,0.10344722,0.052341654,0.027524127,30,2003.62465753425,2003,30,2003.60821917808,2003,2005,2005.59178082192,1.98356164383563,1.96712328767126,256502,0.0607676625897743,"LIMS26757",4.95334,1828,"665","BrF","2",0,155.858333333333,180.85,173.566666666667,173.566666666667,183.266666666667,183.266666666667,0.513710166730196,"0",0.121039364,0.072475152,0.084204421,2005,8,2003,8,2003,8,129.111111111111,172.311111111111,172.311111111111,129853,0.0492959634529258,225866,0.0893632857084042,113061,0.0389001349504476,-0.0400673222554784,0.0103958285024782,2,0,0.353317893,0.402802652,0.365436834,0.142683482,0.158168489,0.142317824,0.150719703,0.199856216,0.145923997,0,"0",-3.00991307850822,-2.41504535555513,-3.24675755920058,109601,0.0418444125438399,209671,0.0833394860510028,97291,0.033478604370112,-3.17379700245736,-2.48483281990146,-3.39684871971025,17001.6362666667,17001.6362666667,8,2005,8,2003,7,2009,14991.3160543818,0,0,0,0
"233",1864,37,3576,1848,"472-3181_221111_L001_",146872,0.0326287706760124,"LIMS26629p4",7.65891,"71-11998DH0071L01_4220_ACTCGTGTAT-GTTCCAATGT_L001_",186733,0.0424281677944511,"LIMS24675",7.66974,"363-4342_221014_L002_",149803,0.0311678169724693,"LIMS26629p3",2.97385,-0.00979939711843866,0.00146095370354312,0.082784444,0.100615434,0.027524127,30,2003.62465753425,2003,30,2003.5698630137,2003,2005,2005.63561643836,2.06575342465771,2.01095890410966,186733,0.0424281677944511,"LIMS24675",7.66974,1864,"671","BrF","2",0,155.858333333333,180.85,173.566666666667,173.566666666667,183.266666666667,183.266666666667,0.516727985113882,"1",0.101179131,0.124685134,0.084204421,2005,8,2003,8,2003,7,129.111111111111,150.388888888889,172.311111111111,109215,0.0401511547043103,149797,0.0560041264638899,113061,0.0389001349504476,-0.0158529717595796,0.00125101975386273,2,0,0.342527784,0.410436558,0.365436834,0.157804665,0.173651664,0.142317824,0.141035731,0.214196596,0.145923997,0,"0",-3.21510407924426,-2.88232990410655,-3.24675755920058,92191,0.0339899355697853,131355,0.0491236644472971,97291,0.033478604370112,-3.38169081083974,-3.01341439598575,-3.39684871971025,17001.6362666667,16333.7953384615,8,2006,2,2012,7,2009,14991.3160543818,12588.2127025765,15756.1892307692,0,0
"234",172,19,885,1861,"462-2323_221014_L003_",215537,0.0480079722541874,"LIMS26076p5",4.98654,"271-2533_221014_L001_",269577,0.0581238108249295,"LIMS26629p3",4.23653,"406-2465_221014_L003_",236567,0.053144911175537,"LIMS26076p5",3.42727,-0.0101158385707421,-0.00513693892134966,0.087005087,0.093533222,0.031358859,17,1994.42465753425,1994,10,1989.53424657534,1989,1995,1995.58356164384,6.04931506849312,1.158904109589,269577,0.0581238108249295,"LIMS26629p3",4.23653,172,"2090","BrF","2",0,158.033333333333,106.483333333333,154.516666666667,168.558333333333,137.7,149.516666666667,0.421225849337813,"0",0.105210482,0.110062929,0.084015183,1995,8,1994,6,1989,7,154.211111111111,134.788888888889,147.077777777778,166759,0.0615857338573908,218692,0.0780037307623901,195919,0.0730535625823794,-0.0164179969049993,-0.0114678287249887,2,0,0.398318534,0.436639277,0.357802928,0.161048846,0.181098618,0.151318135,0.18883883,0.22933794,0.18835037,1,"0",-2.78732502848869,-2.55099862314932,-2.61656237287974,145507,0.0539095707594874,198299,0.0708842654675782,173523,0.0648859213287469,-2.92044725171892,-2.64670679577732,-2.73512460748331,5052.23923809524,11458.4109089226,8,1995,7,1997,8,1997,13236.735465587,11145.6144265464,0,0,0
"235",5079,87,5290,1867,"12-11998DH0012L01_3230_CTCTCGTCAT-AGGTTATAGT_L001_",181934,0.0414628974628694,"LIMS24675",7.03403,"331-4343_221014_L002_",148111,0.0312389726769161,"LIMS26629p3",3.90254,"35-241_221007_L004_",142012,0.0314604457692637,"LIMS26629p2raw",4.81497,0.0102239247859534,0.0100024516936057,0.072061326,0.0712051,0.067036603,30,2003.6301369863,2003,75,2006.56438356164,2005,2008,2008.8087431694,2.24435960775509,5.1786061830976,148111,0.0312389726769161,"LIMS26629p3",3.90254,5079,"4540","BrF","2",0,131.291666666667,97.9833333333333,155.858333333333,173.566666666667,180.85,183.266666666667,0.371974162424379,"1",0.083689627,0.085098515,0.083140239,2008,10,2003,8,2006,7,163.188888888889,172.588888888889,172.311111111111,143676,0.0535886473274833,112625,0.0391441847325281,106252,0.0387186593724219,0.0144444625949552,0.0148699879550614,2,0,0.341866118,0.327680615,0.369747746,0.134440146,0.123880978,0.152192415,0.13994334,0.120884235,0.176264421,0,"0",-2.92641803693066,-3.24050340570009,-3.2514336408193,126319,0.0470543993031059,95621,0.0333223093800585,90491,0.0330970831795727,-3.05645091459909,-3.40152815495986,-3.40831012194511,14563.9247977471,11629.4028571429,2,2009,8,2009,12,2003,20669.228,13152.3706116643,23562.017,0,0
"236",4973,92,5317,1868,"554-4282_221111_L002_",144247,0.0316417588327583,"LIMS26629p4",5.46434,"49-11998DH0143L01_4851_CTGAAGCTAT-AGGCTATAGT_L001_",133917,0.0309358928516647,"LIMS25133",5.43835,"50-11998DH0144L01_4853_CTGAAGCTAT-GCCTCTATGT_L001_",117009,0.0266795603007457,"LIMS25133",12.1269,0.00070586598109362,0.00496219853201265,0.09024212,0.025629855,0.057593103,30,2003.60273972603,2003,77,2006.90136986301,2006,2009,2009.32054794521,2.41917808219182,5.7178082191781,133917,0.0309358928516647,"LIMS25133",5.43835,4973,"4729","H","3",1,172.808333333333,111.266666666667,191.041666666667,173.566666666667,126.016666666667,183.266666666667,0.634037667639326,"1",0.107641338,0.033842858,0.076762458,2009,4,2003,8,2006,11,192.488888888889,211.455555555556,172.311111111111,105071,0.0380093231562274,87555,0.0323473443846422,84564,0.0313587703246358,0.0056619787715852,0.00665055283159156,3,1,0.480630922,0.37311198,0.364075928,0.181034467,0.166850798,0.159040936,0.297799325,0.077560396,0.165117818,3,"1",-3.2699238031317,-3.43122335152406,-3.46226129585559,88590,0.0321228238393574,70489,0.0260635062035073,69177,0.0257524741634544,-3.43818847847035,-3.64721917283954,-3.65922457247052,15300.8103580563,14134.436091954,6,2009,6,2014,6,2014,13683.6641068702,12557.4428189202,6694.96333333333,0,0
"237",4973,105,5599,1868,"21-11998DH0021L01_3783_GGTACCTTAT-GACGTCTTGT_L001_",166377,0.0379938231800814,"LIMS24675",10.0063,"49-11998DH0143L01_4851_CTGAAGCTAT-AGGCTATAGT_L001_",133917,0.0309358928516647,"LIMS25133",5.43835,"50-11998DH0144L01_4853_CTGAAGCTAT-GCCTCTATGT_L001_",117009,0.0266795603007457,"LIMS25133",12.1269,0.00705793032841675,0.0113142628793358,0.187224071,0.025629855,0.057593103,30,2003.60273972603,2003,77,2006.90136986301,2006,2011,2011.17260273973,4.27123287671225,7.56986301369852,133917,0.0309358928516647,"LIMS25133",5.43835,4973,"5108","BrF","4",1,162.783333333333,109.916666666667,191.041666666667,173.566666666667,126.016666666667,183.266666666667,0.654413697556561,"1",0.206959489,0.033842858,0.076762458,2011,3,2003,8,2006,11,131.488888888889,211.455555555556,172.311111111111,127405,0.0475466869767064,87555,0.0323473443846422,84564,0.0313587703246358,0.0151993425920642,0.0161879166520705,4,1,0.523880254,0.37311198,0.364075928,0.185008131,0.166850798,0.159040936,0.343964754,0.077560396,0.165117818,1,"1",-3.04604316693534,-3.43122335152406,-3.46226129585559,110594,0.0412434203666616,70489,0.0260635062035073,69177,0.0257524741634544,-3.18826368518667,-3.64721917283954,-3.65922457247052,13160.1301612518,10835.0186066763,7,2011,6,2014,6,2014,13683.6641068702,12557.4428189202,5647.378,0,0
"238",5217,104,5547,1869,"81-11998DH0081L01_4307_AACTGTAGAT-TGCGGCGTGT_L001_",171528,0.0392818492033622,"LIMS24675",6.44919,"31-11998DH0125L01_4637_GAGATTCCAT-ACGTCCTGGT_L001_",186231,0.0418378551436044,"LIMS25133",9.53825,"41-11998DH0135L01_4707_GAATTCGTAT-AGGCTATAGT_L001_",159280,0.036095535541779,"LIMS25133",9.65628,-0.00255600594024214,0.00318631366158321,0.025047094,0.085471707,0.031683919,30,2003.59726027397,2003,87,2008.39617486339,2008,2010,2010.61643835616,2.22026349277621,7.01917808219173,186231,0.0418378551436044,"LIMS25133",9.53825,5217,"5051","H","3",1,120.45,120.15,131.291666666667,173.566666666667,97.9833333333333,183.266666666667,0.44569193830123,"1",0.030569283,0.099599434,0.038026999,2010,8,2003,8,2008,5,118.622222222222,110.788888888889,172.311111111111,132196,0.0493001179597367,150822,0.0558022479807245,122598,0.0453078874067864,-0.00650213002098782,0.00399223055295028,3,1,0.331733092,0.39203362,0.39059665,0.171887526,0.156622463,0.188211989,0.055185628,0.228401343,0.138175536,1,"1",-3.00982880524393,-2.88594112401343,-3.0942741467093,114359,0.0425863005428115,132926,0.0491974741484477,104650,0.0387230277141422,-3.15622266092795,-3.01191299524792,-3.25132082453419,13608.3008543417,11197.3000396825,6,2012,8,2010,6,2011,13126.3356707727,11197.3000396825,8012.67936758893,0,0
"239",1170,34,3006,1871,"290-415_221014_L002_",180504,0.0385250697413011,"LIMS26629p3",4.08397,"134-SW008-2621_TCACACGGAT-CTTCTGATCG_L002_",244807,0.0570780389814472,"LIMS26629p1renamed",5.89268,"221-3884_221014_L001_",186331,0.0405072057133144,"LIMS26629p3",4.29829,-0.0185529692401461,-0.00198213597201335,0.089542146,0.075902381,0.026806558,30,2003.31232876712,2003,22,1997.32876712329,1997,2004,2004.59836065574,7.26959353245002,1.28603188861439,244807,0.0570780389814472,"LIMS26629p1renamed",5.89268,1170,"615","BrF","3",1,177.791666666667,77.4833333333333,284.2,173.566666666667,232.083333333333,183.266666666667,0.351796352353807,"0",0.106390389,0.085857012,0.036189288,2004,8,2003,4,1997,5,179.655555555556,223.033333333333,177.044444444444,134418,0.0475598805906154,209317,0.0811950273883189,140207,0.0502457936821361,-0.0336351467977035,-0.00268591309152072,3,1,0.373747986,0.333006937,0.421607905,0.152449016,0.133768399,0.168398657,0.148593573,0.131874127,0.172923098,3,"1",-3.04576571787307,-2.51090127274981,-2.99082844336483,116748,0.0414370448223248,191353,0.0744843655636993,120438,0.0433705370181945,-3.18357999577633,-2.59716603382532,-3.13797493896124,10195.6211029412,25033.8939067398,8,2004,2,1998,1,2008,14040.8259649123,35134.884,0,0,0
"240",1195,37,3605,1871,"358-694_230106_L002_",209403,0.0490080762925077,"LIMS26757",3.92952,"117-SW008-2575_AGGTATTCGG-AGATGTGCGC_L002_",246803,0.0572775451190322,"LIMS26629p1renamed",2.84796,"221-3884_221014_L001_",186331,0.0405072057133144,"LIMS26629p3",4.29829,-0.0082694688265245,0.00850087057919331,0.052395265,0.003641465,0.026806558,30,2003.31232876712,2003,21,1996.89890710383,1996,2005,2005.66301369863,8.76410659480484,2.35068493150675,246803,0.0572775451190322,"LIMS26629p1renamed",2.84796,1195,"715","BrF","3",0,155.858333333333,180.85,140.925,173.566666666667,108.8,183.266666666667,0.362912239266072,"0",0.082927217,0.114014486,0.036189288,2005,8,2003,4,1996,11,129.111111111111,114.622222222222,177.044444444444,165258,0.0643831282515269,196127,0.0757970125384467,140207,0.0502457936821361,-0.0114138842869198,0.0141373345693908,3,0,0.396855903,0.437582289,0.421607905,0.167321845,0.182892998,0.168398657,0.13949337,0.258295464,0.172923098,0,"0",-2.74290366386749,-2.57969639953205,-2.99082844336483,147344,0.0576997487065604,174106,0.0675167383284725,120438,0.0433705370181945,-2.85250246064983,-2.6953797366078,-3.13797493896124,14944.8170935961,23130.7989407008,9,2005,7,1997,1,2008,14040.8259649123,5811.12861111111,6083.045,0,0
"241",1893,37,3593,1871,"466-665_221111_L001_",163471,0.0364259379698378,"LIMS26629p4",5.84939,"41-1060_221007_L002_",211482,0.0468911821715572,"LIMS26757p1raw",2.8139,"221-3884_221014_L001_",186331,0.0405072057133144,"LIMS26629p3",4.29829,-0.0104652442017194,-0.00408126774347665,0.057419805,0.028027891,0.026806558,30,2003.31232876712,2003,40,2001.96438356164,2001,2005,2005.66301369863,3.69863013698614,2.35068493150675,211482,0.0468911821715572,"LIMS26757p1raw",2.8139,1893,"716","H","3",1,155.858333333333,180.85,178.875,173.566666666667,110.716666666667,183.266666666667,0.37290726584808,"1",0.059688701,0.097629524,0.036189288,2005,8,2003,4,2001,12,129.111111111111,225.344444444444,177.044444444444,125509,0.0461956077591738,172949,0.0635600074252645,140207,0.0502457936821361,-0.0173643996660907,-0.00405018592296229,3,1,0.42711843,0.371999428,0.421607905,0.164811729,0.164058419,0.168398657,0.202863957,0.185256485,0.172923098,2,"1",-3.07487055556165,-2.75577082049071,-2.99082844336483,107900,0.0398244424558307,153170,0.0563243992268127,120438,0.0433705370181945,-3.22327442313762,-2.87662745891134,-3.13797493896124,14944.8170935961,22689.0674949495,9,2005,8,2002,1,2008,14040.8259649123,52540.4536111111,6083.045,0,0
"242",1716,37,3702,1877,"340-2958_221014_L002_",178143,0.038724423750622,"LIMS26629p3",2.93505,"14-2917_221007_L002_",290126,0.0659140664551702,"LIMS26757p1raw",3.94112,"208-4160_221014_L001_",161691,0.035004653085813,"LIMS26629p3",4.46787,-0.0271896427045482,0.00371977066480899,0.010975138,0.050699768,0.073690656,30,2003.72876712329,2003,41,2002.54794520548,2002,2005,2005.77808219178,3.23013698630143,2.04931506849312,290126,0.0659140664551702,"LIMS26757p1raw",3.94112,1716,"751","BrF","2",0,155.858333333333,180.85,239.091666666667,173.566666666667,80.2,183.266666666667,0.326925671770858,"1",0.070982764,0.077572023,0.087757425,2005,10,2003,9,2002,7,152.366666666667,180.377777777778,170.066666666667,138455,0.0497570678871691,248142,0.0934337615094826,123356,0.0440756118101234,-0.0436766936223135,0.0056814560770457,2,0,0.343549609,0.360497248,0.335633441,0.134523541,0.133875622,0.148214169,0.142223431,0.152709284,0.128079168,0,"0",-3.00060275738445,-2.37050252679843,-3.12184866968,121310,0.0436536574930039,230098,0.0867877755805986,106486,0.038145053337567,-3.13146820884362,-2.44428950155882,-3.2663591931563,15991.7948461538,16285.5494807692,12,2005,11,2005,7,2008,14559.5670134424,16379.8036097561,1461.07,0,0
"243",1782,37,3568,1881,"315-640_221014_L002_",158302,0.0340203868827954,"LIMS26629p3",2.76355,"395-4073_221111_L001_",230352,0.0526370483780939,"LIMS26629p4",3.54753,"63-11998DH0157L01_4979_TAATGCGCAT-ACGTCCTGGT_L001_",124179,0.028310688712832,"LIMS25133",9.27444,-0.0186166614952985,0.00570969816996342,0.009263053,0.037925668,0.079352119,30,2003.63835616438,2003,41,2002.51232876712,2002,2005,2005.61643835616,3.10410958904095,1.97808219178069,230352,0.0526370483780939,"LIMS26629p4",3.54753,1782,"696","BrF","2",0,155.858333333333,180.85,239.091666666667,173.566666666667,80.2,183.266666666667,0.360047201615983,"0",0.091996341,0.098444649,0.0949423,2005,8,2003,8,2002,7,129.111111111111,180.377777777778,172.311111111111,117451,0.0417167195003088,177171,0.0671091689911858,89269,0.0330505618676439,-0.025392449490877,0.00866615763266488,2,0,0.438122069,0.419120699,0.368985272,0.189709444,0.176612667,0.180106118,0.242515364,0.207336161,0.161583127,0,"0",-3.17685328328564,-2.70143459767534,-3.4097167122951,99882,0.0355500170277502,157439,0.0598253898972185,73543,0.0272517990140943,-3.33681464375269,-2.81632512791318,-3.60263574118619,17001.6362666667,16934.7219061166,8,2005,1,2009,8,2014,13741.5405080884,15649.8439857189,0,0,0
"244",4896,124,6161,1881,"51-11998DH0145L01_4859_CTGAAGCTAT-AGGATAGGGT_L001_",131215,0.0298850567865713,"LIMS25133",8.17222,"5-11998DH0099L01_4404_ATTACTCGAT-CTTCGCCTGT_L001_",180993,0.0410496181225452,"LIMS25133",10.4039,"63-11998DH0157L01_4979_TAATGCGCAT-ACGTCCTGGT_L001_",124179,0.028310688712832,"LIMS25133",9.27444,-0.0111645613359739,0.00157436807373932,0.078647472,0.023182606,0.079352119,30,2003.63835616438,2003,75,2006.61917808219,2006,2014,2014.1698630137,7.55068493150679,10.5315068493151,180993,0.0410496181225452,"LIMS25133",10.4039,4896,"6456","BrF","3",0,197.4,126.4,191.041666666667,173.566666666667,126.016666666667,183.266666666667,0.559557704556056,"0",0.091210251,0.029796166,0.0949423,2014,3,2003,8,2006,8,210.9,176.566666666667,172.311111111111,91816,0.0340796209855656,143387,0.0533282880513856,89269,0.0330505618676439,-0.0192486670658201,0.00102905911792169,3,0,0.432319201,0.365914297,0.368985272,0.165720833,0.146929327,0.180106118,0.20625935,0.111840851,0.161583127,0,"0",-3.37905569839843,-2.93128835592771,-3.4097167122951,74912,0.0278594597856609,125297,0.0466680698818899,73543,0.0272517990140943,-3.58058270113933,-3.06469507659536,-3.60263574118619,13320.1759934793,11928.2633098423,7,2014,9,2012,8,2014,13741.5405080884,10176.2735597927,25523.515,0,0
"245",5224,104,5564,1881,"39-11998DH0133L01_4689_ATTCAGAAAT-ACGTCCTGGT_L001_",123917,0.0283313305021133,"LIMS25133",9.553,"409-4811_221118_L001_",267026,0.0597580331226762,"LIMS26757p3",3.5005,"63-11998DH0157L01_4979_TAATGCGCAT-ACGTCCTGGT_L001_",124179,0.028310688712832,"LIMS25133",9.27444,-0.0314267026205629,2.06417892813227e-05,0.114801853,0.009987312,0.079352119,30,2003.63835616438,2003,87,2008.40163934426,2008,2010,2010.64383561644,2.24219627217599,7.00547945205471,267026,0.0597580331226762,"LIMS26757p3",3.5005,5224,"5006","BrF","2",0,120.45,120.15,131.291666666667,173.566666666667,97.9833333333333,183.266666666667,0.389767237113667,"0",0.13203536,0.108421766,0.0949423,2010,8,2003,8,2008,5,118.622222222222,110.788888888889,172.311111111111,90919,0.0340097000249813,233841,0.087152843702253,89269,0.0330505618676439,-0.0531431436772717,0.000959138157337391,2,0,0.396657036,0.406418905,0.368985272,0.161326525,0.163197886,0.180106118,0.202603689,0.210417217,0.161583127,1,"0",-3.38110950020242,-2.44009187757424,-3.4097167122951,73844,0.027700418544414,217726,0.0813058030357333,73543,0.0272517990140943,-3.58630775599635,-2.50953788692236,-3.60263574118619,13608.3008543417,11197.3000396825,9,2013,9,2011,8,2014,13741.5405080884,9784.10328048781,10055.3944523471,0,0
"246",3002,92,5466,1886,"258-4483_AGCCACTCGT-CCAAGAGGAT_L003_",413891,0.0978166922691967,"LIMS26076p2",5.58205,"275-4254_221014_L001_",186481,0.0410756393871898,"LIMS26629p3",3.98798,"470-4292_221111_L001_",164096,0.0370104807438724,"LIMS26629p4",4.91763,0.056741052882007,0.0608062115253243,0.01172689,0.083774011,0.064896726,41,2002.54794520548,2002,31,2003.91506849315,2003,2009,2009.64931506849,5.73424657534247,7.10136986301382,186481,0.0410756393871898,"LIMS26629p3",3.98798,3002,"4786","BrF","4",0,172.808333333333,111.266666666667,173.566666666667,239.091666666667,183.266666666667,80.2,0.322343917480868,"0",0.072010293,0.104909842,0.084170239,2009,8,2002,7,2003,11,154.388888888889,155.488888888889,180.377777777778,374944,0.149110760274212,143964,0.0525207221873888,121348,0.045000359204463,0.096590038086823,0.104110401069749,4,0,0.354523006,0.429474585,0.351605992,0.14552718,0.177254171,0.132003344,0.126122579,0.233902705,0.157074266,1,"0",-1.90306589164501,-2.94654747893019,-3.10108480692228,353993,0.141244256613897,124736,0.0456994221806537,102919,0.0383364294718972,-1.95726457092283,-3.08566962491128,-3.26135467371652,15372.281506156,15260.450426501,9,2009,8,2008,6,2009,15563.7613123924,15043.945892317,4399.22,0,0
"247",4868,90,5319,1886,"66-11998DH0066L01_4208_GTGTCGGAAT-GCGCAAGCGT_L001_",191798,0.043715024446256,"LIMS24675",6.85727,"289-3122_221014_L002_",154840,0.032918329414465,"LIMS26629p3",3.49777,"470-4292_221111_L001_",164096,0.0370104807438724,"LIMS26629p4",4.91763,0.010796695031791,0.0067045437023836,0.087522873,0.064880597,0.064896726,41,2002.54794520548,2002,75,2006.30136986301,2006,2008,2009.22739726027,2.92602739726044,6.67945205479464,154840,0.032918329414465,"LIMS26629p3",3.49777,4868,"4153","BrF","2",0,131.291666666667,97.9833333333333,191.041666666667,239.091666666667,126.016666666667,80.2,0.357163146786929,"0",0.104666859,0.087798197,0.084170239,2009,3,2002,7,2006,4,201.644444444444,142.611111111111,180.377777777778,151235,0.0562316223691996,118318,0.0416383398416661,121348,0.045000359204463,0.0145932825275335,0.0112312631647367,2,0,0.347413301,0.347716641,0.351605992,0.13989202,0.162388674,0.132003344,0.151263149,0.152069612,0.157074266,0,"0",-2.87827600471652,-3.17873390534655,-3.10108480692228,131240,0.0486880552438212,102236,0.0360625518124849,102919,0.0383364294718972,-3.02232155117854,-3.3225002979735,-3.26135467371652,15862.730345679,13539.3593253968,2,2012,7,2006,6,2009,15563.7613123924,6359.09583333333,7421.44878571429,0,0
"248",4868,92,5498,1886,"13-11998DH0013L01_3360_CCAAGTCTAT-TCATCCTTGT_L001_",197255,0.0448316807293286,"LIMS24675",7.91163,"289-3122_221014_L002_",154840,0.032918329414465,"LIMS26629p3",3.49777,"470-4292_221111_L001_",164096,0.0370104807438724,"LIMS26629p4",4.91763,0.0119133513148636,0.00782119998545618,0.078333318,0.064880597,0.064896726,41,2002.54794520548,2002,75,2006.30136986301,2006,2009,2009.79452054795,3.49315068493161,7.2465753424658,154840,0.032918329414465,"LIMS26629p3",3.49777,4868,"4785","BrF","3",0,172.808333333333,111.266666666667,191.041666666667,239.091666666667,126.016666666667,80.2,0.387607163348216,"1",0.092790153,0.087798197,0.084170239,2009,10,2002,7,2006,4,150.133333333333,142.611111111111,180.377777777778,156592,0.0584531960097764,118318,0.0416383398416661,121348,0.045000359204463,0.0168148561681103,0.0134528368053135,3,0,0.382578757,0.347716641,0.351605992,0.138566854,0.162388674,0.132003344,0.187951721,0.152069612,0.157074266,2,"0",-2.83952891317866,-3.17873390534655,-3.10108480692228,137142,0.0511685463022495,102236,0.0360625518124849,102919,0.0383364294718972,-2.97263026574888,-3.3225002979735,-3.26135467371652,15023.9431713689,12104.4548726467,2,2010,7,2006,6,2009,15563.7613123924,6359.09583333333,12258.635,0,0
"249",1669,77,4971,1897,"174-3342_221007_L003_",255057,0.0563547295703598,"LIMS26757p1raw",3.03504,"266-4330_221014_L001_",200289,0.0431657204433742,"LIMS26629p3",4.36279,"334-4339_221014_L002_",149462,0.0317865849401862,"LIMS26629p3",3.27974,0.0131890091269856,0.0245681446301736,0.009887237,0.072328192,0.089115821,30,2003.7095890411,2003,40,2001.55890410959,2001,2006,2006.89863013699,5.33972602739732,3.18904109589062,200289,0.0431657204433742,"LIMS26629p3",4.36279,1669,"3928","BrF","2",0,191.041666666667,126.016666666667,178.875,173.566666666667,110.716666666667,183.266666666667,0.365514023715589,"0",0.102053148,0.093030253,0.163341005,2006,11,2003,9,2001,7,211.455555555556,103.377777777778,170.066666666667,214138,0.0783777616215321,150575,0.0535542962766829,108583,0.0379119824506912,0.0248234653448492,0.0404657791708409,2,0,0.418185019,0.416377808,0.472953027,0.179646068,0.177426461,0.197694345,0.250721126,0.225303792,0.296554806,0,"0",-2.54621504464942,-2.92705925605012,-3.27248805721284,195041,0.0714949046539541,131107,0.0467626826649392,92396,0.0322490108741696,-2.63812909540261,-3.06266977308852,-3.43426790677909,16445.8659919028,21156.8802788462,1,2007,7,2009,7,2009,15026.1838993964,18616.7646907216,10635.6933333333,0,0
"250",2985,92,5515,1897,"52-11998DH0052L01_4114_GGTGAACCAT-TCCAACGCGT_L001_",177973,0.0407974004578832,"LIMS24675",8.17317,"354-4361_221014_L002_",151556,0.0321523782676618,"LIMS26629p3",3.11101,"334-4339_221014_L002_",149462,0.0317865849401862,"LIMS26629p3",3.27974,0.00864502219022132,0.00901081551769695,0.059688624,0.029750881,0.089115821,30,2003.7095890411,2003,31,2003.84931506849,2003,2009,2009.86575342466,6.01643835616437,6.15616438356165,151556,0.0321523782676618,"LIMS26629p3",3.11101,2985,"4730","H","4",1,172.808333333333,111.266666666667,173.566666666667,173.566666666667,183.266666666667,183.266666666667,0.403076533494184,"1",0.081203482,0.113292745,0.163341005,2009,11,2003,9,2003,11,157.888888888889,155.488888888889,170.066666666667,141736,0.0531734165908717,114085,0.0398272253644371,108583,0.0379119824506912,0.0133461912264346,0.0152614341401806,4,1,0.399148824,0.401219968,0.472953027,0.171910437,0.160458661,0.197694345,0.19319923,0.198679513,0.296554806,2,"1",-2.93419669566177,-3.22320454616746,-3.27248805721284,124723,0.0467963280605387,98282,0.034333837090195,92396,0.0322490108741696,-3.0619505393816,-3.3716239069983,-3.43426790677909,14498.5071243243,14789.4701369863,12,2011,8,2009,7,2009,15026.1838993964,15260.450426501,8141.80746153846,0,0
"251",1559,37,3603,2960,"314-689_230106_L002_",226265,0.0530481154435413,"LIMS26757",3.74913,"400-3369_221111_L001_",173247,0.0392969300630858,"LIMS26629p4",4.04812,"6-11998DH0006L01_2968_GCTTGTCAAT-GTATGTTCGT_L001_",191957,0.0439669818432855,"LIMS24675",5.21864,0.0137511853804555,0.00908113360025582,0.045518976,0.094633861,0.042672436,30,2003.73698630137,2003,28,1999.75342465753,1999,2005,2005.66301369863,5.90958904109584,1.92602739726021,173247,0.0392969300630858,"LIMS26629p4",4.04812,1559,"662","BrF","2",0,155.858333333333,180.85,142.466666666667,173.566666666667,61.9,183.266666666667,0.394640051609364,"0",0.08506423,0.119083147,0.05599835,2005,8,2003,9,1999,10,129.111111111111,137.533333333333,170.066666666667,183820,0.0718437793633993,131172,0.0491398334212309,152823,0.05711374635653,0.0227039459421683,0.0147300330068693,2,0,0.408143637,0.442127808,0.380476454,0.173121965,0.174280339,0.151017544,0.161953367,0.268779484,0.136886112,0,"0",-2.63326124830681,-3.01308530177619,-2.86271044949821,165068,0.0648269762085829,112605,0.042367138089399,134228,0.0500650787454309,-2.73603346273734,-3.16138226230827,-2.99443154495971,17070.3634057971,22790.6901368209,9,2005,6,2007,3,2006,18334.4741290323,20996.0641608228,6083.045,0,0
"252",5267,105,5684,2960,"36-11998DH0036L01_3933_GATTCTGCAT-CTCTCGTCGT_L001_",178405,0.0408035607361441,"LIMS24675",8.15298,"10-11998DH0010L01_3120_GACCTGAAAT-CTCACCAAGT_L001_",186904,0.0429213749581619,"LIMS24675",6.44309,"6-11998DH0006L01_2968_GCTTGTCAAT-GTATGTTCGT_L001_",191957,0.0439669818432855,"LIMS24675",5.21864,-0.00211781422201777,-0.00316342110714139,0.07815892,0.07794814,0.042672436,30,2003.73698630137,2003,85,2007.96712328767,2007,2011,2011.55068493151,3.58356164383554,7.81369863013697,186904,0.0429213749581619,"LIMS24675",6.44309,5267,"5087","BrF","5",1,162.783333333333,109.916666666667,164.008333333333,173.566666666667,150.2,183.266666666667,0.457685313598833,"1",0.090964076,0.086639602,0.05599835,2011,7,2003,9,2007,12,158.077777777778,155.366666666667,170.066666666667,144347,0.0541937787375503,147856,0.0555007713063366,152823,0.05711374635653,-0.00130699256878632,-0.00291996761897968,5,1,0.363171406,0.365192146,0.380476454,0.161047013,0.166046167,0.151017544,0.130467399,0.142320573,0.136886112,2,"1",-2.91518916056469,-2.89135836091485,-2.86271044949821,125889,0.047205094873318,128626,0.0482346610854533,134228,0.0500650787454309,-3.05325344998466,-3.03167740670434,-2.99443154495971,13039.3537581187,10273.5449260042,9,2011,8,2008,3,2006,18334.4741290323,10855.9511111111,1496.23,0,0
"253",1790,37,3646,2964,"145-3312_221007_L003_",266641,0.0588340665312343,"LIMS26757p1raw",3.97017,"192-3995_221014_L001_",196563,0.0431403205218806,"LIMS26629p3",4.75485,"434-3682_221111_L001_",174593,0.0388395060331114,"LIMS26629p4",5.70191,0.0156937460093537,0.0199945604981229,0.049917224,0.072808221,0.109611164,41,2002.98904109589,2003,41,2002.87671232877,2002,2005,2005.74246575342,2.86575342465767,2.75342465753442,196563,0.0431403205218806,"LIMS26629p3",4.75485,1790,"727","BrF","3",0,155.858333333333,180.85,239.091666666667,173.566666666667,80.2,183.266666666667,0.333891473600186,"0",0.085079365,0.087059056,0.129708492,2005,9,2002,12,2002,11,169.144444444444,209.833333333333,232.422222222222,232012,0.0849960895322794,153573,0.0555294221294097,134276,0.0495568206588839,0.0294666674028697,0.0354392688733956,3,0,0.358131012,0.352264909,0.414658575,0.153876823,0.171090227,0.173346491,0.142163863,0.161949701,0.197822646,1,"0",-2.4651500290527,-2.89084227024036,-3.00463537563322,213101,0.0782239410068586,134335,0.048722540705136,116774,0.0431781802980655,-2.54817952730267,-3.02161350782002,-3.14241999702375,12812.9287700535,12478.4667563025,1,2007,7,2008,6,2007,14030.148969697,12910.8364322251,18493.8522058824,0,0
"254",1510,75,4890,2966,"75-11998DH0075L01_4238_AGTACTCCAT-AACAGGTTGT_L001_",165446,0.0380443609225654,"LIMS24675",7.74629,"194-3975_CCAACTGTAT-GCGCTAGAGA_L003_",174814,0.0396214471434814,"LIMS26757p2",5.31245,"498-6116_221118_L002_",297811,0.0694919729315247,"LIMS26757p3",3.27495,-0.00157708622091603,-0.0314476120089593,0.158792582,0.08820076,0.003628103,31,2004.15300546448,2004,28,1999.46575342466,1999,2006,2006.61643835616,7.1506849315067,2.4634328916834,174814,0.0396214471434814,"LIMS26757p2",5.31245,1510,"3777","BrF","2",0,191.041666666667,126.016666666667,142.466666666667,177.791666666667,61.9,77.4833333333333,0.407834792049311,"1",0.183421055,0.101476579,0.110323414,2006,8,2004,2,1999,6,176.566666666667,90.4,134.422222222222,127361,0.0477968005058601,138125,0.051961562228055,262918,0.102407966657822,-0.00416476172219489,-0.0546111661519622,2,0,0.424614729,0.428186077,0.426442101,0.187981047,0.180299486,0.189144003,0.240903354,0.227222808,0.224749349,0,"0",-3.04079657674882,-2.95725102165683,-2.27879077001015,109285,0.0409793220344342,120379,0.0455245846491722,245176,0.0957592100394696,-3.1946876801239,-3.08950277698675,-2.34591846714542,17316.3500645161,21521.6719112537,6,2012,7,2008,9,2014,13666.9919777313,19265.1351801501,10205.6344949698,0,0
"255",1763,105,5786,2966,"216-5322_GCACTACCAG-GAAGACTTAG_L003_",310419,0.0714216814714121,"LIMS26757p2",3.78398,"88-49_221007_L004_",170986,0.0381675096687936,"LIMS26629p2raw",5.84363,"498-6116_221118_L002_",297811,0.0694919729315247,"LIMS26757p3",3.27495,0.0332541718026184,0.00192970853988736,0.026837534,0.110384635,0.003628103,31,2004.15300546448,2004,41,2002.43287671233,2002,2011,2011.89589041096,9.46301369862999,7.74288494647794,170986,0.0381675096687936,"LIMS26629p2raw",5.84363,1763,"5088","BrF","5",1,162.783333333333,109.916666666667,239.091666666667,177.791666666667,80.2,77.4833333333333,0.367311578667998,"1",0.108538109,0.125228756,0.110323414,2011,11,2004,2,2002,6,156.522222222222,198.566666666667,134.422222222222,276547,0.106065594454137,120601,0.0444654175760092,262918,0.102407966657822,0.0616001768781275,0.00365762779631434,5,1,0.40850013,0.425086693,0.426442101,0.170264519,0.157867899,0.189144003,0.189703029,0.235509216,0.224749349,1,"1",-2.24369756065243,-3.11304352505782,-2.27879077001015,258355,0.099293818612415,101610,0.0376348951751108,245176,0.0957592100394696,-2.30967195949181,-3.27982359580281,-2.34591846714542,12785.8708407687,13522.675972675,6,2012,6,2003,9,2014,13666.9919777313,19269.3057692308,5240.83357142857,0,0
"256",3086,125,6215,2966,"220-6057_TCGACCAGCA-GTTCGAACTC_L003_",301496,0.0703813715824723,"LIMS26757p2",3.39012,"375-438_221014_L002_",143536,0.0302732074702584,"LIMS26629p3",2.78961,"498-6116_221118_L002_",297811,0.0694919729315247,"LIMS26757p3",3.27495,0.0401081641122139,0.000889398650947643,0.005327596,0.010999698,0.003628103,31,2004.15300546448,2004,34,2004.8087431694,2004,2014,2014.38630136986,9.57755820046418,10.2332959053822,143536,0.0302732074702584,"LIMS26629p3",2.78961,3086,"6662","BrF","5",1,197.4,126.4,177.791666666667,177.791666666667,77.4833333333333,77.4833333333333,0.281164910080089,"0",0.112937538,0.108541198,0.110323414,2014,5,2004,2,2004,10,198.466666666667,209.433333333333,134.422222222222,261551,0.101319632503019,108359,0.0378385423784553,262918,0.102407966657822,0.063481090124564,-0.00108833415480304,5,1,0.466921049,0.383015897,0.426442101,0.1896178,0.172862613,0.189144003,0.231976358,0.180911665,0.224749349,2,"1",-2.28947508094743,-3.27442705619433,-2.27879077001015,242260,0.0940920034014719,91550,0.0319485667169156,245176,0.0957592100394696,-2.36348221579486,-3.44362795935528,-2.34591846714542,13694.0421898767,13764.4360922039,9,2014,12,2004,9,2014,13666.9919777313,2865.52333333333,29938.653,0,0
"257",1760,34,3507,2972,"70-577_221007_L002_",191334,0.0426533212910677,"LIMS26757p1raw",3.88566,"39-8_221007_L002_",210517,0.0475148017478896,"LIMS26757p1raw",2.88799,"10-314_221007_L002_",240898,0.0544821296142433,"LIMS26757p1raw",3.425,-0.00486148045682194,-0.0118288083231756,0.066542002,0.015584991,0.037284621,30,2003.40821917808,2003,40,2001.75068493151,2001,2004,2004.57650273224,2.8258178007336,1.16828355415828,210517,0.0475148017478896,"LIMS26757p1raw",2.88799,1760,"2864","BrF","1",0,177.791666666667,77.4833333333333,178.875,173.566666666667,110.716666666667,183.266666666667,0.300943165177161,"0",0.086765932,0.051873822,0.077092647,2004,7,2003,5,2001,10,157.8,199.222222222222,176.544444444444,151744,0.0562885757699219,166434,0.0622778227607512,194657,0.0729821356130762,-0.00598924699082924,-0.0166935598431542,1,0,0.346961498,0.349601748,0.375591854,0.159094089,0.153355371,0.150604232,0.148292066,0.086037239,0.164440573,0,"0",-2.87726368147984,-2.77614989151067,-2.61754058541108,132101,0.0491797380701065,145642,0.0546730041529718,174810,0.0657305936590908,-3.01227356815161,-2.90638521691784,-2.72219080496453,11057.544952381,24653.1143761141,7,2005,10,2002,5,2004,9908.48935897436,48580.1919230769,19169.6892307692,0,0
"258",5132,105,5650,2974,"555-4806_221118_L002_",268774,0.0623272155700346,"LIMS26757p3",3.42033,"59-11998DH0153L01_4935_TAATGCGCAT-AGGATAGGGT_L001_",125687,0.0289107265753575,"LIMS25133",8.52638,"560-312_221118_L002_",211692,0.0486028890761115,"LIMS26757p3",3.6839,0.0334164889946771,0.013724326493923,0.00392007,0.110348894,0.037600608,31,2004.10382513661,2004,77,2007.00821917808,2006,2011,2011.63287671233,4.62465753424658,7.52905157571695,125687,0.0289107265753575,"LIMS25133",8.52638,5132,"5166","BrF","2",0,162.783333333333,109.916666666667,191.041666666667,177.791666666667,126.016666666667,77.4833333333333,0.346639058228209,"1",0.094094641,0.127507234,0.102102568,2011,8,2004,2,2007,1,150.666666666667,227.788888888889,134.422222222222,237987,0.0918139559613266,91401,0.0341639910764554,184447,0.0705721214859965,0.0576499648848713,0.0212418344753301,2,0,0.441272774,0.395115592,0.390365708,0.160107666,0.169227114,0.145273328,0.251604569,0.182900329,0.188244064,0,"0",-2.38799096718792,-3.37658308209557,-2.65112009227025,221226,0.0855739905940286,75203,0.0281830989210142,166953,0.0640481344824852,-2.45837389020626,-3.56903280974956,-2.74812037702008,12770.7633479853,10544.6422207792,8,2011,7,2014,6,2004,5535.702,12644.5325030525,0,0,0
"259",5518,122,6070,2974,"251-5754_GATAGATCAG-CGTACGCCAT_L003_",373380,0.0886259236780289,"LIMS26076p2",6.015,"85-11998DH0085L01_4324_AGGTTATAAT-CGGAACTGGT_L001_",173963,0.0396529615214696,"LIMS24675",7.19803,"560-312_221118_L002_",211692,0.0486028890761115,"LIMS26757p3",3.6839,0.0489729621565593,0.0400230346019173,0.065331666,0.09172143,0.037600608,31,2004.10382513661,2004,92,2009.84383561644,2009,2013,2013.66301369863,3.81917808219168,9.55918856201811,173963,0.0396529615214696,"LIMS24675",7.19803,5518,"6119","BrF","2",0,137.958333333333,51.35,172.808333333333,177.791666666667,111.266666666667,77.4833333333333,0.390503442553669,"0",0.095326542,0.110531391,0.102102568,2013,8,2004,2,2009,11,111.077777777778,157.888888888889,134.422222222222,334084,0.13293817253036,137683,0.0515702168508217,184447,0.0705721214859965,0.0813679556795381,0.0623660510443632,2,0,0.38496882,0.362655453,0.390365708,0.148875835,0.165860131,0.145273328,0.179482026,0.161999189,0.188244064,2,"0",-2.01787112703788,-2.96481096594805,-2.65112009227025,316358,0.126317446613843,119540,0.0447558176020909,166953,0.0640481344824852,-2.06895712287234,-3.10653384042948,-2.74812037702008,12630.0226666667,9426.6354057971,9,2013,6,2012,6,2004,5535.702,7448.825,17186.58,0,0
"260",4896,87,5237,2990,"88-11998DH0088L01_4327_TCTGTTGGAT-CCATTCGAGT_L001_",164008,0.0377402711855848,"LIMS24675",6.73639,"5-11998DH0099L01_4404_ATTACTCGAT-CTTCGCCTGT_L001_",180993,0.0410496181225452,"LIMS25133",10.4039,"222-3833_221014_L001_",175399,0.0382694099455548,"LIMS26629p3",3.53128,-0.00330934693696041,-0.000529138759969988,0.059555833,0.023182606,0.067142359,34,2004.20491803279,2004,75,2006.61917808219,2006,2008,2008.41530054645,1.79612246425631,4.21038251366122,180993,0.0410496181225452,"LIMS25133",10.4039,4896,"4529","BrF","3",0,131.291666666667,97.9833333333333,191.041666666667,177.791666666667,126.016666666667,77.4833333333333,0.535412497189545,"1",0.073089918,0.029796166,0.10268583,2008,6,2004,3,2006,8,93.6888888888889,176.566666666667,126.322222222222,126803,0.0475391691522493,143387,0.0533282880513856,135286,0.0490376661563115,-0.00578911889913634,-0.00149849700406218,3,0,0.374741402,0.365914297,0.426421939,0.161728841,0.146929327,0.174388478,0.121722773,0.111840851,0.245486447,0,"0",-3.04620129401709,-2.93128835592771,-3.0151665791002,109499,0.041058059102854,125297,0.0466680698818899,116955,0.0425188264645475,-3.1927681382881,-3.06469507659536,-3.1578083255001,14613.3746417798,10192.7201976285,8,2009,9,2012,8,2007,16682.9442276423,10176.2735597927,16703.6131428571,0,0
"261",4896,92,5508,2990,"40-11998DH0040L01_4035_CGGACAACAT-AATCCGGAGT_L001_",164956,0.0379314102686441,"LIMS24675",7.5388,"5-11998DH0099L01_4404_ATTACTCGAT-CTTCGCCTGT_L001_",180993,0.0410496181225452,"LIMS25133",10.4039,"222-3833_221014_L001_",175399,0.0382694099455548,"LIMS26629p3",3.53128,-0.00311820785390115,-0.000337999676910727,0.011139821,0.023182606,0.067142359,34,2004.20491803279,2004,75,2006.61917808219,2006,2009,2009.87123287671,3.25205479452052,5.66631484392542,180993,0.0410496181225452,"LIMS25133",10.4039,4896,"4731","BrF","4",1,172.808333333333,111.266666666667,191.041666666667,177.791666666667,126.016666666667,77.4833333333333,0.449483823811113,"1",0.011179264,0.029796166,0.10268583,2009,11,2004,3,2006,8,157.888888888889,176.566666666667,126.322222222222,128605,0.0481678101832109,143387,0.0533282880513856,135286,0.0490376661563115,-0.0051604778681747,-0.000869855973100547,4,1,0.248461196,0.365914297,0.426421939,0.134556533,0.146929327,0.174388478,0.022203212,0.111840851,0.245486447,1,"1",-3.03306431955166,-2.93128835592771,-3.0151665791002,110620,0.0414087819568731,125297,0.0466680698818899,116955,0.0425188264645475,-3.18426229608395,-3.06469507659536,-3.1578083255001,14658.7823188406,12290.0006153846,11,2011,9,2012,8,2007,16682.9442276423,10176.2735597927,8269.9975,0,0
"262",4973,92,5513,2990,"35-11998DH0129L01_4666_ATTCAGAAAT-AGGATAGGGT_L001_",126481,0.0289573951278953,"LIMS25133",9.55705,"49-11998DH0143L01_4851_CTGAAGCTAT-AGGCTATAGT_L001_",133917,0.0309358928516647,"LIMS25133",5.43835,"222-3833_221014_L001_",175399,0.0382694099455548,"LIMS26629p3",3.53128,-0.00197849772376939,-0.0093120148176595,0.070987905,0.025629855,0.067142359,34,2004.20491803279,2004,77,2006.90136986301,2006,2009,2009.86575342466,2.96438356164367,5.66083539187048,133917,0.0309358928516647,"LIMS25133",5.43835,4973,"4729","H","3",1,172.808333333333,111.266666666667,191.041666666667,177.791666666667,126.016666666667,77.4833333333333,0.434565144921657,"1",0.094226428,0.033842858,0.10268583,2009,11,2004,3,2006,11,157.888888888889,211.455555555556,126.322222222222,92049,0.0343287172715075,87555,0.0323473443846422,135286,0.0490376661563115,0.00198137288686529,-0.014708948884804,3,1,0.358685455,0.37311198,0.426421939,0.169202371,0.166850798,0.174388478,0.130497641,0.077560396,0.245486447,3,"1",-3.3717730368623,-3.43122335152406,-3.0151665791002,75938,0.0284098830615541,70489,0.0260635062035073,116955,0.0425188264645475,-3.56101819922609,-3.64721917283954,-3.1578083255001,14658.7823188406,12565.8599249249,9,2013,6,2014,8,2007,16682.9442276423,12557.4428189202,9287.65200740055,0,0
"263",1776,82,5137,2991,"272-3534_221014_L001_",180951,0.0397433971923033,"LIMS26629p3",2.4879,"278-93_TCGGTCTGTT-TGGTTGGTAC_L003_",303022,0.0710791106150956,"LIMS26076p2",5.84518,"530-4020_221118_L002_",241105,0.0555672898480342,"LIMS26757p3",5.78269,-0.0313357134227922,-0.0158238926557308,0.006641856,0.078915162,0.07077016,31,2003.90684931507,2003,41,2002.8301369863,2002,2007,2007.64383561644,4.81369863013697,3.73698630136983,303022,0.0710791106150956,"LIMS26076p2",5.84518,1776,"4247","BrF","4",0,164.008333333333,150.2,239.091666666667,173.566666666667,80.2,183.266666666667,0.331852826997559,"0",0.108820216,0.10125007,0.094051604,2007,8,2003,11,2002,10,146.9,194.488888888889,155.488888888889,133942,0.048587702520847,263342,0.103086406784395,207735,0.0795165974723629,-0.0544987042635481,-0.0309288949515159,4,0,0.430383689,0.424431442,0.395866153,0.164792484,0.172868112,0.162259457,0.223875069,0.212418711,0.194231136,3,"0",-3.0243848146448,-2.27218774161375,-2.53178950587468,114782,0.041705798646008,243613,0.0956637510811359,191113,0.0733947636733621,-3.17711510358562,-2.34691582885885,-2.61190268550643,16651.7252173913,14830.6141613092,9,2007,6,2003,1,2009,15622.6903891449,8128.39944444445,1081.125,0,0
"264",3490,105,5615,3087,"576-4762_221118_L002_",261073,0.0602211243887061,"LIMS26757p3",4.22218,"67-11998DH0067L01_4212_TTCCTGTTAT-AAGATACTGT_L001_",186155,0.0424809599678368,"LIMS24675",7.40846,"4-11998DH0098L01_4401_ATTACTCGAT-TCAGAGCCGT_L001_",182099,0.0412749988951227,"LIMS25133",8.57796,0.0177401644208693,0.0189461254935835,0.054588936,0.110303072,0.021061425,34,2004.65573770492,2004,35,2005.2,2005,2011,2011.16712328767,5.96712328767126,6.51138558275329,186155,0.0424809599678368,"LIMS24675",7.40846,3490,"5099","BrF","2",0,162.783333333333,109.916666666667,155.858333333333,177.791666666667,180.85,77.4833333333333,0.39390992043523,"0",0.089402809,0.124240352,0.024038094,2011,3,2004,8,2005,3,131.488888888889,225.666666666667,179.655555555556,225898,0.0867997625546618,148924,0.0556799863438917,139317,0.0516394810327557,0.0311197762107701,0.0351602815219061,2,0,0.426854497,0.423022881,0.368442742,0.168670838,0.171959008,0.166213875,0.213979401,0.237573945,0.104173036,0,"0",-2.44415139286494,-2.88813450821657,-2.96346876276845,207786,0.0800971409226352,130152,0.0486449308521672,121607,0.0450505523672643,-2.52451511939461,-3.02320767203449,-3.09997003379842,13211.246568038,11692.6170167428,7,2011,2,2012,9,2012,12393.1885851041,11306.7496772805,5647.378,0,0
"265",2978,104,5760,3089,"50-11998DH0050L01_4110_GCGCTCTAAT-GTCGGAGCGT_L001_",171901,0.0392799906725213,"LIMS24675",6.31321,"68-11998DH0068L01_4213_CCTTCACCAT-GGAGCGTCGT_L001_",190858,0.0435653009084463,"LIMS24675",6.82429,"69-11998DH0069L01_4214_GCCACAGGAT-ATGGCATGGT_L001_",185259,0.042436107790115,"LIMS24675",6.68291,-0.00428531023592504,-0.00315611711759371,0.102229277,0.11122134,0.074154922,35,2004.84153005464,2004,30,2003.4301369863,2003,2010,2010.95068493151,7.52054794520541,6.10915487686202,190858,0.0435653009084463,"LIMS24675",6.82429,2978,"5017","BrF","4",1,120.45,120.15,173.566666666667,177.791666666667,183.266666666667,77.4833333333333,0.523669626187862,"0",0.115432229,0.133775364,0.090411702,2010,12,2004,11,2003,6,150.266666666667,161.344444444444,236.211111111111,135672,0.050815324634575,154305,0.0579086012625561,149062,0.0559743423157971,-0.00709327662798111,-0.00515901768122205,4,1,0.404839887,0.414961916,0.330736927,0.15192115,0.179750541,0.13921844,0.206054068,0.223909894,0.118174335,1,"1",-2.97955730385481,-2.84888935167876,-2.88286186617247,116632,0.0436558905404148,135945,0.0509590766798009,130063,0.0487888539653206,-3.13141705642188,-2.97673238641061,-3.02025339456081,12765.6633172899,12886.5431868132,12,2011,2,2012,2,2012,12288.7329245037,12470.0178260073,10446.2264102564,0,0
"266",5851,142,6556,3089,"306-7231_TGACAAGAGG-AATCTGTTGG_L003_",191943,0.0432385752189152,"LIMS26076p6",3.46767,"7-11998DH0101L01_4419_ATTACTCGAT-ACGTCCTGGT_L001_",196394,0.0444226279887276,"LIMS25133",8.75969,"69-11998DH0069L01_4214_GCCACAGGAT-ATGGCATGGT_L001_",185259,0.042436107790115,"LIMS24675",6.68291,-0.00118405276981236,0.000802467428800246,0.046045193,0.022433787,0.074154922,35,2004.84153005464,2004,116,2012.56830601093,2012,2015,2015.35890410959,2.79059809865998,10.5173740549442,196394,0.0444226279887276,"LIMS25133",8.75969,5851,"7114","BrF","2",0,217.166666666667,179.383333333333,112.45,177.791666666667,83.8166666666667,77.4833333333333,0.440415707967241,"1",0.066560685,0.024593865,0.090411702,2015,5,2004,11,2012,7,201.333333333333,97.8,236.211111111111,153388,0.0573197060316802,159526,0.0593148010101592,149062,0.0559743423157971,-0.00199509497847893,0.00134536371588315,2,0,0.415678568,0.336458233,0.330736927,0.155651041,0.151816676,0.13921844,0.215442031,0.069877002,0.118174335,0,"0",-2.85911080458242,-2.82489640867266,-2.88286186617247,134709,0.0505348037813069,141535,0.0526268667816228,130063,0.0487888539653206,-2.98509299629066,-2.94452851432376,-3.02025339456081,13195.6874053243,16681.0579327731,7,2016,9,2012,2,2012,12288.7329245037,13280.5033333333,21816.5868571429,0,0
"267",6143,159,6694,3089,"119-7743_ACGGTCGCAT-GTACTCTCTA_L001_",188035,0.0429911395137839,"LIMS26076p3",7.9002,"44-11998DH0138L01_4819_GAATTCGTAT-TCAGAGCCGT_L001_",130658,0.0299466614020512,"LIMS25133",8.73789,"69-11998DH0069L01_4214_GCCACAGGAT-ATGGCATGGT_L001_",185259,0.042436107790115,"LIMS24675",6.68291,0.0130444781117327,0.0005550317236689,0.09260579,0.116748362,0.074154922,35,2004.84153005464,2004,124,2014.1397260274,2014,2016,2016.74316939891,2.60344337150991,11.9016393442623,130658,0.0299466614020512,"LIMS25133",8.73789,6143,"7585","BrF","2",0,171,109.4,197.4,177.791666666667,126.4,77.4833333333333,0.419960388568119,"1",0.10901069,0.134752443,0.090411702,2016,9,2004,11,2014,2,123.155555555556,228.255555555556,236.211111111111,152373,0.0578679390271445,90277,0.0335672939261714,149062,0.0559743423157971,0.0243006451009731,0.0018935967113474,2,0,0.373190793,0.387220502,0.330736927,0.157145748,0.159679691,0.13921844,0.169577193,0.183996386,0.118174335,0,"0",-2.84959177786945,-3.39420308112402,-2.88286186617247,132640,0.0506769245716526,73778,0.0275323779082665,130063,0.0487888539653206,-2.98228460864492,-3.59239258839368,-3.02025339456081,14472.8727016645,18518.5596673387,9,2018,6,2014,2,2012,12288.7329245037,22036.753,9593.8529,0,0
"268",6143,164,6838,3089,"117-8064_AAGGTGTTAG-TGTGCTGGTG_L001_",188968,0.0434913464105141,"LIMS26076p3",7.36435,"44-11998DH0138L01_4819_GAATTCGTAT-TCAGAGCCGT_L001_",130658,0.0299466614020512,"LIMS25133",8.73789,"69-11998DH0069L01_4214_GCCACAGGAT-ATGGCATGGT_L001_",185259,0.042436107790115,"LIMS24675",6.68291,0.0135446850084629,0.00105523862039918,0.089290768,0.116748362,0.074154922,35,2004.84153005464,2004,124,2014.1397260274,2014,2017,2017.75890410959,3.61917808219187,12.9173740549443,130658,0.0299466614020512,"LIMS25133",8.73789,6143,"7752","BrF","3",1,139.058333333333,125.6,197.4,177.791666666667,126.4,77.4833333333333,0.53190729244063,"0",0.098902404,0.134752443,0.090411702,2017,10,2004,11,2014,2,130.3,228.255555555556,236.211111111111,152380,0.058564823942044,90277,0.0335672939261714,149062,0.0559743423157971,0.0249975300158726,0.00259048162624687,3,1,0.427123012,0.387220502,0.330736927,0.169062156,0.159679691,0.13921844,0.243592175,0.183996386,0.118174335,3,"1",-2.83762103666231,-3.39420308112402,-2.88286186617247,131859,0.0511046310478345,73778,0.0275323779082665,130063,0.0487888539653206,-2.97388015871968,-3.59239258839368,-3.02025339456081,13990.4319350703,15928.2174949495,7,2019,6,2014,2,2012,12288.7329245037,22036.753,11114.67004329,0,0
"269",6143,167,6914,3089,"189-8069_GCAACCTGAG-GTTCATTGCG_L001_",172207,0.0389425023665224,"LIMS26076p3",4.06315,"44-11998DH0138L01_4819_GAATTCGTAT-TCAGAGCCGT_L001_",130658,0.0299466614020512,"LIMS25133",8.73789,"69-11998DH0069L01_4214_GCCACAGGAT-ATGGCATGGT_L001_",185259,0.042436107790115,"LIMS24675",6.68291,0.0089958409644712,-0.00349360542359256,0.073167005,0.116748362,0.074154922,35,2004.84153005464,2004,124,2014.1397260274,2014,2018,2018.45205479452,4.31232876712329,13.6105247398757,130658,0.0299466614020512,"LIMS25133",8.73789,6143,"8041","BrF","3",0,156.908333333333,130.766666666667,197.4,177.791666666667,126.4,77.4833333333333,0.406715716620321,"1",0.088580169,0.134752443,0.090411702,2018,6,2004,11,2014,2,129.744444444444,228.255555555556,236.211111111111,131334,0.0489486069713373,90277,0.0335672939261714,149062,0.0559743423157971,0.0153813130451659,-0.00702573534445982,3,0,0.39954839,0.387220502,0.330736927,0.148117027,0.159679691,0.13921844,0.199314603,0.183996386,0.118174335,0,"0",-3.01698436860592,-3.39420308112402,-2.88286186617247,111506,0.0417001350756938,73778,0.0275323779082665,130063,0.0487888539653206,-3.17725091095736,-3.59239258839368,-3.02025339456081,13774.226429373,14879.6115384615,7,2019,6,2014,2,2012,12288.7329245037,22036.753,11413.1026373626,0,0
"270",3462,87,5198,3093,"8-11998DH0008L01_3021_TGGATCGAAT-TATCGCACGT_L001_",190912,0.0438866159638131,"LIMS24675",6.50822,"49-11998DH0049L01_4104_ATATCTCGAT-ACTAAGATGT_L001_",171315,0.0393887972058987,"LIMS24675",4.06588,"51-11998DH0051L01_4111_AACAGGTTAT-CTTGGTATGT_L001_",154335,0.0353246741344996,"LIMS24675",9.82626,0.00449781875791442,0.0085619418293135,0.037500534,0.035121467,0.145876342,35,2004.8306010929,2004,37,2005.28767123288,2005,2008,2008.37158469945,3.08391346657686,3.54098360655735,171315,0.0393887972058987,"LIMS24675",4.06588,3462,"4523","BrF","2",0,131.291666666667,97.9833333333333,155.858333333333,177.791666666667,180.85,77.4833333333333,0.424862024107897,"0",0.052186096,0.051844273,0.168738104,2008,5,2004,10,2005,4,110.788888888889,206.255555555556,209.433333333333,152942,0.0574566245241591,127381,0.0478359811708281,116979,0.043623421236817,0.00962064335333095,0.0138332032873421,2,0,0.385966818,0.37384971,0.417090795,0.153079524,0.159686106,0.163229962,0.168415153,0.128446659,0.220336713,0,"0",-2.85672497195015,-3.03997717849493,-3.13216108852834,134507,0.0505310311225484,108420,0.0406448261952529,99666,0.0371059073214912,-2.9851676537407,-3.20288372795825,-3.29397909504965,14687.3009725159,12716.1317567568,7,2008,12,2011,12,2011,12715.4221331195,11451.2392160494,2831.00333333333,0,0
"271",3462,104,5557,3093,"503-4688_221118_L002_",326304,0.076397714511105,"LIMS26757p3",3.47985,"49-11998DH0049L01_4104_ATATCTCGAT-ACTAAGATGT_L001_",171315,0.0393887972058987,"LIMS24675",4.06588,"51-11998DH0051L01_4111_AACAGGTTAT-CTTGGTATGT_L001_",154335,0.0353246741344996,"LIMS24675",9.82626,0.0370089173052063,0.0410730403766054,0.003212152,0.035121467,0.145876342,35,2004.8306010929,2004,37,2005.28767123288,2005,2010,2010.61369863014,5.3260273972603,5.78309753724079,171315,0.0393887972058987,"LIMS24675",4.06588,3462,"4985","BrF","2",0,120.45,120.15,155.858333333333,177.791666666667,180.85,77.4833333333333,0.304457618290081,"1",0.093033856,0.051844273,0.168738104,2010,8,2004,10,2005,4,118.622222222222,206.255555555556,209.433333333333,299329,0.11711647565367,127381,0.0478359811708281,116979,0.043623421236817,0.0692804944828417,0.0734930544168528,2,0,0.365725511,0.37384971,0.417090795,0.168702913,0.159686106,0.163229962,0.153224321,0.128446659,0.220336713,0,"0",-2.14458632097677,-3.03997717849493,-3.13216108852834,283150,0.111047474351209,108420,0.0406448261952529,99666,0.0371059073214912,-2.19779747224829,-3.20288372795825,-3.29397909504965,13602.7216338028,12127.6861538462,9,2013,12,2011,12,2011,12715.4221331195,11451.2392160494,10055.3944523471,0,0
"272",1826,105,5750,3456,"39-11998DH0039L01_4034_TAAGTGGTAT-GGCTTAAGGT_L001_",174511,0.0401039265152668,"LIMS24675",7.70786,"37-11998DH0131L01_4680_ATTCAGAAAT-CTTCGCCTGT_L001_",124394,0.0283638621233133,"LIMS25133",10.2939,"74-11998DH0074L01_4234_TGGCCGGTAT-GCGCTCTAGT_L001_",187470,0.0429879448202377,"LIMS24675",6.83194,0.0117400643919535,-0.00288401830497085,0.109598333,0.129058838,0.117261566,34,2004.44808743169,2004,30,2003.60273972603,2003,2011,2011.58082191781,7.97808219178069,7.13273448611426,124394,0.0283638621233133,"LIMS25133",10.2939,1826,"5089","BrF","4",2,162.783333333333,109.916666666667,173.566666666667,177.791666666667,183.266666666667,77.4833333333333,0.453058045873596,"0",0.132755042,0.153626845,0.131452614,2011,8,2004,6,2003,8,150.666666666667,172.311111111111,150.133333333333,136841,0.0514003189057469,91293,0.0340722284072697,145745,0.0542384457953363,0.0173280904984772,-0.00283812688958941,4,2,0.394021368,0.385077876,0.395359364,0.167119313,0.183016717,0.156048774,0.174600175,0.198475148,0.201718412,3,"1",-2.9681109021483,-3.37927264271882,-2.91436528997631,118777,0.0446139931258339,74989,0.0280825293083463,128166,0.0476351504787187,-3.10970772194848,-3.57260762879748,-3.04418433483355,13143.4671050521,12880.9839926976,11,2011,9,2013,2,2012,12922.0124263675,12628.7343076819,6272.1,0,0
"273",3085,112,5829,3456,"203-5587_AGAAGATTGG-AGAAGGTACT_L003_",272652,0.0624474958736927,"LIMS26757p2",3.819,"79-11998DH0079L01_4286_ACAGGCGCAT-AGGCAGAGGT_L001_",179909,0.0413534310960573,"LIMS24675",6.59927,"74-11998DH0074L01_4234_TGGCCGGTAT-GCGCTCTAGT_L001_",187470,0.0429879448202377,"LIMS24675",6.83194,0.0210940647776353,0.019459551053455,0.042528373,0.076082644,0.117261566,34,2004.44808743169,2004,34,2004.80601092896,2004,2012,2012.28142076503,7.47540983606564,7.83333333333348,179909,0.0413534310960573,"LIMS24675",6.59927,3085,"5682","BrF","2",0,112.45,83.8166666666667,177.791666666667,177.791666666667,77.4833333333333,77.4833333333333,0.366690067934327,"1",0.105401985,0.081018259,0.131452614,2012,4,2004,6,2004,10,85.0111111111111,209.433333333333,150.133333333333,233674,0.0892650988275837,141864,0.0533002359660588,145745,0.0542384457953363,0.0359648628615249,0.0350266530322474,2,0,0.450835776,0.370151894,0.395359364,0.160332193,0.149904076,0.156048774,0.241108636,0.173305252,0.201718412,0,"0",-2.41614469809203,-2.93181452068958,-2.91436528997631,214504,0.0821546237633192,123258,0.0462595077396667,128166,0.0476351504787187,-2.49915215168448,-3.07348826340133,-3.04418433483355,12771.8342933931,12427.6244004884,6,2013,6,2012,2,2012,12922.0124263675,12323.0009046283,12746.0211428571,0,0
"274",3595,85,5216,3457,"398-3614_221111_L001_",163848,0.036809365345855,"LIMS26629p4",4.53188,"6-11998DH0100L01_4412_ATTACTCGAT-TAAGATTAGT_L001_",180587,0.0411030114775048,"LIMS25133",7.78214,"187-SW008-601_TAAGGCGATC-GTTAGCACAA_L002_",167561,0.0384208380530707,"LIMS26629p1renamed",3.75502,-0.00429364613164974,-0.00161147270721571,0.087769027,0.017157502,0.069414844,37,2005.28493150685,2005,37,2005.66301369863,2005,2007,2007.90410958904,2.24109589041109,2.61917808219187,180587,0.0411030114775048,"LIMS25133",7.78214,3595,"4381","BrF","2",0,164.008333333333,150.2,155.858333333333,155.858333333333,180.85,180.85,0.409667938959718,"0",0.101163275,0.022834814,0.110090728,2007,11,2005,4,2005,8,125.044444444444,129.111111111111,206.255555555556,122009,0.0450138308037542,138808,0.0514479582687733,122795,0.0461514936173678,-0.00643412746501915,-0.00113766281361362,2,0,0.418248253,0.364087841,0.430543149,0.162620532,0.151727782,0.177199185,0.223655125,0.083200414,0.22721181,0,"0",-3.10078548523998,-2.96718450128399,-3.07582595415032,104933,0.0387752584181515,120640,0.0447146452176811,102029,0.0384721382697458,-3.24997290538593,-3.10745419751758,-3.25782098097742,13514.3078931452,13992.8130555556,7,2008,9,2012,8,2005,12090.643,10991.5580300958,9203.38611111111,0,0
"275",3518,104,5613,3486,"20-11998DH0020L01_3779_GCACGGACAT-TGCGAGACGT_L001_",175789,0.0403654075082034,"LIMS24675",8.07408,"367-3326_230106_L002_",248514,0.058407920438934,"LIMS26757",4.08809,"166-6092_221007_L003_",359125,0.0802355971935909,"LIMS26757p1raw",3.28531,-0.0180425129307306,-0.0398701896853875,0.163241875,0.034502507,0.000940556,37,2005.44383561644,2005,37,2005.59178082192,2005,2009,2010.49863013699,4.90684931506848,5.05479452054806,248514,0.058407920438934,"LIMS26757",4.08809,3518,"5028","BrF","2",0,172.808333333333,111.266666666667,155.858333333333,155.858333333333,180.85,180.85,0.40174063590083,"0",0.187843134,0.084054204,0.082426117,2010,7,2005,6,2005,8,115.488888888889,129.111111111111,153.4,138023,0.0518071276017131,216210,0.0847187456548078,329487,0.122527448899051,-0.0329116180530947,-0.0707203212973376,2,0,0.460267729,0.391987798,0.400826817,0.190580058,0.167936773,0.188946053,0.258280801,0.138937094,0.177356812,0,"0",-2.96022754069383,-2.46841838357282,-2.09942020145257,119553,0.0448474397511933,196763,0.0774186204094103,312444,0.116307382397463,-3.10448877680699,-2.55852795355469,-2.15151874427982,12513.7284214701,12267.8747344633,7,2011,1,2007,9,2014,13063.6682882883,18023.4985947712,7678.12230769231,0,0
"276",4935,90,5326,3486,"557-4302_221111_L002_",192859,0.0430963242947532,"LIMS26629p4",4.98347,"56-3288_221007_L002_",230564,0.0514665038649858,"LIMS26757p1raw",4.32945,"166-6092_221007_L003_",359125,0.0802355971935909,"LIMS26757p1raw",3.28531,-0.00837017957023262,-0.0371392728988378,0.08831394,0.087442043,0.000940556,37,2005.44383561644,2005,75,2006.66301369863,2006,2009,2009.16712328767,2.50410958904126,3.72328767123304,230564,0.0514665038649858,"LIMS26757p1raw",4.32945,4935,"4133","BrF","3",1,172.808333333333,111.266666666667,191.041666666667,155.858333333333,126.016666666667,180.85,0.369459637613211,"0",0.099844888,0.102946109,0.082426117,2009,3,2005,6,2006,8,201.644444444444,176.566666666667,153.4,146654,0.0541521603546153,190293,0.070067767413938,329487,0.122527448899051,-0.0159156070593227,-0.0683752885444355,3,1,0.450952164,0.407787143,0.400826817,0.197862053,0.189786425,0.188946053,0.241696071,0.198970939,0.177356812,0,"1",-2.91595741058552,-2.65829239933168,-2.09942020145257,127063,0.0470807162708823,171384,0.0632145785126449,312444,0.116307382397463,-3.0558917827958,-2.76122033176174,-2.15151874427982,14947.3066666667,13913.109516129,7,2009,9,2006,9,2014,13063.6682882883,3854.42,9343.445,0,0
"277",4935,92,5464,3486,"504-4481_221111_L002_",244872,0.0552803631118377,"LIMS26629p4",3.50723,"56-3288_221007_L002_",230564,0.0514665038649858,"LIMS26757p1raw",4.32945,"166-6092_221007_L003_",359125,0.0802355971935909,"LIMS26757p1raw",3.28531,0.00381385924685191,-0.0249552340817532,0.031223318,0.087442043,0.000940556,37,2005.44383561644,2005,75,2006.66301369863,2006,2009,2009.65205479452,2.98904109589057,4.20821917808235,230564,0.0514665038649858,"LIMS26757p1raw",4.32945,4935,"4766","BrF","4",1,172.808333333333,111.266666666667,191.041666666667,155.858333333333,126.016666666667,180.85,0.341129607941353,"0",0.096021926,0.102946109,0.082426117,2009,8,2005,6,2006,8,154.388888888889,176.566666666667,153.4,198379,0.0746999172619277,190293,0.070067767413938,329487,0.122527448899051,0.00463214984798974,-0.047827531637123,4,1,0.432814992,0.407787143,0.400826817,0.192202148,0.189786425,0.188946053,0.218795268,0.198970939,0.177356812,1,"1",-2.5942762944487,-2.65829239933168,-2.09942020145257,179294,0.0677257130758451,171384,0.0632145785126449,312444,0.116307382397463,-2.69228936207645,-2.76122033176174,-2.15151874427982,14119.7159372549,12988.9472972973,9,2009,9,2006,9,2014,13063.6682882883,3854.42,4399.22,0,0
"278",5128,125,6311,3486,"310-6180_CACGTAAGAG-TCAATCCGCG_L003_",189336,0.0427604104246443,"LIMS26076p6",6.06725,"57-11998DH0151L01_4892_TAATGCGCAT-AGGCTATAGT_L001_",130222,0.0300138562730193,"LIMS25133",5.60847,"166-6092_221007_L003_",359125,0.0802355971935909,"LIMS26757p1raw",3.28531,0.012746554151625,-0.0374751867689467,0.088804233,0.090185851,0.000940556,37,2005.44383561644,2005,82,2007.64383561644,2007,2014,2014.76712328767,7.1232876712329,9.32328767123295,130222,0.0300138562730193,"LIMS25133",5.60847,5128,"6695","BrF","4",1,197.4,126.4,164.008333333333,155.858333333333,150.2,180.85,0.444644021524508,"0",0.10364139,0.106714709,0.082426117,2014,10,2005,6,2007,8,142.255555555556,146.9,153.4,150756,0.0565164229754399,89765,0.0334379268607782,329487,0.122527448899051,0.0230784961146617,-0.0660110259236108,4,1,0.392996794,0.415003155,0.400826817,0.170193954,0.154584311,0.188946053,0.194221971,0.213247169,0.177356812,3,"1",-2.87322401093502,-3.39806448847758,-2.09942020145257,131240,0.0494996167658391,72301,0.026996092174668,312444,0.116307382397463,-3.00579035154172,-3.61206315772438,-2.15151874427982,12971.0958486094,12142.9595829992,2,2015,7,2014,9,2014,13063.6682882883,12199.8494363167,5080.235,0,0
"279",3641,87,5261,3515,"521-3658_221111_L002_",170942,0.038052086472363,"LIMS26629p4",5.43145,"464-4001_221111_L001_",167393,0.0374100098885663,"LIMS26629p4",5.40368,"440-4051_221111_L001_",171614,0.0382646169888002,"LIMS26629p4",4.19981,0.000642076583796704,-0.000212530516437194,0.094388256,0.1060334,0.082678962,37,2005.25205479452,2005,37,2005.74794520548,2005,2008,2008.44535519126,2.69740998577731,3.19330039673628,167393,0.0374100098885663,"LIMS26629p4",5.40368,3641,"4583","H","5",1,131.291666666667,97.9833333333333,155.858333333333,155.858333333333,180.85,180.85,0.417080695013594,"1",0.110569486,0.121837294,0.101617015,2008,6,2005,4,2005,10,93.6888888888889,152.366666666667,206.255555555556,131530,0.0483611077769412,129232,0.0475850000828992,127807,0.0469700414313538,0.000776107694041989,0.00139106634558744,5,1,0.434603874,0.40398577,0.403482647,0.16656487,0.168707496,0.152576401,0.251587157,0.188558401,0.201530543,0,"1",-3.02905934661326,-3.0452376917157,-3.05824529686243,114847,0.042338044322585,112044,0.0413595479963795,110079,0.0405085797553464,-3.1620692041725,-3.18545197736249,-3.20624148149478,12428.5767746289,13229.2384280303,8,2008,1,2009,1,2009,13933.0395169082,14815.1573782051,3579.72333333333,0,0
"280",1857,92,5333,3618,"73-11998DH0167L01_5041_TCCGCGAAAT-AGGCTATAGT_L001_",149945,0.0341971654242973,"LIMS25133",8.20913,"175-SW008-529_TTGGCTCCAA-GTCTGATCCG_L002_",162020,0.0372592581103209,"LIMS26629p1renamed",2.93802,"412-3103_221111_L001_",201202,0.0454634950703455,"LIMS26629p4",4.02875,-0.00306209268602359,-0.0112663296460482,0.09708166,0.023951221,0.058440897,35,2004.88524590164,2004,30,2003.63561643836,2003,2009,2009.37534246575,5.73972602739718,4.49009656411408,162020,0.0372592581103209,"LIMS26629p1renamed",2.93802,1857,"4718","H","3",1,172.808333333333,111.266666666667,173.566666666667,177.791666666667,183.266666666667,77.4833333333333,0.35512574817509,"1",0.113918735,0.108396026,0.105056044,2009,5,2004,11,2003,8,166.166666666667,172.311111111111,236.211111111111,113166,0.041979913616348,113631,0.0429317050171558,162176,0.060711582857396,-0.000951791400807825,-0.018731669241048,3,1,0.381088633,0.435178479,0.405123066,0.16264161,0.168185127,0.156870817,0.159388265,0.224791505,0.213281077,2,"1",-3.17056402232526,-3.14814468131827,-2.80162077774686,95650,0.0354896056110647,91148,0.0345448127213626,144610,0.0542351160803187,-3.33851542506328,-3.36549787835112,-2.91442668217107,15267.4976632997,15267.4598530021,12,2011,7,2005,7,2006,18879.3133333333,17286.3799818841,7485.56837701613,0,0
"281",1043,87,5291,3696,"9-11998DH0103L01_4441_TCCGGAGAAT-AGGCTATAGT_L001_",198259,0.0450751006148617,"LIMS25133",6.77521,"11-1079_221007_L004_",169035,0.0381143710828547,"LIMS26629p2raw",3.90981,"146-3360_221007_L003_",244657,0.0547861808609401,"LIMS26757p1raw",3.20582,0.00696072953200695,-0.00971108024607847,0.05493764,0.045702171,0.012463887,35,2004.92896174863,2004,19,1995.53698630137,1995,2008,2008.8087431694,13.2717568680291,3.87978142076508,169035,0.0381143710828547,"LIMS26629p2raw",3.90981,1043,"4598","BrF","2",0,131.291666666667,97.9833333333333,158.033333333333,177.791666666667,106.483333333333,77.4833333333333,0.318114463282025,"1",0.069514778,0.065719615,0.112475253,2008,10,2004,12,1995,7,163.188888888889,125.733333333333,248.311111111111,153667,0.0569334651992124,123444,0.0459145034420814,203976,0.0753612903079472,0.0110189617571309,-0.0184278251087349,2,0,0.402863136,0.335380505,0.409924271,0.182361466,0.141461873,0.159688856,0.194418089,0.118842417,0.230033515,0,"0",-2.86587197015304,-3.08097423269621,-2.58546152693986,135562,0.0501581885745457,104531,0.0390124563187784,184641,0.0682671797238195,-2.99257349625721,-3.24387429105832,-2.6843261590275,14529.3524421832,19912.7443297956,2,2013,8,2002,1,2007,18369.8672153846,24266.2541121751,10910.3914513788,0,0
"282",3022,77,5172,3696,"517-3571_221111_L002_",165866,0.0366936525558614,"LIMS26629p4",3.3577,"565-4757_221118_L002_",260425,0.0601255878388482,"LIMS26757p3",4.43383,"146-3360_221007_L003_",244657,0.0547861808609401,"LIMS26757p1raw",3.20582,-0.0234319352829869,-0.0180925283050788,0.014607154,0.050018674,0.012463887,35,2004.92896174863,2004,31,2003.98630136986,2004,2007,2007.41095890411,3.42465753424653,2.48199715547571,260425,0.0601255878388482,"LIMS26757p3",4.43383,3022,"3921","BrF","3",0,164.008333333333,150.2,177.791666666667,177.791666666667,77.4833333333333,77.4833333333333,0.431029533012773,"1",0.108770796,0.088961837,0.112475253,2007,5,2004,12,2003,12,158.7,151.322222222222,248.311111111111,121764,0.0444870118470726,225741,0.0866313828374437,203976,0.0753612903079472,-0.0421443709903711,-0.0308742784608747,3,0,0.408949183,0.421852593,0.409924271,0.183883665,0.156282465,0.159688856,0.201484721,0.200417074,0.230033515,0,"0",-3.11255800101698,-2.44609314063744,-2.58546152693986,105262,0.0385169641763216,208192,0.0801171100483872,184641,0.0682671797238195,-3.25665650677998,-2.52426583912479,-2.6843261590275,17222.7068505747,16905.867804878,1,2008,8,2011,1,2007,18369.8672153846,13076.9022440393,5846.55944444444,0,0
"283",3022,90,5293,3696,"558-4130_221111_L002_",205262,0.0460575797689937,"LIMS26629p4",4.96846,"565-4757_221118_L002_",260425,0.0601255878388482,"LIMS26757p3",4.43383,"146-3360_221007_L003_",244657,0.0547861808609401,"LIMS26757p1raw",3.20582,-0.0140680080698546,-0.00872860109194644,0.063958205,0.050018674,0.012463887,35,2004.92896174863,2004,31,2003.98630136986,2004,2008,2008.89344262295,4.90714125308773,3.96448087431691,260425,0.0601255878388482,"LIMS26757p3",4.43383,3022,"4104","BrF","4",0,131.291666666667,97.9833333333333,177.791666666667,177.791666666667,77.4833333333333,77.4833333333333,0.457655462421244,"0",0.077233082,0.088961837,0.112475253,2008,11,2004,12,2003,12,151.8,151.322222222222,248.311111111111,153213,0.0568992057919446,225741,0.0866313828374437,203976,0.0753612903079472,-0.0297321770454991,-0.0184620845160027,4,0,0.399991945,0.421852593,0.409924271,0.160747338,0.156282465,0.159688856,0.194392428,0.200417074,0.230033515,0,"0",-2.86647389590958,-2.44609314063744,-2.58546152693986,133693,0.0498899021328787,208192,0.0801171100483872,184641,0.0682671797238195,-2.99793665876919,-2.52426583912479,-2.6843261590275,14221.9757269504,14704.4833785311,2,2009,8,2011,1,2007,18369.8672153846,13076.9022440393,11454.1666666667,0,0
"284",1753,92,5448,4860,"556-4465_221111_L002_",164961,0.0362940464306001,"LIMS26629p4",5.79214,"326-1143_230106_L002_",177220,0.0409263997272322,"LIMS26757",2.90879,"60-11998DH0060L01_4180_AGCTCGCTAT-GATTCTGCGT_L001_",180311,0.0410613833192596,"LIMS24675",9.12983,-0.00463235329663208,-0.00476733688865945,0.106011406,0.026787588,0.095699675,75,2006.35616438356,2006,41,2002.05753424658,2002,2009,2009.37260273973,7.31506849315065,3.01643835616437,177220,0.0409263997272322,"LIMS26757",2.90879,1753,"4709","BrF","3",1,172.808333333333,111.266666666667,239.091666666667,191.041666666667,80.2,126.016666666667,0.382460354742845,"0",0.129374906,0.08901239,0.114477801,2009,5,2006,5,2002,1,166.166666666667,227.644444444444,172.944444444444,122651,0.044414149129092,142910,0.0549875797429517,141787,0.0530436218556598,-0.0105734306138596,-0.00862947272656776,3,1,0.403658602,0.420987478,0.357334629,0.168913694,0.176250675,0.153008958,0.215443864,0.183607818,0.151780935,4,"1",-3.11419718623111,-2.90064794210691,-2.93664065007275,105613,0.0383089272477659,125274,0.0484212961943641,123757,0.0462623303604706,-3.26207232254715,-3.02781555801714,-3.07342724816725,13559.8850900901,18822.8972318693,7,2009,9,2002,1,2012,10512.7964450128,60268.6802777778,9597.86333333333,0,0
"285",4917,104,5543,4860,"234-5412_TCGCTGAGAG-AATGCTCTAG_L003_",305540,0.0702144923753612,"LIMS26757p2",3.45555,"53-11998DH0147L01_4879_CTGAAGCTAT-CTTCGCCTGT_L001_",129913,0.029628828800923,"LIMS25133",14.3958,"60-11998DH0060L01_4180_AGCTCGCTAT-GATTCTGCGT_L001_",180311,0.0410613833192596,"LIMS24675",9.12983,0.0405856635744382,0.0291531090561016,0.013609889,0.13241849,0.095699675,75,2006.35616438356,2006,75,2006.66575342466,2006,2010,2010.59178082192,3.92602739726021,4.23561643835615,129913,0.029628828800923,"LIMS25133",14.3958,4917,"5007","BrF","2",0,120.45,120.15,191.041666666667,191.041666666667,126.016666666667,126.016666666667,0.288067700381837,"0",0.084189595,0.153631993,0.114477801,2010,8,2006,5,2006,9,118.622222222222,205.444444444444,172.944444444444,269098,0.102997662242216,94348,0.0349718165971279,141787,0.0530436218556598,0.0680258456450883,0.0499540403865564,2,0,0.330870727,0.39207486,0.357334629,0.146191596,0.170976589,0.153008958,0.109819194,0.209881102,0.151780935,0,"0",-2.27304898768759,-3.35321278195472,-2.93664065007275,250395,0.0960087217760926,77599,0.0288252451538957,123757,0.0462623303604706,-2.34331623980678,-3.54650370795787,-3.07342724816725,11266.9757466063,11395.6806914894,7,2012,9,2011,1,2012,10512.7964450128,10476.6054590164,7964.54347826087,0,0
"286",5452,167,7077,4860,"361-7965_ATGGTGTATC-GCAATTGTGG_L003_",269446,0.0609328280628259,"LIMS26076p6",3.9734,"370-4469_221014_L002_",155488,0.0327552809070162,"LIMS26629p3",3.34684,"60-11998DH0060L01_4180_AGCTCGCTAT-GATTCTGCGT_L001_",180311,0.0410613833192596,"LIMS24675",9.12983,0.0281775471558097,0.0198714447435664,0.052890965,0.054586645,0.095699675,75,2006.35616438356,2006,92,2009.45479452055,2009,2018,2018.73150684932,9.27671232876719,12.3753424657534,155488,0.0327552809070162,"LIMS26629p3",3.34684,5452,"7969","BrF","3",0,156.908333333333,130.766666666667,172.808333333333,191.041666666667,111.266666666667,126.016666666667,0.315656289660132,"0",0.07978749,0.100675148,0.114477801,2018,9,2006,5,2009,6,175.011111111111,149.633333333333,172.944444444444,225688,0.0845661927756685,113553,0.0393790304491518,141787,0.0530436218556598,0.0451871623265168,0.0315225709200087,3,0,0.374066906,0.377318418,0.357334629,0.164201383,0.176131538,0.153008958,0.162380426,0.20435683,0.151780935,1,"0",-2.47022070481709,-3.23452182646145,-2.93664065007275,205675,0.0772579204202235,96585,0.0335629133653134,123757,0.0462623303604706,-2.56060583874846,-3.39433359050396,-3.07342724816725,13155.641287865,13141.4500699807,2,2019,8,2009,1,2012,10512.7964450128,8437.96,17621.8616666667,0,0
"287",5524,112,5767,4860,"59-11998DH0059L01_4179_GATCTATCAT-AGCCTCATGT_L001_",178989,0.0410321105420786,"LIMS24675",8.34138,"61-11998DH0061L01_4181_CGGAACTGAT-TCGTAGTGGT_L001_",192816,0.0440055454418008,"LIMS24675",7.67822,"60-11998DH0060L01_4180_AGCTCGCTAT-GATTCTGCGT_L001_",180311,0.0410613833192596,"LIMS24675",9.12983,-0.00297343489972215,-2.92727771809553e-05,0.106064559,0.076947301,0.095699675,75,2006.35616438356,2006,92,2009.87397260274,2009,2011,2011.9095890411,2.0356164383561,5.55342465753415,192816,0.0440055454418008,"LIMS24675",7.67822,5524,"5777","BrF","2",0,162.783333333333,109.916666666667,172.808333333333,191.041666666667,111.266666666667,126.016666666667,0.59119211398295,"1",0.125646769,0.093202915,0.114477801,2011,11,2006,5,2009,11,156.522222222222,157.888888888889,172.944444444444,144932,0.0542934563531677,151592,0.0565275821029254,141787,0.0530436218556598,-0.0022341257497577,0.00124983449750786,2,0,0.433045934,0.365734676,0.357334629,0.172154209,0.155239562,0.153008958,0.249062378,0.163643274,0.151780935,0,"0",-2.91335156845383,-2.87302658113741,-2.93664065007275,128159,0.0479971546516,132933,0.0495183425943323,123757,0.0462623303604706,-3.03661354792293,-3.00541212058569,-3.07342724816725,10733.5908593397,8269.9975,1,2012,1,2012,1,2012,10512.7964450128,7832.65806267806,7774.90333333333,0,0
"288",5524,142,6374,4860,"366-6453_TTGGCTCCAA-GTCTGATCCG_L003_",281611,0.0635321300736065,"LIMS26076p6",5.23946,"61-11998DH0061L01_4181_CGGAACTGAT-TCGTAGTGGT_L001_",192816,0.0440055454418008,"LIMS24675",7.67822,"60-11998DH0060L01_4180_AGCTCGCTAT-GATTCTGCGT_L001_",180311,0.0410613833192596,"LIMS24675",9.12983,0.0195265846318057,0.0224707467543469,0.063676218,0.076947301,0.095699675,75,2006.35616438356,2006,92,2009.87397260274,2009,2015,2015.47123287671,5.59726027397255,9.1150684931506,192816,0.0440055454418008,"LIMS24675",7.67822,5524,"7044","BrF","2",0,217.166666666667,179.383333333333,172.808333333333,191.041666666667,111.266666666667,126.016666666667,0.527785937671807,"1",0.074761557,0.093202915,0.114477801,2015,6,2006,5,2009,11,204.255555555556,157.888888888889,172.944444444444,238334,0.0893982538256574,151592,0.0565275821029254,141787,0.0530436218556598,0.032870671722732,0.0363546319699976,2,0,0.423265736,0.365734676,0.357334629,0.164038258,0.155239562,0.153008958,0.236446729,0.163643274,0.151780935,1,"0",-2.41465412914491,-2.87302658113741,-2.93664065007275,218530,0.0821420991471981,132933,0.0495183425943323,123757,0.0462623303604706,-2.49930461505592,-3.00541212058569,-3.07342724816725,12088.095029191,12029.8844600527,2,2016,1,2012,1,2012,10512.7964450128,7832.65806267806,18406.9519444444,0,0
"289",4958,92,5456,4888,"86-11998DH0086L01_4325_GAACCGCGAT-TAAGGTCAGT_L001_",171204,0.0391696591907615,"LIMS24675",7.6498,"67-11998DH0161L01_4989_CGGCTATGAT-AGGATAGGGT_L001_",118733,0.0271178436625026,"LIMS25133",7.75535,"213-4306_221014_L001_",212889,0.0466355223758109,"LIMS26629p3",4.60651,0.0120518155282589,-0.00746586318504944,0.05013002,0.083947309,0.070623622,75,2006.61917808219,2006,77,2006.87123287671,2006,2009,2009.60821917808,2.73698630136983,2.98904109589034,118733,0.0271178436625026,"LIMS25133",7.75535,4958,"4753","BrF","2",0,172.808333333333,111.266666666667,191.041666666667,191.041666666667,126.016666666667,126.016666666667,0.464376001092751,"1",0.058492526,0.09967758,0.088125812,2009,8,2006,8,2006,11,154.388888888889,211.455555555556,176.566666666667,133694,0.0500270772272489,84913,0.0315787148028598,159273,0.0577009889490348,0.018448362424389,-0.00767391172178594,2,0,0.399024189,0.354307644,0.394937804,0.155954382,0.155931471,0.15221166,0.202983093,0.12831011,0.20164968,1,"0",-2.99519087559134,-3.45527196753566,-2.85248096611696,115697,0.0432446371331178,69070,0.0257872223362293,139732,0.0507340062733206,-3.14088205021463,-3.65787616802114,-2.98115885805333,12988.9472972973,13384.2537700535,6,2012,9,2014,6,2012,10205.6344949698,12608.5513549832,7030.92655462185,0,0
"290",4958,104,5608,4888,"164-4750_221007_L003_",235409,0.0523039754574954,"LIMS26757p1raw",3.09543,"67-11998DH0161L01_4989_CGGCTATGAT-AGGATAGGGT_L001_",118733,0.0271178436625026,"LIMS25133",7.75535,"213-4306_221014_L001_",212889,0.0466355223758109,"LIMS26629p3",4.60651,0.0251861317949928,0.00566845308168447,0.013429077,0.083947309,0.070623622,75,2006.61917808219,2006,77,2006.87123287671,2006,2010,2010.83835616438,3.96712328767126,4.21917808219177,118733,0.0271178436625026,"LIMS25133",7.75535,4958,"5011","BrF","2",0,120.45,120.15,191.041666666667,191.041666666667,126.016666666667,126.016666666667,0.329645532166238,"0",0.07798149,0.09967758,0.088125812,2010,11,2006,8,2006,11,143.511111111111,211.455555555556,176.566666666667,199256,0.0735891548799146,84913,0.0315787148028598,159273,0.0577009889490348,0.0420104400770548,0.0158881659308798,2,0,0.365451497,0.354307644,0.394937804,0.139748139,0.155931471,0.15221166,0.183100112,0.12831011,0.20164968,0,"0",-2.60925761627978,-3.45527196753566,-2.85248096611696,180864,0.0668266228158473,69070,0.0257872223362293,139732,0.0507340062733206,-2.70565373269014,-3.65787616802114,-2.98115885805333,10819.6491515837,10861.3930782313,7,2011,9,2014,6,2012,10205.6344949698,12608.5513549832,10798.2336111111,0,0
"291",5766,122,6067,4890,"42-11998DH0136L01_4717_GAATTCGTAT-GCCTCTATGT_L001_",122321,0.027954974341071,"LIMS25133",11.0743,"58-11998DH0058L01_4177_CATAATACAT-CGTTAGAAGT_L001_",173962,0.0399601799686529,"LIMS24675",7.18706,"75-11998DH0075L01_4238_AGTACTCCAT-AACAGGTTGT_L001_",165446,0.0380443609225654,"LIMS24675",7.74629,-0.0120052056275819,-0.0100893865814944,0.116896824,0.096332932,0.158792582,75,2006.61643835616,2006,105,2011.74520547945,2011,2013,2013.47397260274,1.72876712328753,6.85753424657537,173962,0.0399601799686529,"LIMS24675",7.18706,5766,"6147","BrF","2",0,137.958333333333,51.35,162.783333333333,191.041666666667,109.916666666667,126.016666666667,0.452062315856212,"0",0.141349011,0.115610347,0.183421055,2013,6,2006,8,2011,9,95.5222222222222,144.011111111111,176.566666666667,87828,0.0327382926399009,139504,0.0523402760717125,127361,0.0477968005058601,-0.0196019834318116,-0.0150585078659592,2,0,0.381052892,0.365435918,0.424614729,0.167849712,0.156111092,0.187981047,0.191419512,0.185993299,0.240903354,1,"0",-3.41920985745513,-2.94998910731032,-3.04079657674882,70617,0.0264306057568008,122246,0.0458494579174311,109285,0.0409793220344342,-3.63323263133986,-3.08239190330635,-3.1946876801239,10706.8913282398,11625.2053896104,2,2014,1,2012,6,2012,10205.6344949698,10088.232,26835.3275,0,0
"292",5564,122,6212,4892,"71-11998DH0165L01_5017_CGGCTATGAT-ACGTCCTGGT_L001_",130498,0.0298063771480986,"LIMS25133",9.4618,"39-11998DH0133L01_4689_ATTCAGAAAT-ACGTCCTGGT_L001_",123917,0.0283313305021133,"LIMS25133",9.553,"3-11998DH0097L01_4395_ATTACTCGAT-AGGATAGGGT_L001_",190325,0.0433080061920786,"LIMS25133",6.93691,0.00147504664598532,-0.0135016290439799,0.090785749,0.114801853,0.023185905,75,2006.61643835616,2006,104,2010.64383561644,2010,2013,2013.7095890411,3.06575342465749,7.09315068493152,123917,0.0283313305021133,"LIMS25133",9.553,5564,"6157","BrF","2",0,137.958333333333,51.35,120.45,191.041666666667,120.15,126.016666666667,0.5291230731333,"1",0.110662149,0.13203536,0.029839821,2013,9,2006,8,2010,8,162.077777777778,118.622222222222,176.566666666667,93272,0.0348452110568502,90919,0.0340097000249813,152736,0.0569508163747167,0.000835511031868984,-0.0221056053178665,2,0,0.373880869,0.396657036,0.386805357,0.165669512,0.161326525,0.156423596,0.164770489,0.202603689,0.114767945,0,"0",-3.35683956709033,-3.38110950020242,-2.86556725425373,76746,0.0287574106110701,73844,0.027700418544414,135456,0.0504690403823179,-3.54885978456823,-3.58630775599635,-2.98639519243629,10809.4595088919,10055.3944523471,9,2014,9,2013,9,2012,10176.2735597927,10055.3944523471,22746.7452564103,0,0
"293",4971,105,5749,4902,"513-5759_221118_L002_",280581,0.0651689917050918,"LIMS26757p3",3.89305,"174-3342_221007_L003_",255057,0.0563547295703598,"LIMS26757p1raw",3.03504,"236-3820_221014_L001_",179979,0.0391257271141069,"LIMS26629p3",3.83057,0.00881426213473208,0.0260432645909849,0.02433814,0.009887237,0.052320301,75,2006.64383561644,2006,77,2006.89863013699,2006,2011,2011.58082191781,4.68219178082177,4.93698630136987,255057,0.0563547295703598,"LIMS26757p1raw",3.03504,4971,"5090","BrF","2",0,162.783333333333,109.916666666667,191.041666666667,191.041666666667,126.016666666667,126.016666666667,0.291663515029158,"0",0.102738442,0.102053148,0.071700387,2011,8,2006,8,2006,11,150.666666666667,211.455555555556,176.566666666667,233446,0.0892230863774585,214138,0.0783777616215321,135437,0.04878561894862,0.0108453247559264,0.0404374674288384,2,0,0.391354542,0.418185019,0.339708829,0.157837656,0.179646068,0.13800233,0.174163035,0.250721126,0.122449506,0,"0",-2.41661545699244,-2.54621504464942,-3.02031970322957,215981,0.0826930142433829,195041,0.0714949046539541,115697,0.0418015600279992,-2.49262015157983,-2.63812909540261,-3.17482161890385,10507.4004863388,10513.0760677556,8,2013,1,2007,8,2007,12942.0769230769,10635.6933333333,11523.3208333333,0,0
"294",5123,103,5549,4934,"90-11998DH0090L01_4358_CGCTATGTAT-GTGTCGGAGT_L001_",190960,0.0439143216365867,"LIMS24675",5.99594,"329-4347_221014_L002_",137354,0.0293582989255781,"LIMS26629p3",3.24447,"435-3685_221111_L001_",178345,0.0399256615156663,"LIMS26629p4",4.86537,0.0145560227110086,0.00398866012092043,0.030668783,0.046269078,0.064827627,75,2006.68493150685,2006,82,2007.47671232877,2007,2009,2009.95890410959,2.48219178082172,3.2739726027396,137354,0.0293582989255781,"LIMS26629p3",3.24447,5123,"5527","H","3",1,172.808333333333,111.266666666667,164.008333333333,191.041666666667,150.2,126.016666666667,0.342552159670927,"0",0.042311835,0.108079943,0.069876781,2009,12,2006,9,2007,6,148.977777777778,124.466666666667,205.444444444444,151258,0.0567687054015317,104324,0.0368381463027444,133635,0.0496136029916787,0.0199305590987873,0.00715510240985299,3,1,0.365464327,0.401109996,0.401868804,0.154791425,0.160601625,0.158811827,0.113465691,0.210690314,0.213087709,0,"1",-2.86877006633059,-3.30122138637608,-3.00349022898748,131746,0.0494213562437888,87977,0.0311330217560143,115920,0.0430981693845427,-3.00737263558114,-3.46948623030233,-3.14427475645097,12954.5410192308,11961.4566451613,7,2012,8,2009,6,2007,11408.5315555556,12117.4776353276,7500.16361895161,0,0
"295",6048,125,6191,4957,"60-11998DH0154L01_4947_TAATGCGCAT-TCAGAGCCGT_L001_",136529,0.031200918616442,"LIMS25133",8.45179,"32-11998DH0126L01_4643_GAGATTCCAT-GTCAGTACGT_L001_",188496,0.042417154074704,"LIMS25133",7.45131,"17-11998DH0111L01_4556_CGCTCATTAT-AGGCTATAGT_L001_",128669,0.0296224540767958,"LIMS25133",5.80747,-0.011216235458262,0.00157846453964624,0.109497526,0.022031563,0.077989379,75,2006.78904109589,2006,118,2013.05753424658,2013,2014,2014.55616438356,1.49863013698632,7.76712328767144,188496,0.042417154074704,"LIMS25133",7.45131,6048,"6707","BrF","2",0,197.4,126.4,137.958333333333,191.041666666667,51.35,126.016666666667,0.423763704577294,"0",0.129868078,0.031046703,0.101278898,2014,7,2006,10,2013,1,158.066666666667,167.422222222222,203.866666666667,99079,0.0369649106918119,148776,0.0548298001276701,88248,0.0329639831676185,-0.0178648894358582,0.00400092752419338,2,0,0.396336284,0.341357496,0.419966569,0.169263772,0.138417475,0.164721918,0.198668516,0.067459079,0.249713047,2,"0",-3.29778617599623,-2.90352143488251,-3.41233973271035,81796,0.030576543897401,130324,0.0480015504863801,70774,0.0265308882197333,-3.48752210326589,-3.03652196679635,-3.62944563156883,12531.7915454129,22551.0269005848,8,2014,9,2013,7,2013,10763.4656202951,16832.8075,228.98,0,0
"296",4861,122,6042,5000,"258-5699_CAAGACGGAC-GTACTCCGTC_L003_",201257,0.0459396950272776,"LIMS26757p2",2.60092,"91-4534_221007_L002_",221574,0.0482838962678607,"LIMS26757p1raw",3.02599,"4-11998DH0004L01_2398_AAGTCCAAAT-TACTCATAGT_L001_",199527,0.0456992865482255,"LIMS24675",7.18557,-0.00234420124058308,0.000240408479052087,0.012547374,0.038005306,0.047151422,75,2006.80273972603,2006,75,2006.53150684932,2006,2013,2013.51232876712,6.98082191780827,6.70958904109602,221574,0.0482838962678607,"LIMS26757p1raw",3.02599,4861,"6205","BrF","3",1,137.958333333333,51.35,191.041666666667,191.041666666667,126.016666666667,126.016666666667,0.270478266124699,"1",0.0915147,0.113112568,0.054590801,2013,7,2006,10,2006,7,95.3888888888889,172.588888888889,203.866666666667,161162,0.0610644410057245,178434,0.0646177601332411,157847,0.0591623519936902,-0.0035533191275166,0.00190208901203438,3,1,0.401074255,0.412402312,0.420006892,0.154940804,0.173538026,0.168164966,0.161028684,0.224522073,0.181744705,0,"1",-2.79582556248721,-2.73926598131527,-2.82746988544417,141885,0.0539132151173002,157857,0.057125797481066,139931,0.0523319090171867,-2.92037965268993,-2.86249946958397,-2.95014897890441,10763.4656202951,10843.9053865546,9,2013,2,2010,6,2007,12225.19,12457.843615222,10636.92,0,0
"297",5217,105,5686,5000,"37-11998DH0037L01_3938_TCGTAGTGAT-CCAAGTCTGT_L001_",179801,0.0410404812623457,"LIMS24675",7.85694,"31-11998DH0125L01_4637_GAGATTCCAT-ACGTCCTGGT_L001_",186231,0.0418378551436044,"LIMS25133",9.53825,"4-11998DH0004L01_2398_AAGTCCAAAT-TACTCATAGT_L001_",199527,0.0456992865482255,"LIMS24675",7.18557,-0.000797373881258716,-0.00465880528587983,0.124830405,0.085471707,0.047151422,75,2006.80273972603,2006,87,2008.39617486339,2008,2011,2011.55890410959,3.16272924620102,4.75616438356178,186231,0.0418378551436044,"LIMS25133",9.53825,5217,"5081","H","5",2,162.783333333333,109.916666666667,131.291666666667,191.041666666667,97.9833333333333,126.016666666667,0.512807686014303,"0",0.139226001,0.099599434,0.054590801,2011,7,2006,10,2008,5,158.077777777778,110.788888888889,203.866666666667,141212,0.0527186783273592,150822,0.0558022479807245,157847,0.0591623519936902,-0.00308356965336529,-0.00644367366633095,5,2,0.366334024,0.39203362,0.420006892,0.158711935,0.156622463,0.168164966,0.170412982,0.228401343,0.181744705,2,"1",-2.94278545876528,-2.88594112401343,-2.82746988544417,122430,0.0456528519921742,132926,0.0491974741484477,139931,0.0523319090171867,-3.08668919870811,-3.01191299524792,-2.95014897890441,10673.407646703,10242.0430904184,9,2011,8,2010,6,2007,12225.19,11197.3000396825,1496.23,0,0
"298",5217,125,6249,5000,"331-7438_CTGAGCTTGT-CTTCTTGCGT_L003_",152940,0.0341765108049214,"LIMS26076p6",2.36271,"31-11998DH0125L01_4637_GAGATTCCAT-ACGTCCTGGT_L001_",186231,0.0418378551436044,"LIMS25133",9.53825,"4-11998DH0004L01_2398_AAGTCCAAAT-TACTCATAGT_L001_",199527,0.0456992865482255,"LIMS24675",7.18557,-0.00766134433868297,-0.0115227757433041,0.003718189,0.085471707,0.047151422,75,2006.80273972603,2006,87,2008.39617486339,2008,2014,2014.57260273973,6.17642787633804,7.7698630136988,186231,0.0418378551436044,"LIMS25133",9.53825,5217,"6713","H","4",2,197.4,126.4,131.291666666667,191.041666666667,97.9833333333333,126.016666666667,0.367150193246343,"1",0.070104114,0.099599434,0.054590801,2014,7,2006,10,2008,5,158.066666666667,110.788888888889,203.866666666667,117293,0.0433373803881023,150822,0.0558022479807245,157847,0.0591623519936902,-0.0124648675926222,-0.0158249716055879,4,2,0.354874917,0.39203362,0.420006892,0.145044219,0.156622463,0.168164966,0.159874892,0.228401343,0.181744705,3,"1",-3.13873972798398,-2.88594112401343,-2.82746988544417,98816,0.0365943500677708,132926,0.0491974741484477,139931,0.0523319090171867,-3.30786142022409,-3.01191299524792,-2.95014897890441,12531.7915454129,12852.4615243243,8,2017,8,2010,6,2007,12225.19,11197.3000396825,15464.8250711238,0,0
"299",4999,105,5658,5072,"34-11998DH0034L01_3903_CGTTAGAAAT-GACCTGAAGT_L001_",188582,0.0430480849720667,"LIMS24675",11.5846,"34-11998DH0128L01_4658_ATTCAGAAAT-GCCTCTATGT_L001_",177757,0.0402277515907656,"LIMS25133",11.0451,"78-11998DH0078L01_4275_CATAGAGTAT-TGGTGGCAGT_L001_",176007,0.0402283271121503,"LIMS24675",8.20435,0.00282033338130108,0.00281975785991639,0.134168881,0.108057806,0.052064249,77,2007.29863013699,2007,77,2007.12876712329,2007,2011,2011.52876712329,4.40000000000009,4.23013698630143,177757,0.0402277515907656,"LIMS25133",11.0451,4999,"5107","BrF","2",0,162.783333333333,109.916666666667,164.008333333333,164.008333333333,150.2,150.2,0.559467442003918,"0",0.154428894,0.134311779,0.059404947,2011,7,2007,4,2007,2,158.077777777778,218.2,172.766666666667,152233,0.0570387880564375,142785,0.0530331561642376,139042,0.0518470597436484,0.00400563189219984,0.00519172831278903,2,0,0.407072324,0.414159118,0.404842637,0.189839578,0.163733085,0.171956259,0.187379865,0.203236946,0.189190742,0,"0",-2.86402375035923,-2.93683797302414,-2.95945705288367,134212,0.0502938607149813,124845,0.0464146846786226,121145,0.0451109026882615,-2.98987226270566,-3.07013938967648,-3.09863131693825,9331.98622926094,9475.0841509434,9,2011,8,2010,6,2012,9010.21146441372,9874.99832779623,1496.23,0,0
"300",5162,105,5782,5077,"529-5213_221118_L002_",277420,0.0639489468542888,"LIMS26757p3",4.44491,"229-4201_221014_L001_",198312,0.0419581299486505,"LIMS26629p3",3.05883,"347-3474_230106_L002_",197806,0.0463354686200058,"LIMS26757",3.61373,0.0219908169056382,0.017613478234283,0.045367031,0.081590145,0.038790874,77,2007.31506849315,2007,77,2007.03835616438,2006,2011,2011.46575342466,4.42739726027412,4.15068493150693,198312,0.0419581299486505,"LIMS26629p3",3.05883,5162,"5172","BrF","3",0,162.783333333333,109.916666666667,191.041666666667,164.008333333333,126.016666666667,150.2,0.328026802499671,"1",0.100177651,0.127794489,0.088486888,2011,6,2007,4,2007,1,142.144444444444,227.788888888889,172.766666666667,244100,0.0942403681711717,152524,0.0533709145131792,158496,0.0619771097824683,0.0408694536579925,0.0322632583887034,3,0,0.410322004,0.446731063,0.451939165,0.186758522,0.183116608,0.200818473,0.204658337,0.260284128,0.204559362,1,"0",-2.36190665234655,-2.93048935344153,-2.78099015916402,227585,0.0881353356864796,134164,0.0470442543640478,139889,0.0549826034991318,-2.4288817403414,-3.05666653806876,-2.90073844379885,9490.6103372549,10906.787327044,2,2012,8,2008,7,2007,7632.91333333333,11924.3562894737,8876.15111111111,0,0
"301",3518,92,5451,5118,"544-4468_221111_L002_",164586,0.0365508994251407,"LIMS26629p4",5.17091,"367-3326_230106_L002_",248514,0.058407920438934,"LIMS26757",4.08809,"426-3515_221111_L001_",156313,0.0345630045735392,"LIMS26629p4",6.52081,-0.0218570210137933,0.00198789485160152,0.092005525,0.034502507,0.073669578,77,2006.96438356164,2006,37,2005.59178082192,2005,2009,2009.36438356164,3.77260273972593,2.39999999999986,248514,0.058407920438934,"LIMS26757",4.08809,3518,"4770","BrF","2",0,172.808333333333,111.266666666667,155.858333333333,191.041666666667,180.85,126.016666666667,0.385092266967264,"0",0.113423503,0.084054204,0.089203687,2009,5,2006,12,2005,8,166.166666666667,129.111111111111,224.166666666667,127251,0.0466063662913948,216210,0.0847187456548078,122749,0.0447122533214805,-0.038112379363413,0.00189411296991433,2,0,0.419706301,0.391987798,0.346029483,0.173735976,0.167936773,0.159462496,0.214052716,0.138937094,0.145460281,0,"0",-3.06601813148644,-2.46841838357282,-3.10750769140455,110020,0.0403757088522238,196763,0.0774186204094103,106863,0.0389650399550146,-3.20952694088201,-2.55852795355469,-3.24509044627935,14216.9972988506,14403.0923671498,8,2009,1,2007,8,2007,16836.995,18023.4985947712,7221.30916666667,0,0
"302",5128,105,5754,5118,"210-5030_CACGTGATGG-TACAACGTGT_L003_",340129,0.0781906285827609,"LIMS26757p2",4.36196,"57-11998DH0151L01_4892_TAATGCGCAT-AGGCTATAGT_L001_",130222,0.0300138562730193,"LIMS25133",5.60847,"426-3515_221111_L001_",156313,0.0345630045735392,"LIMS26629p4",6.52081,0.0481767723097417,0.0436276240092217,0.029548624,0.090185851,0.073669578,77,2006.96438356164,2006,82,2007.64383561644,2007,2010,2011.27123287671,3.62739726027394,4.30684931506835,130222,0.0300138562730193,"LIMS25133",5.60847,5128,"5145","BrF","2",0,120.45,120.15,164.008333333333,191.041666666667,150.2,126.016666666667,0.45017840397116,"1",0.103647568,0.106714709,0.089203687,2011,4,2006,12,2007,8,144.5,146.9,224.166666666667,299742,0.114455312425518,89765,0.0334379268607782,122749,0.0447122533214805,0.0810173855647399,0.0697430591040377,2,0,0.443213784,0.415003155,0.346029483,0.173221856,0.154584311,0.159462496,0.2457403,0.213247169,0.145460281,0,"0",-2.16757081666195,-3.39806448847758,-3.10750769140455,281585,0.107713989729677,72301,0.026996092174668,106863,0.0389650399550146,-2.22827580790099,-3.61206315772438,-3.24509044627935,10652.7858055152,9611.57101010101,12,2011,7,2014,8,2007,16836.995,12199.8494363167,10661.665,0,0
"303",4917,105,5768,5144,"62-11998DH0062L01_4182_TAAGGTCAAT-CTACGACAGT_L001_",168669,0.0386210975004937,"LIMS24675",5.76677,"53-11998DH0147L01_4879_CTGAAGCTAT-CTTCGCCTGT_L001_",129913,0.029628828800923,"LIMS25133",14.3958,"42-11998DH0042L01_4083_GCGCAAGCAT-CGGCGTGAGT_L001_",173831,0.0397682344225068,"LIMS24675",5.82037,0.00899226869957072,-0.00114713692201312,0.062830348,0.13241849,0.06774684,82,2007.65205479452,2007,75,2006.66575342466,2006,2011,2011.82739726027,5.16164383561636,4.17534246575337,129913,0.029628828800923,"LIMS25133",14.3958,4917,"5123","BrF","3",1,162.783333333333,109.916666666667,191.041666666667,164.008333333333,126.016666666667,150.2,0.478880029996372,"1",0.077809343,0.153631993,0.084215952,2011,10,2007,8,2006,9,149.588888888889,205.444444444444,146.9,134597,0.0503102007568427,94348,0.0349718165971279,132221,0.0490511499747404,0.0153383841597148,0.00125905078210233,3,1,0.38266032,0.39207486,0.375946514,0.15326556,0.170976589,0.15691114,0.170189372,0.209881102,0.145254999,2,"1",-2.98954742409048,-3.35321278195472,-3.01489164829676,117493,0.0438543965415808,77599,0.0288252451538957,114684,0.0424943057100099,-3.12688030198402,-3.54650370795787,-3.15838519532221,9807.40699607843,10830.1071285034,1,2012,9,2011,12,2011,9730.4423222061,10476.6054590164,13352.4158333333,0,0
"304",5147,92,5519,5159,"201-4557_TCTGACTATG-TAACCAGATC_L003_",245558,0.0560797971397091,"LIMS26757p2",2.88842,"278-4313_221014_L001_",181946,0.0398772938920342,"LIMS26629p3",3.58011,"429-3558_221111_L001_",179975,0.0404582534039444,"LIMS26629p4",3.95582,0.016202503247675,0.0156215437357647,0.006154954,0.065090369,0.092010107,82,2007.77534246575,2007,82,2007.6602739726,2007,2009,2009.84657534247,2.18630136986303,2.0712328767122,181946,0.0398772938920342,"LIMS26629p3",3.58011,5147,"4815","BrF","2",0,172.808333333333,111.266666666667,164.008333333333,164.008333333333,150.2,150.2,0.284313448660885,"1",0.095256119,0.094136854,0.123896469,2009,11,2007,10,2007,8,157.888888888889,146.9,142.744444444444,207451,0.0789702401145324,133941,0.0482757082237019,138004,0.0511002199391324,0.0306945318908305,0.0278700201754001,2,0,0.408348918,0.395641626,0.438824059,0.178343813,0.174075974,0.180648648,0.145684807,0.192610878,0.21171214,0,"0",-2.53868420489816,-3.03082678016509,-2.97396647768913,186972,0.0713848132782498,115282,0.0416674855398152,119902,0.0444589628165302,-2.63967013144446,-3.1780341775855,-3.11318869918131,12011.7634615385,11476.9395238095,7,2010,7,2009,1,2008,3132.56333333333,12788.3485326087,6782.0525,0,0
"305",1605,105,5654,5167,"29-11998DH0029L01_3863_CCGTGAAGAT-ATCCACTGGT_L001_",181887,0.0416838115296683,"LIMS24675",7.69649,"80-11998DH0080L01_4306_GTGAATATAT-GAATGAGAGT_L001_",192578,0.044150622652508,"LIMS24675",4.1245,"45-11998DH0045L01_4093_ATGGCATGAT-GGTACCTTGT_L001_",170609,0.0391369552797202,"LIMS24675",7.0459,-0.0024668111228397,0.00254685624994802,0.148536754,0.019811407,0.127796906,82,2007.80821917808,2007,39,2000.84699453552,2000,2011,2011.61095890411,10.7639643685905,3.80273972602731,192578,0.044150622652508,"LIMS24675",4.1245,1605,"5080","BrF","4",1,162.783333333333,109.916666666667,155.508333333333,164.008333333333,146.583333333333,150.2,0.508284097208642,"1",0.178236051,0.03849052,0.155067238,2011,8,2007,10,2000,11,150.666666666667,190.833333333333,142.744444444444,139746,0.0518977019597595,149023,0.0556576283767234,129571,0.0482970642215806,-0.00375992641696385,0.00360063773817897,4,1,0.49274528,0.342630425,0.412162206,0.198718003,0.163324354,0.183479517,0.275814958,0.03969173,0.172743477,2,"1",-2.9584807680226,-2.88853613290603,-3.03038450233281,121758,0.04517382513774,129880,0.0484082583744605,112151,0.0417579774186823,-3.09723744975426,-3.02808485224328,-3.17586477004137,9650.68097132285,17261.1616750149,8,2011,7,2009,12,2011,9919.89800784314,19553.4767362637,0,0,0
"306",3491,92,5340,5169,"534-4349_221111_L002_",227289,0.0512351900901083,"LIMS26629p4",3.41494,"469-4004_221111_L001_",154559,0.0342571552807329,"LIMS26629p4",4.83147,"369-4348_221014_L002_",134181,0.0283208831393977,"LIMS26629p3",3.15767,0.0169780348093754,0.0229143069507106,0.021191101,0.097242036,0.03689587,82,2007.81643835616,2007,37,2005.37534246575,2005,2009,2009.58082191781,4.20547945205476,1.76438356164385,154559,0.0342571552807329,"LIMS26629p4",4.83147,3491,"4781","BrF","2",0,172.808333333333,111.266666666667,155.858333333333,164.008333333333,180.85,150.2,0.349474200320073,"1",0.077942777,0.118982247,0.082310082,2009,8,2007,10,2005,5,154.388888888889,190.777777777778,142.744444444444,180720,0.0677027441517928,110838,0.0403779999405386,97433,0.0337918144714562,0.0273247442112542,0.0339109296803366,2,0,0.360486251,0.377211195,0.397390185,0.137548695,0.167084489,0.137326917,0.147302316,0.17621585,0.193618957,1,"0",-2.69262856588549,-3.20947019826672,-3.38753668122307,162107,0.0609310507892505,93662,0.0342033886311173,81969,0.0284232874555881,-2.79801236902684,-3.37543055704075,-3.56054648898503,13199.2483794466,13859.8130731523,8,2009,1,2009,8,2009,13199.2483794466,14197.5499191919,0,0,0
"307",3594,92,5530,5197,"218-4583_AAGGTGTACT-AGCGCTACAG_L003_",275989,0.0637229410728191,"LIMS26757p2",3.20352,"401-3092_221111_L001_",197528,0.045105319153299,"LIMS26629p4",3.96657,"428-3595_221111_L001_",163710,0.0366574808535468,"LIMS26629p4",4.52752,0.0186176219195201,0.0270654602192723,0.011609586,0.037031227,0.080705694,87,2008.36885245902,2008,37,2005.64109589041,2005,2009,2009.9095890411,4.26849315068489,1.54073658207949,197528,0.045105319153299,"LIMS26629p4",3.96657,3594,"4806","BrF","3",1,172.808333333333,111.266666666667,155.858333333333,131.291666666667,180.85,97.9833333333333,0.277601945855205,"0",0.08838846,0.058967887,0.097355036,2009,11,2008,5,2005,8,157.888888888889,129.111111111111,110.788888888889,235658,0.0904341281676196,147925,0.0558577809066916,126657,0.0469061750534895,0.0345763472609279,0.0435279531141301,3,1,0.402169395,0.358567235,0.410509873,0.171588768,0.171379821,0.172303588,0.196989606,0.090789781,0.22100846,0,"1",-2.40313355885016,-2.88494644523538,-3.05960594794337,215081,0.0827578673166148,127946,0.0485108288709233,109719,0.0407345146658176,-2.49183619593158,-3.02596823027187,-3.20067951971747,13743.4405263158,13279.3605241327,7,2010,7,2006,7,2008,2831.00333333333,16634.024469697,6782.0525,0,0
"308",3608,105,5748,5237,"41-11998DH0041L01_4037_ATATGGATAT-TAATACAGGT_L001_",190069,0.0432674704247419,"LIMS24675",6.22941,"87-11998DH0087L01_4326_CTCACCAAAT-TTGCCTAGGT_L001_",172908,0.0400902221414028,"LIMS24675",5.14758,"88-11998DH0088L01_4327_TCTGTTGGAT-CCATTCGAGT_L001_",164008,0.0377402711855848,"LIMS24675",6.73639,0.00317724828333907,0.00552719923915707,0.025746884,0.101108477,0.059555833,87,2008.41530054645,2008,37,2005.66301369863,2005,2011,2011.58356164384,5.9205479452055,3.16826109738736,172908,0.0400902221414028,"LIMS24675",5.14758,3608,"5111","BrF","2",0,162.783333333333,109.916666666667,155.858333333333,131.291666666667,180.85,97.9833333333333,0.462892887200606,"0",0.032154849,0.115713306,0.073089918,2011,8,2008,6,2005,8,150.666666666667,129.111111111111,93.6888888888889,151738,0.0567447497821118,131702,0.0495109377968988,126803,0.0475391691522493,0.00723381198521298,0.00920558062986249,2,0,0.359359035,0.405875459,0.374741402,0.157226394,0.166001262,0.161728841,0.051935123,0.201916362,0.121722773,0,"0",-2.86919214175304,-3.00556166822288,-3.04620129401709,133274,0.049851167466436,112911,0.0424083837886348,109499,0.041058059102854,-2.99871336326104,-3.16040920542637,-3.1927681382881,10152.329851552,11435.9674543379,11,2011,6,2012,8,2009,16703.6131428571,11053.4634234499,6272.1,0,0
"309",2968,105,5628,5240,"56-11998DH0056L01_4127_GAATGAGAAT-AATGCCTCGT_L001_",161113,0.0371452993775411,"LIMS24675",4.21169,"65-11998DH0065L01_4207_ACACTAAGAT-ATATGGATGT_L001_",167293,0.0385327659651683,"LIMS24675",6.61209,"55-11998DH0055L01_4125_AGGCAGAGAT-GGCATTCTGT_L001_",155706,0.0361170387802667,"LIMS24675",4.19933,-0.00138746658762717,0.00102826059727435,0.020777788,0.016574374,0.077745791,85,2008.25409836066,2008,30,2003.75068493151,2003,2011,2011.54794520548,7.7972602739726,3.29384684482375,167293,0.0385327659651683,"LIMS24675",6.61209,2968,"5115","BrF","3",1,162.783333333333,109.916666666667,173.566666666667,131.291666666667,183.266666666667,97.9833333333333,0.421733143828619,"1",0.025272466,0.018928559,0.097948593,2011,7,2008,4,2003,10,158.077777777778,160.8,130.811111111111,120793,0.0452690000011226,128971,0.0485883837377727,116886,0.0440644618469912,-0.00331938373665003,0.00120453815413139,3,1,0.367290783,0.327542233,0.418554342,0.151899155,0.161797573,0.175306746,0.057385805,0.061597009,0.214433036,1,"1",-3.09513280743757,-3.02437079438628,-3.12210167521379,102134,0.0382477643541131,111433,0.0419749862490789,99539,0.0374639188911359,-3.26367016867624,-3.17068140361647,-3.28437697208467,10742.0033589744,13177.6707984443,12,2011,2,2012,12,2011,10724.4187070707,12841.3616693069,9095.29466666667,0,0
"310",3595,104,5626,5249,"245-4747_TCCGGAGAAC-ATTCCTCTGG_L003_",248028,0.0555980435847018,"LIMS26757p2",4.90874,"6-11998DH0100L01_4412_ATTACTCGAT-TAAGATTAGT_L001_",180587,0.0411030114775048,"LIMS25133",7.78214,"25-11998DH0119L01_4609_GAGATTCCAT-AGGCTATAGT_L001_",198747,0.0451757288793904,"LIMS25133",4.98918,0.0144950321071971,0.0104223147053114,0.065993882,0.017157502,0.038645528,85,2007.93698630137,2007,37,2005.66301369863,2005,2010,2010.8904109589,5.22739726027407,2.95342465753424,180587,0.0411030114775048,"LIMS25133",7.78214,3595,"5020","BrF","3",1,120.45,120.15,155.858333333333,164.008333333333,180.85,150.2,0.367710992780333,"1",0.088506656,0.022834814,0.059040782,2010,11,2007,12,2005,8,143.511111111111,129.111111111111,155.366666666667,213653,0.0795735264348099,138808,0.0514479582687733,156592,0.0580752366978706,0.0281255681660366,0.0214982897369393,3,1,0.383693142,0.364087841,0.312761964,0.170493628,0.151727782,0.16166469,0.16659053,0.083200414,0.057702342,2,"1",-2.53107382392688,-2.96718450128399,-2.84601592460654,196238,0.0731720637795914,120640,0.0447146452176811,137018,0.0507923740392293,-2.61494157321416,-3.10745419751758,-2.98000905300444,10410.3728492063,11833.9126984127,7,2011,9,2012,8,2010,11049.9260984848,10991.5580300958,10798.2336111111,0,0
"311",5598,105,5681,5249,"35-11998DH0035L01_3920_AGCCTCATAT-TCTCTACTGT_L001_",174050,0.039799422549519,"LIMS24675",9.91483,"24-11998DH0024L01_3791_ATGAGGCCAT-CAATTAACGT_L001_",189770,0.0433283712178915,"LIMS24675",5.17653,"25-11998DH0119L01_4609_GAGATTCCAT-AGGCTATAGT_L001_",198747,0.0451757288793904,"LIMS25133",4.98918,-0.00352894866837251,-0.00537630632987149,0.126245381,0.030073925,0.038645528,85,2007.93698630137,2007,104,2010.50410958904,2009,2011,2011.54246575342,1.03835616438369,3.60547945205485,189770,0.0433283712178915,"LIMS24675",5.17653,5598,"5147","H","4",1,162.783333333333,109.916666666667,172.808333333333,164.008333333333,111.266666666667,150.2,0.467894546607294,"0",0.150923147,0.03928392,0.059040782,2011,7,2007,12,2010,7,158.077777777778,115.488888888889,155.366666666667,138951,0.0520832923323987,147973,0.0553137176919604,156592,0.0580752366978706,-0.00323042535956168,-0.0059919443654719,4,1,0.385010976,0.329796664,0.312761964,0.152705618,0.128912208,0.16166469,0.18102347,0.07534693,0.057702342,2,"1",-2.95491106625199,-2.89473434168641,-2.84601592460654,120558,0.045179959144855,129182,0.0482152906974475,137018,0.0507923740392293,-3.0971016722177,-3.03207907384689,-2.98000905300444,10273.5449260042,7678.12230769231,9,2011,7,2011,8,2010,11049.9260984848,7678.12230769231,1496.23,0,0
"312",3002,104,5605,5269,"236-5326_TCAGCTGTCA-ACAGCTCCTG_L003_",287391,0.0656282119483051,"LIMS26757p2",3.86133,"275-4254_221014_L001_",186481,0.0410756393871898,"LIMS26629p3",3.98798,"264-3666_221014_L001_",192481,0.0421562999235303,"LIMS26629p3",4.35355,0.0245525725611153,0.0234719120247747,0.033175875,0.083774011,0.080658222,87,2008.46721311475,2008,31,2003.91506849315,2003,2010,2010.85205479452,6.93698630136987,2.38484167976662,186481,0.0410756393871898,"LIMS26629p3",3.98798,3002,"5044","BrF","2",0,120.45,120.15,173.566666666667,131.291666666667,183.266666666667,97.9833333333333,0.309755909220272,"1",0.088126532,0.104909842,0.097763577,2010,11,2008,6,2003,11,143.511111111111,155.488888888889,93.6888888888889,247353,0.0939148961651664,143964,0.0525207221873888,145843,0.0529756131901223,0.0413941739777777,0.0409392829750442,2,0,0.356793933,0.429474585,0.409686914,0.166216624,0.177254171,0.174370149,0.163015516,0.233902705,0.213657732,0,"0",-2.36536626674302,-2.94654747893019,-2.93792359980987,228332,0.086854858646457,124736,0.0456994221806537,126068,0.0459474431824799,-2.44351684489539,-3.08566962491128,-3.0802570752002,10615.218954023,13562.5514341737,6,2012,8,2008,8,2008,3579.72333333333,15043.945892317,8930.35989473684,0,0
"313",1864,105,5758,5275,"48-11998DH0048L01_4097_ACCTTGGCAT-ATGAGGCCGT_L001_",164494,0.0381300787843412,"LIMS24675",3.82703,"71-11998DH0071L01_4220_ACTCGTGTAT-GTTCCAATGT_L001_",186733,0.0424281677944511,"LIMS24675",7.66974,"76-11998DH0076L01_4241_GACGTCTTAT-GGTGAACCGT_L001_",180161,0.041242344471589,"LIMS24675",8.35955,-0.00429808901010986,-0.0031122656872478,0.011724415,0.100615434,0.130686427,87,2008.75409836066,2008,30,2003.5698630137,2003,2011,2011.61917808219,8.04931506849334,2.86507972153618,186733,0.0424281677944511,"LIMS24675",7.66974,1864,"5104","BrF","2",0,162.783333333333,109.916666666667,173.566666666667,131.291666666667,183.266666666667,97.9833333333333,0.379068885337936,"1",0.020201129,0.124685134,0.144803278,2011,8,2008,10,2003,7,150.666666666667,150.388888888889,163.188888888889,124145,0.0467701699415521,149797,0.0560041264638899,142660,0.0531495159575714,-0.0092339565223378,-0.00637934601601928,2,0,0.30968824,0.410436558,0.403235209,0.154686952,0.173651664,0.16122755,0.0357188,0.214196596,0.192087594,0,"0",-3.06250967369199,-2.88232990410655,-2.93464628133685,105865,0.0398082795914657,131355,0.0491236644472971,124322,0.046268998954859,-3.22368035839065,-3.01341439598575,-3.07328311116091,10215.7202184874,12761.2464685462,12,2011,2,2012,6,2012,9778.17113131313,12588.2127025765,9490.493,0,0
"314",4904,124,6175,5283,"56-11998DH0150L01_4891_CTGAAGCTAT-GTCAGTACGT_L001_",117242,0.0267042289068491,"LIMS25133",12.5966,"27-11998DH0121L01_4621_GAGATTCCAT-AGGATAGGGT_L001_",178743,0.0403069444330208,"LIMS25133",10.35,"89-11998DH0089L01_4348_TATCGCACAT-ACACTAAGGT_L001_",171918,0.0391679546210553,"LIMS24675",8.42913,-0.0136027155261717,-0.0124637257142061,0.100959098,0.125707434,0.042539095,90,2009.07397260274,2009,75,2006.63287671233,2006,2014,2014.19452054795,7.56164383561622,5.12054794520532,178743,0.0403069444330208,"LIMS25133",10.35,4904,"6444","BrF","2",0,197.4,126.4,191.041666666667,172.808333333333,126.016666666667,111.266666666667,0.456068137456903,"1",0.121451199,0.149045179,0.051015969,2014,3,2009,1,2006,8,210.9,176.566666666667,176.777777777778,84130,0.0312662378497763,137382,0.0506306659711839,133058,0.0494592661184383,-0.0193644281214075,-0.0181930282686619,2,0,0.40019356,0.445486543,0.410618012,0.173174201,0.185771521,0.1745012,0.191436925,0.242406308,0.165369838,1,"0",-3.46521642655803,-2.98319783939961,-3.00660585487929,69143,0.0258101759863595,119786,0.0441046414264646,115524,0.0428970332139913,-3.65698644674098,-3.12119025430186,-3.14895261129056,11726.5014951357,11928.2633098423,7,2014,8,2013,7,2012,8613.29025470653,10919.384907563,25523.515,0,0
"315",1491,104,5581,5285,"536-4702_221118_L002_",283063,0.0657638572066378,"LIMS26757p3",4.19674,"182-SW008-3994_AGGTCTATGG-CCGTGAGAAC_L002_",176631,0.0405321364199211,"LIMS26629p1renamed",2.77896,"284-4309_221014_L001_",194571,0.0426151939157675,"LIMS26629p3",5.08664,0.0252317207867167,0.0231486632908702,0.037080256,0.01248689,0.104326081,87,2008.45355191257,2008,28,1999.57534246575,1999,2010,2010.8301369863,11.2547945205479,2.37658507373294,176631,0.0405321364199211,"LIMS26629p1renamed",2.77896,1491,"5016","BrF","2",0,120.45,120.15,142.466666666667,131.291666666667,61.9,97.9833333333333,0.328966110876396,"1",0.097916676,0.106265809,0.120414404,2010,10,2008,6,1999,7,135.322222222222,88.7888888888889,93.6888888888889,251529,0.0974965728564519,129245,0.0491242418015524,149178,0.0540174810191161,0.0483723310548995,0.0434790918373358,2,0,0.415187359,0.397213313,0.419480858,0.163102577,0.154151753,0.174688153,0.228409591,0.197961944,0.230458741,0,"0",-2.32793805178636,-3.01340264297691,-2.91844756222849,233999,0.0909340802953292,106897,0.0407589071194095,130517,0.0473817286180384,-2.39762042732323,-3.2000808835629,-3.04951859678789,10655.7067241379,17557.6300996732,6,2011,7,2008,7,2009,17527.1301648352,19192.9543577982,10709.0169444444,0,0
"316",3567,105,5657,5285,"32-11998DH0032L01_3886_AATGCCTCAT-TGGATCGAGT_L001_",180570,0.0414816074064837,"LIMS24675",6.6926,"94-11998DH0094L01_4383_CGTCTGCGAT-ATTGTGAAGT_L001_",188027,0.0430955654863033,"LIMS24675",6.46302,"284-4309_221014_L001_",194571,0.0426151939157675,"LIMS26629p3",5.08664,-0.00161395807981964,-0.00113358650928386,0.015675901,0.113869839,0.104326081,87,2008.45355191257,2008,35,2004.97267759563,2004,2011,2011.64109589041,6.66841829478244,3.18754397784255,188027,0.0430955654863033,"LIMS24675",6.46302,3567,"5131","BrF","3",0,162.783333333333,109.916666666667,177.791666666667,131.291666666667,77.4833333333333,97.9833333333333,0.403338906326467,"0",0.016922304,0.137091666,0.120414404,2011,8,2008,6,2004,12,150.666666666667,248.311111111111,93.6888888888889,138976,0.0519570105992695,147334,0.0552085323000342,149178,0.0540174810191161,-0.00325152170076467,-0.00206047041984659,3,0,0.340267854,0.428237398,0.419480858,0.152159423,0.175513861,0.174688153,0.038353368,0.241220441,0.230458741,2,"0",-2.95733862156634,-2.89663776699111,-2.91844756222849,120704,0.0450699746866053,128242,0.0479859527571327,130517,0.0473817286180384,-3.09953900392595,-3.03684696179794,-3.04951859678789,10152.329851552,12525.7761697531,9,2011,9,2012,7,2009,17527.1301648352,11994.1830565088,206.045,0,0
"317",4965,105,5651,5290,"30-11998DH0030L01_3865_TTACAGGAAT-GCTTGTCAGT_L001_",163229,0.0374153325449393,"LIMS24675",6.75402,"13-11998DH0107L01_4539_TCCGGAGAAT-CTTCGCCTGT_L001_",135819,0.0308781262673298,"LIMS25133",10.3123,"12-11998DH0012L01_3230_CTCTCGTCAT-AGGTTATAGT_L001_",181934,0.0414628974628694,"LIMS24675",7.03403,0.00653720627760948,-0.00404756491793012,0.052772745,0.069462407,0.072061326,87,2008.8087431694,2008,75,2006.8,2006,2011,2011.60273972603,4.80273972602754,2.7939965566286,135819,0.0308781262673298,"LIMS25133",10.3123,4965,"5155","H","5",2,162.783333333333,109.916666666667,191.041666666667,131.291666666667,126.016666666667,97.9833333333333,0.499675457230244,"1",0.063758971,0.082577775,0.083689627,2011,8,2008,10,2006,10,150.666666666667,203.866666666667,163.188888888889,126153,0.0471132558345218,97415,0.0363246248226421,143676,0.0535886473274833,0.0107886310118797,-0.00647539149296151,5,2,0.417240174,0.350486108,0.341866118,0.164103325,0.1388482,0.134440146,0.197126155,0.126230718,0.13994334,1,"1",-3.05520087733324,-3.31525939793034,-2.92641803693066,108425,0.0404189035039194,80207,0.0299887881011137,126319,0.0470543993031059,-3.20845769493723,-3.50693169713731,-3.05645091459909,10215.7202184874,10490.5432554062,8,2011,7,2013,2,2009,23562.017,10763.4656202951,0,0,0
"318",5173,105,5632,5291,"27-11998DH0027L01_3847_CTTGGTATAT-GGACTTGGGT_L001_",191927,0.0440732810096111,"LIMS24675",9.18612,"36-11998DH0130L01_4667_ATTCAGAAAT-TCAGAGCCGT_L001_",193094,0.0440065755151071,"LIMS25133",7.42958,"9-11998DH0103L01_4441_TCCGGAGAAT-AGGCTATAGT_L001_",198259,0.0450751006148617,"LIMS25133",6.77521,6.67054945040352e-05,-0.00100181960525052,0.116019796,0.084756704,0.05493764,87,2008.8087431694,2008,77,2007.41917808219,2007,2011,2011.58082191781,4.16164383561636,2.77207874840929,193094,0.0440065755151071,"LIMS25133",7.42958,5173,"5157","H","3",1,162.783333333333,109.916666666667,164.008333333333,131.291666666667,150.2,97.9833333333333,0.581546935025444,"0",0.134217057,0.101567183,0.069514778,2011,8,2008,10,2007,6,150.666666666667,124.466666666667,163.188888888889,153059,0.0573487875793565,149206,0.0554944387382344,153667,0.0569334651992124,0.00185434884112209,0.000415322380144134,3,1,0.386110699,0.38057268,0.402863136,0.152256565,0.14324434,0.182361466,0.186555074,0.215376965,0.194418089,2,"1",-2.85860357635635,-2.89147246616509,-2.86587197015304,134697,0.0504230047811118,129677,0.0481980006176316,135562,0.0501581885745457,-2.98730776397404,-3.03243773974794,-2.99257349625721,10215.7202184874,9342.52225882353,8,2011,9,2013,2,2013,10910.3914513788,9965.8950877193,0,0,0
"319",5277,125,6245,5291,"235-6158_AGACGACAGA-GAGCTGGAAT_L003_",210920,0.0492341627202861,"LIMS26076p2",7.33622,"344-4332_221014_L002_",143351,0.0295804318513604,"LIMS26629p3",3.37003,"9-11998DH0103L01_4441_TCCGGAGAAT-AGGCTATAGT_L001_",198259,0.0450751006148617,"LIMS25133",6.77521,0.0196537308689257,0.00415906210542447,0.095540216,0.055638072,0.05493764,87,2008.8087431694,2008,87,2008.79781420765,2008,2014,2014.53698630137,5.73917209371962,5.72824313197088,143351,0.0295804318513604,"LIMS26629p3",3.37003,5277,"6690","BrF","5",2,197.4,126.4,131.291666666667,131.291666666667,97.9833333333333,97.9833333333333,0.397615221558262,"1",0.111844115,0.088311549,0.069514778,2014,7,2008,10,2008,10,158.066666666667,163.188888888889,163.188888888889,169282,0.0656259184161627,108710,0.0370337044369453,153667,0.0569334651992124,0.0285922139792174,0.00869245321695032,5,2,0.43530678,0.359620219,0.402863136,0.170560528,0.160082006,0.182361466,0.213208679,0.138724481,0.194418089,3,"1",-2.72378456325532,-3.29592685025527,-2.86587197015304,149108,0.0581645585943049,93172,0.0317869716758938,135562,0.0501581885745457,-2.84447906859624,-3.44869876887084,-2.99257349625721,13109.7305196687,13109.7305196687,1,2015,8,2009,2,2013,10910.3914513788,18563.2605454545,9996.88285714286,0,0
"320",3595,164,6754,5292,"177-7561_CCACGATAAC-CATGCCTGAC_L001_",168548,0.037651047042252,"LIMS26076p3",3.91871,"6-11998DH0100L01_4412_ATTACTCGAT-TAAGATTAGT_L001_",180587,0.0411030114775048,"LIMS25133",7.78214,"29-11998DH0123L01_4627_GAGATTCCAT-CTTCGCCTGT_L001_",170787,0.0383002333313072,"LIMS25133",10.2403,-0.0034519644352528,-0.000649186289055297,0.080456423,0.017157502,0.100583359,90,2008.89344262295,2008,37,2005.66301369863,2005,2017,2017.48493150685,11.8219178082193,8.59148888389859,180587,0.0411030114775048,"LIMS25133",7.78214,3595,"7819","BrF","2",0,139.058333333333,125.6,155.858333333333,131.291666666667,180.85,97.9833333333333,0.393009928964382,"0",0.094126146,0.022834814,0.113921824,2017,6,2008,11,2005,8,119.144444444444,129.111111111111,151.8,132024,0.0485886281205262,138808,0.0514479582687733,131321,0.0479705505340882,-0.00285933014824709,0.000618077586438046,2,0,0.353183177,0.364087841,0.364494739,0.139198278,0.151727782,0.145947824,0.149175509,0.083200414,0.180708216,0,"0",-3.02436576474504,-2.96718450128399,-3.03716798690095,112381,0.0414349461854285,120640,0.0447146452176811,113844,0.0415870561208269,-3.18363064345286,-3.10745419751758,-3.17996631107408,13907.4453388723,13594.2059095834,2,2018,9,2012,8,2010,11425.4825324675,10991.5580300958,10866.9125,0,0
"321",5514,105,5779,5321,"10-11998DH0104L01_4467_TCCGGAGAAT-GCCTCTATGT_L001_",192316,0.0436419423947541,"LIMS25133",9.41742,"26-11998DH0120L01_4617_GAGATTCCAT-GCCTCTATGT_L001_",155155,0.0351322960308797,"LIMS25133",6.71307,"30-11998DH0124L01_4636_GAGATTCCAT-TAAGATTAGT_L001_",170811,0.0384266665817437,"LIMS25133",9.42736,0.00850964636387445,0.00521527581301045,0.067610841,0.076007955,0.099959267,90,2009.20821917808,2008,92,2009.86575342466,2009,2010,2011.10410958904,1.23835616438373,1.89589041095905,155155,0.0351322960308797,"LIMS25133",6.71307,5514,"5084","BrF","2",0,120.45,120.15,172.808333333333,131.291666666667,111.266666666667,97.9833333333333,0.376885020393609,"1",0.084235309,0.089198333,0.114340866,2011,2,2009,3,2009,11,135.977777777778,157.888888888889,201.644444444444,156774,0.0582435033880652,114924,0.0422605902636216,134645,0.0491731397357598,0.0159829131244437,0.00907036365230545,2,0,0.361104844,0.358349123,0.397561558,0.162275952,0.164997765,0.170901442,0.155186409,0.136450805,0.193737177,2,"0",-2.84312272257486,-3.16390029946107,-3.01240774489364,138609,0.0514520975016621,97530,0.0358812992337218,117545,0.0428595357352385,-2.96710404976509,-3.32753903191976,-3.14982712111767,7192.67210144928,7860.701625,2,2013,8,2013,9,2013,8770.49624915825,9426.6354057971,10644.9777666667,0,0
"322",5514,116,6021,5321,"295-5701_230106_L002_",145527,0.0329002004908473,"LIMS26757",3.5339,"26-11998DH0120L01_4617_GAGATTCCAT-GCCTCTATGT_L001_",155155,0.0351322960308797,"LIMS25133",6.71307,"30-11998DH0124L01_4636_GAGATTCCAT-TAAGATTAGT_L001_",170811,0.0384266665817437,"LIMS25133",9.42736,-0.00223209554003231,-0.00552646609089632,0.070871518,0.076007955,0.099959267,90,2009.20821917808,2008,92,2009.86575342466,2009,2012,2012.90163934426,3.03588591960488,3.6934201661802,155155,0.0351322960308797,"LIMS25133",6.71307,5514,"5344","BrF","3",1,112.45,83.8166666666667,172.808333333333,131.291666666667,111.266666666667,97.9833333333333,0.276262864301834,"0",0.109121885,0.089198333,0.114340866,2012,11,2009,3,2009,11,159.633333333333,157.888888888889,201.644444444444,112782,0.0422639138690703,114924,0.0422605902636216,134645,0.0491731397357598,3.32360544871846e-06,-0.0069092258666895,3,1,0.360040863,0.358349123,0.397561558,0.17636248,0.164997765,0.170901442,0.168510462,0.136450805,0.193737177,1,"1",-3.1638216570488,-3.16390029946107,-3.01240774489364,95536,0.0359253339511329,97530,0.0358812992337218,117545,0.0428595357352385,-3.32631255127367,-3.32753903191976,-3.14982712111767,7159.68136363636,7464.93444444445,9,2013,8,2013,9,2013,8770.49624915825,9426.6354057971,16316.8807272727,0,0
"323",3517,104,5561,5333,"224-5058_TGGAAGCACA-TCCAACACCG_L003_",278479,0.0636990532696133,"LIMS26757p2",3.19308,"149-SW008-613_AACGACATCT-GTCTTGGAAT_L002_",175484,0.0402576090536845,"LIMS26629p1renamed",9.86359,"73-11998DH0167L01_5041_TCCGCGAAAT-AGGCTATAGT_L001_",149945,0.0341971654242973,"LIMS25133",8.20913,0.0234414442159288,0.029501887845316,0.002197108,0.10344722,0.09708166,92,2009.37534246575,2009,37,2005.59178082192,2005,2010,2010.5698630137,4.97808219178069,1.1945205479451,175484,0.0402576090536845,"LIMS26629p1renamed",9.86359,3517,"5056","BrF","2",0,120.45,120.15,155.858333333333,172.808333333333,180.85,111.266666666667,0.319931966835221,"1",0.063083561,0.121039364,0.113918735,2010,7,2009,5,2005,8,115.488888888889,129.111111111111,166.166666666667,237886,0.0907616254956951,129853,0.0492959634529258,113166,0.041979913616348,0.0414656620427693,0.0487817118793471,2,0,0.370874045,0.353317893,0.381088633,0.163562628,0.142683482,0.16264161,0.143544014,0.150719703,0.159388265,0,"0",-2.39951870940612,-3.00991307850822,-3.17056402232526,218482,0.0835219452696117,109601,0.0418444125438399,95650,0.0354896056110647,-2.48264586405568,-3.17379700245736,-3.33851542506328,5871.08123809524,12267.8747344633,12,2011,8,2005,12,2011,7485.56837701613,0,8778.40575163399,0,0
"324",5842,124,6190,5333,"61-11998DH0155L01_4952_TAATGCGCAT-CTTCGCCTGT_L001_",135105,0.0309336090948325,"LIMS25133",7.74852,"92-11998DH0092L01_4370_ACGCACCTAT-CCTTCACCGT_L001_",180478,0.0413716479974662,"LIMS24675",8.24044,"73-11998DH0167L01_5041_TCCGCGAAAT-AGGCTATAGT_L001_",149945,0.0341971654242973,"LIMS25133",8.20913,-0.0104380389026338,-0.00326355632946482,0.050783256,0.033449614,0.09708166,92,2009.37534246575,2009,112,2012.03551912568,2012,2014,2014.2602739726,2.22475484691972,4.8849315068494,180478,0.0413716479974662,"LIMS24675",8.24044,5842,"6466","BrF","2",0,197.4,126.4,112.45,172.808333333333,83.8166666666667,111.266666666667,0.57999591785048,"0",0.060732292,0.039556246,0.113918735,2014,4,2009,5,2012,1,193.122222222222,152.455555555556,166.166666666667,98670,0.0368908321696323,141872,0.0532544355832531,113166,0.041979913616348,-0.0163636034136208,-0.00508908144671566,2,0,0.339308347,0.48967064,0.381088633,0.134242196,0.188801257,0.16264161,0.118305386,0.278438712,0.159388265,0,"0",-3.29979220949211,-2.93267418052355,-3.17056402232526,80237,0.0300556359485717,122458,0.0459405729723198,95650,0.0354896056110647,-3.50470508322155,-3.08040660961089,-3.33851542506328,10956.4187881356,15347.253968254,8,2014,9,2012,12,2011,7485.56837701613,5413.08777777778,28745.083,0,0
"325",5842,125,6297,5333,"376-6228_CAACAGGTAG-GACGATAGTG_L003_",216532,0.0472201659577314,"LIMS26076p6",5.5616,"92-11998DH0092L01_4370_ACGCACCTAT-CCTTCACCGT_L001_",180478,0.0413716479974662,"LIMS24675",8.24044,"73-11998DH0167L01_5041_TCCGCGAAAT-AGGCTATAGT_L001_",149945,0.0341971654242973,"LIMS25133",8.20913,0.00584851796026515,0.0130230005334341,0.078439074,0.033449614,0.09708166,92,2009.37534246575,2009,112,2012.03551912568,2012,2014,2014.82465753425,2.78913840856353,5.44931506849321,180478,0.0413716479974662,"LIMS24675",8.24044,5842,"6752","BrF","3",0,197.4,126.4,112.45,172.808333333333,83.8166666666667,111.266666666667,0.574075958088218,"0",0.09097118,0.039556246,0.113918735,2014,10,2009,5,2012,1,142.255555555556,152.455555555556,166.166666666667,172870,0.0617695860576951,141872,0.0532544355832531,113166,0.041979913616348,0.00851515047444201,0.0197896724413471,3,0,0.356782935,0.48967064,0.381088633,0.144718884,0.188801257,0.16264161,0.141560848,0.278438712,0.159388265,0,"0",-2.78434417064541,-2.93267418052355,-3.17056402232526,154278,0.0551049659438504,122458,0.0459405729723198,95650,0.0354896056110647,-2.89851544086168,-3.08040660961089,-3.33851542506328,11855.1705361305,16312.1718092692,2,2015,9,2012,12,2011,7485.56837701613,5413.08777777778,5080.235,0,0
"326",5518,116,5851,5456,"7-11998DH0101L01_4419_ATTACTCGAT-ACGTCCTGGT_L001_",196394,0.0444226279887276,"LIMS25133",8.75969,"85-11998DH0085L01_4324_AGGTTATAAT-CGGAACTGGT_L001_",173963,0.0396529615214696,"LIMS24675",7.19803,"86-11998DH0086L01_4325_GAACCGCGAT-TAAGGTCAGT_L001_",171204,0.0391696591907615,"LIMS24675",7.6498,0.00476966646725797,0.00525296879796609,0.022433787,0.09172143,0.05013002,92,2009.60821917808,2009,92,2009.84383561644,2009,2012,2012.56830601093,2.72447039449071,2.96008683284686,173963,0.0396529615214696,"LIMS24675",7.19803,5518,"5328","BrF","2",0,112.45,83.8166666666667,172.808333333333,172.808333333333,111.266666666667,111.266666666667,0.482672425312844,"0",0.024593865,0.110531391,0.058492526,2012,7,2009,8,2009,11,97.8,157.888888888889,154.388888888889,159526,0.0593148010101592,137683,0.0515702168508217,133694,0.0500270772272489,0.00774458415933749,0.00928772378291031,2,0,0.336458233,0.362655453,0.399024189,0.151816676,0.165860131,0.155954382,0.069877002,0.161999189,0.202983093,1,"0",-2.82489640867266,-2.96481096594805,-2.99519087559134,141535,0.0526268667816228,119540,0.0447558176020909,115697,0.0432446371331178,-2.94452851432376,-3.10653384042948,-3.14088205021463,7041.81473015873,7445.610625,9,2012,6,2012,6,2012,7030.92655462185,7448.825,13280.5033333333,0,0
"327",5132,125,6195,5498,"62-11998DH0156L01_4960_TAATGCGCAT-TAAGATTAGT_L001_",134598,0.0307670378099908,"LIMS25133",8.90448,"59-11998DH0153L01_4935_TAATGCGCAT-AGGATAGGGT_L001_",125687,0.0289107265753575,"LIMS25133",8.52638,"13-11998DH0013L01_3360_CCAAGTCTAT-TCATCCTTGT_L001_",197255,0.0448316807293286,"LIMS24675",7.91163,0.00185631123463335,-0.0140646429193377,0.101111226,0.110348894,0.078333318,92,2009.79452054795,2009,77,2007.00821917808,2006,2014,2014.47123287671,7.46301369862999,4.67671232876705,125687,0.0289107265753575,"LIMS25133",8.52638,5132,"6663","BrF","3",0,197.4,126.4,191.041666666667,172.808333333333,126.016666666667,111.266666666667,0.407224198567233,"0",0.116310467,0.127507234,0.092790153,2014,6,2009,10,2007,1,160.6,227.788888888889,150.133333333333,97280,0.0363133832159773,91401,0.0341639910764554,156592,0.0584531960097764,0.0021493921395219,-0.0221398127937991,3,0,0.40077458,0.395115592,0.382578757,0.153512081,0.169227114,0.138566854,0.188310964,0.182900329,0.187951721,1,"0",-3.31556892202271,-3.37658308209557,-2.83952891317866,79914,0.0298937109908325,75203,0.0281830989210142,137142,0.0511685463022495,-3.51010715546372,-3.56903280974956,-2.97263026574888,12484.6567919799,12637.5457478152,8,2014,7,2014,2,2010,12258.635,12644.5325030525,885.693333333333,0,0
"328",5125,112,5843,5508,"93-11998DH0093L01_4371_TACTCATAAT-GCCACAGGGT_L001_",181386,0.041416637640487,"LIMS24675",5.9238,"358-4340_221014_L002_",134489,0.0282363199861325,"LIMS26629p3",3.13608,"40-11998DH0040L01_4035_CGGACAACAT-AATCCGGAGT_L001_",164956,0.0379314102686441,"LIMS24675",7.5388,0.0131803176543545,0.00348522737184288,0.041099467,0.042542211,0.011139821,92,2009.87123287671,2009,82,2007.63287671233,2007,2012,2012.03825136612,4.40537465379134,2.16701848940784,134489,0.0282363199861325,"LIMS26629p3",3.13608,5125,"5698","BrF","4",1,112.45,83.8166666666667,164.008333333333,172.808333333333,150.2,111.266666666667,0.379992081989826,"0",0.048222904,0.093827154,0.011179264,2012,1,2009,11,2007,8,152.455555555556,146.9,157.888888888889,120917,0.0455146016136883,100670,0.0346329340875199,128605,0.0481678101832109,0.0108816675261685,-0.00265320856952258,4,1,0.342323419,0.36442234,0.248461196,0.133732658,0.157441756,0.134556533,0.087880741,0.16247207,0.022203212,0,"1",-3.08972208992075,-3.36295019740208,-3.03306431955166,104697,0.0393686441821245,85839,0.0295309034096488,110620,0.0414087819568731,-3.2347856124624,-3.52231799074984,-3.18426229608395,7832.65806267806,9549.05459119497,9,2012,7,2009,11,2011,8269.9975,12788.3485326087,5413.08777777778,0,0
"329",5337,105,5766,5508,"58-11998DH0058L01_4177_CATAATACAT-CGTTAGAAGT_L001_",173962,0.0399601799686529,"LIMS24675",7.18706,"338-4328_221014_L002_",147780,0.0308666433326959,"LIMS26629p3",2.86326,"40-11998DH0040L01_4035_CGGACAACAT-AATCCGGAGT_L001_",164956,0.0379314102686441,"LIMS24675",7.5388,0.00909353663595699,0.00202876970000879,0.096332932,0.027142798,0.011139821,92,2009.87123287671,2009,92,2009.36164383562,2009,2011,2011.74520547945,2.38356164383572,1.87397260273974,147780,0.0308666433326959,"LIMS26629p3",2.86326,5337,"5121","BrF","3",1,162.783333333333,109.916666666667,172.808333333333,172.808333333333,111.266666666667,111.266666666667,0.343000487646339,"0",0.115610347,0.118503489,0.011179264,2011,9,2009,11,2009,5,144.011111111111,166.166666666667,157.888888888889,139504,0.0523402760717125,106852,0.0366135432782802,128605,0.0481678101832109,0.0157267327934323,0.00417246588850158,3,1,0.365435918,0.402184058,0.248461196,0.156111092,0.173291505,0.134556533,0.185993299,0.218717371,0.022203212,2,"1",-2.94998910731032,-3.30733707209517,-3.03306431955166,122246,0.0458494579174311,90252,0.030916495581556,110620,0.0414087819568731,-3.08239190330635,-3.47646539992822,-3.18426229608395,6826.87482213439,6352.77647783251,1,2012,8,2009,11,2011,8269.9975,7221.30916666667,10088.232,0,0
"330",4999,112,5771,5513,"487-5176_221118_L002_",256158,0.058656932412826,"LIMS26757p3",3.23037,"34-11998DH0128L01_4658_ATTCAGAAAT-GCCTCTATGT_L001_",177757,0.0402277515907656,"LIMS25133",11.0451,"35-11998DH0129L01_4666_ATTCAGAAAT-AGGATAGGGT_L001_",126481,0.0289573951278953,"LIMS25133",9.55705,0.0184291808220604,0.0296995372849307,0.001135528,0.108057806,0.070987905,92,2009.86575342466,2009,77,2007.12876712329,2007,2011,2011.91506849315,4.78630136986317,2.04931506849334,177757,0.0402277515907656,"LIMS25133",11.0451,4999,"5696","BrF","2",0,162.783333333333,109.916666666667,164.008333333333,172.808333333333,150.2,111.266666666667,0.34384518839303,"0",0.095078412,0.134311779,0.094226428,2011,11,2009,11,2007,2,156.522222222222,218.2,157.888888888889,225146,0.0859355029466183,142785,0.0530331561642376,92049,0.0343287172715075,0.0329023467823807,0.0516067856751108,2,0,0.419082209,0.414159118,0.358685455,0.180407625,0.163733085,0.169202371,0.208920678,0.203236946,0.130497641,0,"0",-2.45415822983061,-2.93683797302414,-3.3717730368623,208163,0.079665313542271,124845,0.0464146846786226,75938,0.0284098830615541,-2.52992100068803,-3.07013938967648,-3.56101819922609,8269.9975,9668.71235329704,1,2012,8,2010,9,2013,9287.65200740055,9874.99832779623,7774.90333333333,0,0
"331",5525,118,6025,5513,"22-11998DH0116L01_4579_CGCTCATTAT-TAAGATTAGT_L001_",122642,0.0281869039604875,"LIMS25133",8.3487,"77-11998DH0077L01_4243_TGCGAGACAT-CAACAATGGT_L001_",181338,0.0415287818313214,"LIMS24675",6.50288,"35-11998DH0129L01_4666_ATTCAGAAAT-AGGATAGGGT_L001_",126481,0.0289573951278953,"LIMS25133",9.55705,-0.0133418778708339,-0.000770491167407784,0.104174869,0.113025802,0.070987905,92,2009.86575342466,2009,92,2009.87397260274,2009,2012,2012.90983606557,3.03586346283396,3.04408264091626,181338,0.0415287818313214,"LIMS24675",6.50288,5525,"5877","H","3",1,112.45,83.8166666666667,172.808333333333,172.808333333333,111.266666666667,111.266666666667,0.498047317134391,"1",0.126205835,0.136370954,0.094226428,2012,11,2009,11,2009,11,159.633333333333,157.888888888889,157.888888888889,86008,0.0319889479121606,144354,0.0540084083093894,92049,0.0343287172715075,-0.0220194603972287,-0.00233976935934687,3,1,0.431734515,0.444571025,0.358685455,0.185736697,0.195988859,0.169202371,0.258487915,0.259309041,0.130497641,0,"1",-3.44236481358402,-2.91861553510618,-3.3717730368623,70288,0.0262060913210848,125989,0.0470860865818923,75938,0.0284098830615541,-3.64176340206626,-3.05577772325777,-3.56101819922609,7464.93444444445,7464.93444444445,7,2013,6,2012,9,2013,9287.65200740055,7448.825,17844.1419444444,0,0
"332",5532,105,5757,5515,"47-11998DH0047L01_4096_GTTCCAATAT-GCAGAATTGT_L001_",168039,0.0385263252576976,"LIMS24675",7.53613,"46-11998DH0046L01_4095_GCAATGCAAT-AACGTTCCGT_L001_",183867,0.042196967657554,"LIMS24675",6.86229,"52-11998DH0052L01_4114_GGTGAACCAT-TCCAACGCGT_L001_",177973,0.0407974004578832,"LIMS24675",8.17317,-0.00367064239985636,-0.00227107520018556,0.121757597,0.068197909,0.059688624,92,2009.86575342466,2009,92,2009.9095890411,2009,2011,2011.61917808219,1.70958904109602,1.75342465753442,183867,0.042196967657554,"LIMS24675",6.86229,5532,"5183","BrF","2",0,162.783333333333,109.916666666667,172.808333333333,172.808333333333,111.266666666667,111.266666666667,0.586259865004655,"1",0.144937124,0.075639281,0.081203482,2011,8,2009,11,2009,11,150.666666666667,157.888888888889,157.888888888889,133410,0.0498832243741371,147243,0.0552169543406795,141736,0.0531734165908717,-0.0053337299665424,-0.00329019221673463,2,0,0.436717174,0.354657722,0.399148824,0.168680919,0.137733814,0.171910437,0.266290446,0.143249839,0.19319923,0,"0",-2.9980705176345,-2.89648522900521,-2.93419669566177,115226,0.0431061240431718,128696,0.0482115699700242,124723,0.0467963280605387,-3.14409020279742,-3.03215624585891,-3.0619505393816,7057.81766233766,7057.81766233766,12,2011,12,2011,12,2011,8141.80746153846,8141.80746153846,9490.493,0,0
"333",5549,116,5854,5522,"91-11998DH0091L01_4360_GTATGTTCAT-TTCCTGTTGT_L001_",182646,0.041989285083991,"LIMS24675",7.37885,"90-11998DH0090L01_4358_CGCTATGTAT-GTGTCGGAGT_L001_",190960,0.0439143216365867,"LIMS24675",5.99594,"72-11998DH0072L01_4226_GTCTACACAT-ACCTTGGCGT_L001_",196122,0.0448621961928115,"LIMS24675",4.12991,-0.00192503655259574,-0.00287291110882053,0.025701245,0.030668783,0.020354395,92,2009.87397260274,2009,103,2009.95890410959,2009,2012,2012.64480874317,2.68590463358055,2.77083614042976,190960,0.0439143216365867,"LIMS24675",5.99594,5549,"5338","BrF","3",1,112.45,83.8166666666667,172.808333333333,172.808333333333,111.266666666667,111.266666666667,0.464168501236735,"0",0.03089906,0.042311835,0.031302247,2012,8,2009,11,2009,12,115.966666666667,148.977777777778,157.888888888889,146026,0.0547902742720626,151258,0.0567687054015317,153440,0.0572831280430378,-0.00197843112946904,-0.00249285377097519,3,1,0.412885273,0.365464327,0.269662928,0.17234941,0.154791425,0.137285678,0.100601688,0.113465691,0.053947982,3,"1",-2.90424257756621,-2.86877006633059,-2.8597491481309,127084,0.047635443738023,131746,0.0494213562437888,135202,0.0503725000302996,-3.04417817848895,-3.00737263558114,-2.98830988713684,7332.68047237077,7390.81547348485,9,2012,7,2012,2,2012,7860.17349206349,7500.16361895161,17559.38,0,0
"334",5613,125,6202,5522,"219-6017_CTTCTAACCG-TGATCAGTCT_L003_",318576,0.0734955691153872,"LIMS26757p2",3.41651,"20-11998DH0020L01_3779_GCACGGACAT-TGCGAGACGT_L001_",175789,0.0403654075082034,"LIMS24675",8.07408,"72-11998DH0072L01_4226_GTCTACACAT-ACCTTGGCGT_L001_",196122,0.0448621961928115,"LIMS24675",4.12991,0.0331301616071838,0.0286333729225757,0.001267677,0.163241875,0.020354395,92,2009.87397260274,2009,104,2010.49863013699,2009,2014,2014.61095890411,4.11232876712324,4.73698630136983,175789,0.0403654075082034,"LIMS24675",8.07408,5613,"6712","BrF","2",0,197.4,126.4,172.808333333333,172.808333333333,111.266666666667,111.266666666667,0.349997001788792,"1",0.062033485,0.187843134,0.031302247,2014,8,2009,11,2010,7,157.522222222222,115.488888888889,157.888888888889,285310,0.109579436602596,138023,0.0518071276017131,153440,0.0572831280430378,0.0577723090008833,0.0522963085595586,2,0,0.3795032,0.460267729,0.269662928,0.183578492,0.190580058,0.137285678,0.101091064,0.258280801,0.053947982,2,"0",-2.21110554431056,-2.96022754069383,-2.8597491481309,267750,0.103051786912566,119553,0.0448474397511933,135202,0.0503725000302996,-2.27252363154792,-3.10448877680699,-2.98830988713684,12763.8162976407,13741.4126571429,8,2014,7,2011,2,2012,7860.17349206349,7678.12230769231,0,0,0
"335",5613,142,6552,5522,"289-6454_CGGATTGATC-AGTCACAACA_L003_",204360,0.0464523269541569,"LIMS26076p6",4.93072,"20-11998DH0020L01_3779_GCACGGACAT-TGCGAGACGT_L001_",175789,0.0403654075082034,"LIMS24675",8.07408,"72-11998DH0072L01_4226_GTCTACACAT-ACCTTGGCGT_L001_",196122,0.0448621961928115,"LIMS24675",4.12991,0.00608691944595344,0.00159013076134537,0.080757381,0.163241875,0.020354395,92,2009.87397260274,2009,104,2010.49863013699,2009,2015,2015.35068493151,4.85205479452043,5.47671232876701,175789,0.0403654075082034,"LIMS24675",8.07408,5613,"7085","BrF","4",2,217.166666666667,179.383333333333,172.808333333333,172.808333333333,111.266666666667,111.266666666667,0.417870455168544,"1",0.098795223,0.187843134,0.031302247,2015,5,2009,11,2010,7,201.333333333333,115.488888888889,157.888888888889,164420,0.0619329253806206,138023,0.0518071276017131,153440,0.0572831280430378,0.0101257977789075,0.00464979733758279,4,2,0.412187866,0.460267729,0.269662928,0.182880168,0.190580058,0.137285678,0.185908987,0.258280801,0.053947982,7,"1",-2.78170332825742,-2.96022754069383,-2.8597491481309,145569,0.0550384938348761,119553,0.0448474397511933,135202,0.0503725000302996,-2.89972245065015,-3.10448877680699,-2.98830988713684,12210.8488738128,12956.8751957919,2,2016,7,2011,2,2012,7860.17349206349,7678.12230769231,16362.0165555556,0,0
"336",3453,112,5785,5523,"73-11998DH0073L01_4227_CAATTAACAT-ATATCTCGGT_L001_",198083,0.0454188225139475,"LIMS24675",4.7588,"82-11998DH0082L01_4319_GGTCACGAAT-CATAATACGT_L001_",180489,0.0413367648032199,"LIMS24675",7.00028,"83-11998DH0083L01_4320_CTGCTTCCAT-GATCTATCGT_L001_",174142,0.0398773507110244,"LIMS24675",6.93842,0.0040820577107276,0.00554147180292315,0.026471601,0.057358221,0.078595876,92,2009.87397260274,2009,34,2004.7868852459,2004,2012,2011.96438356164,7.17749831574224,2.09041095890416,180489,0.0413367648032199,"LIMS24675",7.00028,3453,"5708","BrF","2",0,112.45,83.8166666666667,177.791666666667,172.808333333333,77.4833333333333,111.266666666667,0.376112249745051,"1",0.031341474,0.068901041,0.085816549,2011,12,2009,11,2004,10,151.266666666667,209.433333333333,157.888888888889,155672,0.0580794767386453,142640,0.0533933671786646,137412,0.0514263670524943,0.00468610955998068,0.00665310968615091,2,0,0.371861962,0.375670667,0.340246776,0.155333955,0.169846625,0.149572326,0.081989711,0.168709328,0.158662448,0,"0",-2.84594291782703,-2.93006875086807,-2.9676042603741,136863,0.0509956852162876,123742,0.0462840895898927,119744,0.0447595261103765,-2.9760142534391,-3.07295701431413,-3.10645098294083,8141.80746153846,12715.4221331195,2,2012,6,2012,6,2012,7448.825,12323.0009046283,1875.81,0,0
"337",6568,166,6892,5523,"150-8091_ATTCTCCACG-TCGATGATCG_L001_",207303,0.0472018372512127,"LIMS26076p3",5.72333,"297-6476_CGTCTAGTAA-TTAATCCAGC_L003_",198545,0.0449505552211967,"LIMS26076p6",2.32175,"83-11998DH0083L01_4320_CTGCTTCCAT-GATCTATCGT_L001_",174142,0.0398773507110244,"LIMS24675",6.93842,0.00225128203001605,0.00732448654018836,0.077821672,0.003565483,0.078595876,92,2009.87397260274,2009,142,2015.76438356164,2015,2018,2018.26849315068,2.50410958904104,8.39452054794515,198545,0.0449505552211967,"LIMS26076p6",2.32175,6568,"7860","BrF","3",0,156.908333333333,130.766666666667,217.166666666667,172.808333333333,179.383333333333,111.266666666667,0.346217722976092,"1",0.095057614,0.081688417,0.085816549,2018,4,2009,11,2015,10,148.122222222222,291.377777777778,157.888888888889,160438,0.0605742214211763,160279,0.0603379582845818,137412,0.0514263670524943,0.000236263136594445,0.00914785436868194,3,0,0.371345093,0.373619685,0.340246776,0.15652807,0.151751609,0.149572326,0.185481928,0.167582113,0.158662448,0,"0",-2.80388586549997,-2.80779388267186,-2.9676042603741,138418,0.0525671243627252,140003,0.0528852526669853,119744,0.0447595261103765,-2.94566436675546,-2.93963075654529,-3.10645098294083,13547.2463181906,12399.3265806452,8,2019,2,2016,6,2012,7448.825,4700.783,12319.7222058824,0,0
"338",5284,105,5837,5539,"246-5273_TTGTGAGAAG-TTCACTGGCT_L003_",241750,0.0546650995928072,"LIMS26757p2",4.90998,"407-4089_221111_L001_",158512,0.0354930947858289,"LIMS26629p4",3.88266,"237-4627_AGACGACAGA-GAGCTGGAAT_L003_",336020,0.0772570724120685,"LIMS26757p2",3.43319,0.0191720048069782,-0.0225919728192614,0.073584441,0.059855874,0.004621272,103,2009.96712328767,2009,90,2008.85519125683,2008,2011,2011.85205479452,2.99686353769016,1.8849315068494,158512,0.0354930947858289,"LIMS26629p4",3.88266,5284,"5092","BrF","3",0,162.783333333333,109.916666666667,131.291666666667,172.808333333333,97.9833333333333,111.266666666667,0.387119905941716,"1",0.092530079,0.082330159,0.104498007,2011,11,2009,12,2008,11,156.522222222222,151.8,148.977777777778,204522,0.0768553364911098,120500,0.0441528581437464,296485,0.11408484344501,0.0327024783473635,-0.0372295069538998,3,0,0.454019473,0.371918781,0.461228153,0.178440955,0.146745123,0.183746199,0.245995069,0.17187378,0.275500621,0,"0",-2.56583037105564,-3.12009761690983,-2.17081286665175,185451,0.0698163281083461,102766,0.0377129663005271,278136,0.107214104807225,-2.66188736951681,-3.27775130995883,-2.23292746430636,8265.31884057971,10375.0698048048,7,2012,2,2009,8,2013,9518.667,11454.1666666667,5021.495,0,0
"339",6061,125,6206,5547,"65-11998DH0159L01_4983_CGGCTATGAT-AGGCTATAGT_L001_",168916,0.0384912312833263,"LIMS25133",6.94676,"40-11998DH0134L01_4703_ATTCAGAAAT-GTCAGTACGT_L001_",131660,0.0301934922598674,"LIMS25133",6.83729,"81-11998DH0081L01_4307_AACTGTAGAT-TGCGGCGTGT_L001_",171528,0.0392818492033622,"LIMS24675",6.44919,0.00829773902345889,-0.00079061792003593,0.032525939,0.066591215,0.025047094,104,2010.61643835616,2010,118,2013.07945205479,2012,2014,2014.63835616438,1.55890410958909,4.02191780821931,131660,0.0301934922598674,"LIMS25133",6.83729,6061,"6703","BrF","2",0,197.4,126.4,112.45,120.45,83.8166666666667,120.15,0.436410459843145,"0",0.042464316,0.078410725,0.030569283,2014,8,2010,8,2013,1,157.522222222222,167.422222222222,118.622222222222,125549,0.0462388482326358,92321,0.0342837600092016,132196,0.0493001179597367,0.0119550882234341,-0.00306126972710091,2,0,0.426089273,0.385630487,0.331733092,0.173144875,0.169401237,0.171887526,0.148812601,0.177426461,0.055185628,0,"0",-3.073934963392,-3.37308350605162,-3.00982880524393,107561,0.0395579736108935,75467,0.0280821749533536,114359,0.0425863005428115,-3.22998799672225,-3.5726202472203,-3.15622266092795,14025.8192772109,22556.6676578947,9,2014,1,2014,6,2012,8012.67936758893,24805.9402564103,27966.125,0,0
"340",6061,142,6381,5547,"535_TTGGTGCATT-GAATCCAGGA_L001_",245738,0.0553963105092748,"LIMS26076p4",7.81594,"40-11998DH0134L01_4703_ATTCAGAAAT-GTCAGTACGT_L001_",131660,0.0301934922598674,"LIMS25133",6.83729,"81-11998DH0081L01_4307_AACTGTAGAT-TGCGGCGTGT_L001_",171528,0.0392818492033622,"LIMS24675",6.44919,0.0252028182494074,0.0161144613059125,0.122139751,0.066591215,0.025047094,104,2010.61643835616,2010,118,2013.07945205479,2012,2015,2015.64657534247,2.56712328767117,5.03013698630139,131660,0.0301934922598674,"LIMS25133",6.83729,6061,"7127","BrF","3",0,217.166666666667,179.383333333333,112.45,120.45,83.8166666666667,120.15,0.443832189947855,"1",0.146095411,0.078410725,0.030569283,2015,8,2010,8,2013,1,244.7,167.422222222222,118.622222222222,207856,0.077362387937811,92321,0.0342837600092016,132196,0.0493001179597367,0.0430786279286094,0.0280622699780744,3,0,0.437308275,0.385630487,0.331733092,0.183674717,0.169401237,0.171887526,0.242580431,0.177426461,0.055185628,3,"0",-2.55925456045141,-3.37308350605162,-3.00982880524393,189289,0.0705453218622818,75467,0.0280821749533536,114359,0.0425863005428115,-2.65149991241723,-3.5726202472203,-3.15622266092795,14543.8637213115,19870.0372580645,2,2018,1,2014,6,2012,8012.67936758893,24805.9402564103,16533.5731827957,0,0
"341",5212,125,6219,5559,"211-6085_CCATCACGTG-TCTCCTGGTT_L003_",291992,0.0674670797529446,"LIMS26757p2",3.6253,"437-3610_221111_L001_",168787,0.0375722189412565,"LIMS26629p4",4.11674,"24-11998DH0118L01_4606_CGCTCATTAT-GTCAGTACGT_L001_",177752,0.0401844500216153,"LIMS25133",10.588,0.0298948608116881,0.0272826297313293,0.009772225,0.063392489,0.015053458,103,2010.01095890411,2009,87,2008.39344262295,2008,2014,2014.39452054795,6.00107792499443,4.38356164383549,168787,0.0375722189412565,"LIMS26629p4",4.11674,5212,"6763","BrF","4",2,197.4,126.4,131.291666666667,172.808333333333,97.9833333333333,111.266666666667,0.352678856418248,"1",0.060884362,0.082709768,0.021111491,2014,5,2010,1,2008,5,198.466666666667,110.788888888889,157.988888888889,249478,0.0962029052573046,128418,0.0474421125416641,138403,0.0512013302486426,0.0487607927156405,0.045001575008662,4,2,0.369975938,0.372258779,0.237393407,0.154299299,0.149718039,0.121520241,0.135902777,0.17970197,0.033495894,2,"1",-2.34129572158661,-3.04824499447334,-2.97198976585539,231031,0.0893327806311883,109976,0.0407913000533969,121109,0.0448047399745737,-2.41538677412284,-3.19928645429499,-3.10544134215406,12508.7037082729,12957.8720319635,9,2014,7,2008,8,2013,8813.60765327696,2831.00333333333,29938.653,0,0
"342",5589,142,6551,5559,"218-7430_TCGACCAGCA-GTTCGAACTC_L003_",204273,0.0477313187579946,"LIMS26076p2",5.14796,"563-4749_221118_L002_",286344,0.0661012355403975,"LIMS26757p3",4.66464,"24-11998DH0118L01_4606_CGCTCATTAT-GTCAGTACGT_L001_",177752,0.0401844500216153,"LIMS25133",10.588,-0.0183699167824029,0.00754686873637933,0.065816369,0.032424307,0.015053458,103,2010.01095890411,2009,104,2010.8301369863,2010,2015,2015.72328767123,4.89315068493147,5.71232876712315,286344,0.0661012355403975,"LIMS26757p3",4.66464,5589,"7104","BrF","2",0,217.166666666667,179.383333333333,120.45,172.808333333333,120.15,111.266666666667,0.298892582458956,"0",0.06932904,0.049922753,0.021111491,2015,9,2010,1,2010,10,287.833333333333,135.322222222222,157.988888888889,160160,0.0621119785146014,251850,0.0971873859061885,138403,0.0512013302486426,-0.035075407391587,0.0109106482659589,2,0,0.363517819,0.378347575,0.237393407,0.160906798,0.162552716,0.121520241,0.139607925,0.148954649,0.033495894,2,"0",-2.77881641790941,-2.33111435056489,-2.97198976585539,137542,0.0537010664489155,234133,0.0905919413855297,121109,0.0448047399745737,-2.92432241828061,-2.40139001706882,-3.10544134215406,13998.8060272805,15676.6367090395,8,2017,7,2011,8,2013,8813.60765327696,9616.95611111111,14797.7426086957,0,0
"343",5769,124,6172,5559,"58-11998DH0152L01_4897_TAATGCGCAT-GCCTCTATGT_L001_",129024,0.0293560554919002,"LIMS25133",12.4478,"72-11998DH0166L01_5038_CGGCTATGAT-GTCAGTACGT_L001_",154061,0.0352188625117673,"LIMS25133",6.10992,"24-11998DH0118L01_4606_CGCTCATTAT-GTCAGTACGT_L001_",177752,0.0401844500216153,"LIMS25133",10.588,-0.0058628070198671,-0.0108283945297151,0.081936191,0.071511831,0.015053458,103,2010.01095890411,2009,105,2011.74794520548,2011,2014,2014.19178082192,2.44383561643826,4.18082191780809,154061,0.0352188625117673,"LIMS25133",6.10992,5769,"6409","BrF","2",0,197.4,126.4,162.783333333333,172.808333333333,109.916666666667,111.266666666667,0.453450962833864,"1",0.097117098,0.090059892,0.021111491,2014,3,2010,1,2011,10,210.9,149.588888888889,157.988888888889,94933,0.0351753324447424,110870,0.0410227549593146,138403,0.0512013302486426,-0.00584742251457222,-0.0160259978039002,2,0,0.393982878,0.42303846,0.237393407,0.15318583,0.170872116,0.121520241,0.177330236,0.208392811,0.033495894,1,"0",-3.34741022486096,-3.19362836722514,-2.97198976585539,78702,0.0292039834358286,92380,0.0341891472261523,121109,0.0448047399745737,-3.53345015997691,-3.37584701784286,-3.10544134215406,11339.7906588235,15668.5329195402,7,2014,9,2014,8,2013,8813.60765327696,16714.8882142857,25523.515,0,0
"344",5128,112,5838,5583,"200-5274_CTGTATGCCA-TTCCGGCTGT_L003_",342575,0.0790035232126997,"LIMS26757p2",5.2621,"57-11998DH0151L01_4892_TAATGCGCAT-AGGCTATAGT_L001_",130222,0.0300138562730193,"LIMS25133",5.60847,"232-4704_TGCTTCCAAG-CAGATGTTAC_L003_",288459,0.0668068467524705,"LIMS26757p2",4.26449,0.0489896669396804,0.0121966764602291,0.052584143,0.090185851,0.040688079,104,2010.85205479452,2010,82,2007.64383561644,2007,2012,2012.18579234973,4.54195673328854,1.3337375552062,130222,0.0300138562730193,"LIMS25133",5.60847,5128,"5738","BrF","2",0,112.45,83.8166666666667,164.008333333333,120.45,150.2,120.15,0.409841534623514,"0",0.088229594,0.106714709,0.086238269,2012,3,2010,11,2007,8,104.766666666667,146.9,143.511111111111,305689,0.11751755051928,89765,0.0334379268607782,252589,0.0971811541459721,0.0840796236585019,0.020336396373308,2,0,0.402280284,0.415003155,0.362403433,0.169627597,0.154584311,0.156487747,0.186404778,0.213247169,0.144880177,0,"0",-2.1411675904304,-3.39806448847758,-2.33117847370145,288492,0.11114955302738,72301,0.026996092174668,234930,0.0906248139206709,-2.19687865992612,-3.61206315772438,-2.40102721909855,9405.33154411765,9374.01842857143,7,2012,7,2014,7,2011,10798.2336111111,12199.8494363167,3221.063,0,0
"345",5843,125,6217,5588,"68-11998DH0162L01_5000_CGGCTATGAT-TCAGAGCCGT_L001_",162838,0.0370658371033001,"LIMS25133",8.90924,"93-11998DH0093L01_4371_TACTCATAAT-GCCACAGGGT_L001_",181386,0.041416637640487,"LIMS24675",5.9238,"15-11998DH0015L01_3753_GGCTTAAGAT-GGTCACGAGT_L001_",176231,0.0404301664940752,"LIMS24675",6.04151,-0.0043508005371869,-0.00336432939077511,0.093923624,0.041099467,0.088461669,104,2010.8301369863,2010,112,2012.03825136612,2012,2014,2014.36438356164,2.32613219552354,3.53424657534242,181386,0.041416637640487,"LIMS24675",5.9238,5843,"6751","BrF","4",1,197.4,126.4,112.45,120.45,83.8166666666667,120.15,0.427467169661774,"0",0.122128667,0.048222904,0.104669948,2014,5,2010,10,2012,1,198.466666666667,152.455555555556,135.322222222222,124483,0.0460748032545093,120917,0.0455146016136883,135301,0.0507414721664425,0.000560201640820934,-0.00466666891193322,4,1,0.373067991,0.342323419,0.406084407,0.153043783,0.133732658,0.166555705,0.169771477,0.087880741,0.195814736,3,"1",-3.07748904554911,-3.08972208992075,-2.9810117113091,106885,0.0395675137026365,104697,0.0393686441821245,117161,0.0439023536021869,-3.2297468584465,-3.2347856124624,-3.12578734753205,14577.6376744186,17406.3545320197,9,2014,9,2012,6,2011,10709.0169444444,5413.08777777778,29938.653,0,0
"346",5635,122,6046,5595,"33-11998DH0127L01_4649_ATTCAGAAAT-AGGCTATAGT_L001_",173936,0.0397108289136903,"LIMS25133",5.5291,"38-11998DH0038L01_4033_CTACGACAAT-TTGGACTCGT_L001_",162602,0.0372053570501908,"LIMS24675",4.30016,"16-11998DH0016L01_3756_AATCCGGAAT-AACTGTAGGT_L001_",184488,0.042651635050068,"LIMS24675",3.90143,0.00250547186349952,-0.00294080613637763,0.040178816,0.069636988,0.027296484,105,2011.16164383562,2011,104,2010.95616438356,2011,2013,2013.53698630137,2.58082191780818,2.37534246575342,162602,0.0372053570501908,"LIMS24675",4.30016,5635,"6156","BrF","3",0,137.958333333333,51.35,162.783333333333,162.783333333333,109.916666666667,109.916666666667,0.327597970765026,"1",0.054173303,0.142564954,0.057843989,2013,7,2011,3,2010,12,95.3888888888889,150.266666666667,131.488888888889,131414,0.0489243336543377,125092,0.046725414295018,142003,0.0535044330305989,0.00219891935931976,-0.00458009937626114,3,0,0.422656307,0.425118768,0.42733196,0.19062313,0.192321285,0.174700983,0.174097968,0.246457869,0.126195894,1,"0",-3.01748038553035,-3.06346705901277,-2.92799076812788,112247,0.0417947264752522,107312,0.0400076592609757,122082,0.0458648234830626,-3.17498510828951,-3.21868436167406,-3.08205682864751,10254.6871921182,10873.62,9,2013,11,2011,6,2011,7520.86666666667,10621.3038636364,10636.92,0,0
"347",5597,125,6221,5602,"70-11998DH0164L01_5012_CGGCTATGAT-TAAGATTAGT_L001_",136114,0.0308176452015595,"LIMS25133",12.1038,"23-11998DH0023L01_3790_GCAGAATTAT-TGGCCGGTGT_L001_",194311,0.0442716764275811,"LIMS24675",5.93591,"17-11998DH0017L01_3759_TAATACAGAT-GTGAATATGT_L001_",178485,0.0410839551213373,"LIMS24675",6.77336,-0.0134540312260216,-0.0102663099197778,0.148175679,0.081623137,0.046286491,104,2010.83287671233,2010,104,2010.84657534247,2010,2014,2014.53424657534,3.68767123287671,3.70136986301372,194311,0.0442716764275811,"LIMS24675",5.93591,5597,"6736","BrF","3",1,197.4,126.4,120.45,120.45,120.15,120.15,0.444469006439169,"1",0.168467322,0.103888491,0.050075132,2014,7,2010,11,2010,11,158.066666666667,143.511111111111,143.511111111111,102705,0.0383376636048028,155262,0.0578784810881771,140202,0.0524909136010206,-0.0195408174833744,-0.0141532499962178,3,1,0.383943329,0.364102504,0.345797625,0.170406567,0.125357355,0.172964338,0.186579817,0.179295989,0.097168721,3,"1",-3.26132248206335,-2.84940961999275,-2.94711519862991,85600,0.0320321608925628,136058,0.0506672225763354,121676,0.0454762243570227,-3.44101485299222,-2.9824760749628,-3.09056563120157,14700.1308585859,14700.1308585859,9,2014,7,2011,6,2011,12225.5026785714,10798.2336111111,17109.7033333333,0,0
"348",5128,125,6220,5606,"74-11998DH0168L01_5047_TCCGCGAAAT-GCCTCTATGT_L001_",135441,0.0310484017837589,"LIMS25133",8.69223,"57-11998DH0151L01_4892_TAATGCGCAT-AGGCTATAGT_L001_",130222,0.0300138562730193,"LIMS25133",5.60847,"25-11998DH0025L01_3800_ACTAAGATAT-CCGCGGTTGT_L001_",168141,0.0381691830796988,"LIMS24675",8.297,0.0010345455107396,-0.0071207812959399,0.129096411,0.090185851,0.011041488,104,2010.85205479452,2010,82,2007.64383561644,2007,2014,2014.39726027397,6.7534246575342,3.54520547945185,130222,0.0300138562730193,"LIMS25133",5.60847,5128,"6695","BrF","4",1,197.4,126.4,164.008333333333,120.45,150.2,120.15,0.502132947820902,"1",0.148206065,0.106714709,0.017087141,2014,5,2010,11,2007,8,198.466666666667,146.9,143.511111111111,99947,0.0372521978925699,89765,0.0334379268607782,134196,0.049976349477174,0.0038142710317917,-0.0127241515846041,4,1,0.406028504,0.415003155,0.364504819,0.160592461,0.154584311,0.153299468,0.217266654,0.213247169,0.045479019,3,"1",-3.29004433206985,-3.39806448847758,-2.99620539591525,82751,0.0308767070144884,72301,0.026996092174668,116242,0.0432491215566461,-3.47775319764366,-3.61206315772438,-3.14077835663951,14923.0459025471,12272.8913233966,9,2014,7,2014,7,2011,10798.2336111111,12199.8494363167,29938.653,0,0
"349",5319,125,6310,5612,"350-6163_AGAACCGGAC-TCCTACCATA_L003_",266453,0.0597160567190071,"LIMS26076p6",6.86559,"66-11998DH0066L01_4208_GTGTCGGAAT-GCGCAAGCGT_L001_",191798,0.043715024446256,"LIMS24675",6.85727,"243-4733_CAACTACCGC-ATGCTGCAGG_L003_",244530,0.0556993408470186,"LIMS26757p2",4.21895,0.0160010322727511,0.00401671587198855,0.078031444,0.087522873,0.057499627,104,2010.85479452055,2010,90,2009.22739726027,2008,2014,2014.74794520548,5.52054794520541,3.89315068493147,191798,0.043715024446256,"LIMS24675",6.85727,5319,"6661","H","5",3,197.4,126.4,131.291666666667,120.45,97.9833333333333,120.15,0.425069191832219,"0",0.092908041,0.104666859,0.074939779,2014,10,2010,11,2009,3,142.255555555556,201.644444444444,143.511111111111,226805,0.0844944267252947,151235,0.0562316223691996,205353,0.0777638996375934,0.0282628043560951,0.00673052708770133,5,3,0.396917304,0.347413301,0.383942413,0.162545384,0.13989202,0.170760311,0.197442325,0.151263149,0.181244331,4,"1",-2.47106970270787,-2.87827600471652,-2.554077970427,207758,0.0775871834136936,131240,0.0486880552438212,187157,0.0710725196122315,-2.55635302762841,-3.02232155117854,-2.64405452022875,14433.5863120567,11800.5059240562,1,2015,2,2012,7,2011,10798.2336111111,7421.44878571429,1443.80916666667,0,0
"350",1824,124,6171,5624,"69-11998DH0163L01_5005_CGGCTATGAT-CTTCGCCTGT_L001_",129875,0.0296359824950772,"LIMS25133",9.58575,"55-11998DH0149L01_4884_CTGAAGCTAT-ACGTCCTGGT_L001_",132204,0.0303218005369807,"LIMS25133",11.0806,"48-11998DH0142L01_4849_GAATTCGTAT-GTCAGTACGT_L001_",124465,0.0284654361490984,"LIMS25133",10.2016,-0.000685818041903499,0.00117054634597876,0.109457202,0.115366377,0.12842833,105,2011.30136986301,2011,30,2003.60547945205,2003,2014,2014.19178082192,10.5863013698629,2.89041095890411,132204,0.0303218005369807,"LIMS25133",11.0806,1824,"6551","BrF","2",0,197.4,126.4,173.566666666667,162.783333333333,183.266666666667,109.916666666667,0.462857108559118,"1",0.139767564,0.136288587,0.148472729,2014,3,2011,4,2003,8,210.9,172.311111111111,144.5,94149,0.0351921429234044,96122,0.0358550280877118,86969,0.0323150492037563,-0.000662885164307347,0.00287709371964809,2,0,0.427874489,0.406911031,0.424773272,0.172002997,0.167349338,0.186447851,0.223879652,0.194775498,0.208563268,0,"0",-3.34693243369697,-3.32827146827845,-3.43222223763943,77835,0.0291737105222286,78804,0.0294827294593489,71109,0.0265074305301738,-3.53448729982472,-3.52395062913045,-3.63033018792891,14016.4985396825,13320.1759934793,9,2014,7,2014,6,2014,15236.5495681511,13692.2811167014,21753.4123809524,0,0
"351",4958,144,6689,5626,"135-7309_CCTGGAATTA-CGTCATCGAA_L001_",163596,0.036459805753743,"LIMS26076p3",2.23697,"67-11998DH0161L01_4989_CGGCTATGAT-AGGATAGGGT_L001_",118733,0.0271178436625026,"LIMS25133",7.75535,"245-4747_TCCGGAGAAC-ATTCCTCTGG_L003_",248028,0.0555980435847018,"LIMS26757p2",4.90874,0.00934196209124035,-0.0191382378309589,0.002095906,0.083947309,0.065993882,104,2010.8904109589,2010,77,2006.87123287671,2006,2016,2016.12021857923,9.24898570252253,5.2298076203308,118733,0.0271178436625026,"LIMS25133",7.75535,4958,"7358","BrF","2",0,171,109.4,191.041666666667,120.45,126.016666666667,120.15,0.308590327438178,"1",0.118395382,0.09967758,0.088506656,2016,2,2010,11,2006,11,234.588888888889,211.455555555556,143.511111111111,126199,0.0461251461017472,84913,0.0315787148028598,213653,0.0795735264348099,0.0145464312988874,-0.0334483803330627,2,0,0.430255388,0.354307644,0.383693142,0.179986065,0.155931471,0.170493628,0.200453732,0.12831011,0.16659053,0,"0",-3.07639700910891,-3.45527196753566,-2.53107382392688,107969,0.0394836018294096,69070,0.0257872223362293,196238,0.0731720637795914,-3.23186983683026,-3.65787616802114,-2.61494157321416,16555.5018824405,14062.498326094,2,2017,9,2014,7,2011,10798.2336111111,12608.5513549832,10679.7024358974,0,0
"352",4958,166,6881,5626,"171-7941_CTGAGCTTGT-CTTCTTGCGT_L001_",164815,0.0366106931644166,"LIMS26076p3",3.71328,"67-11998DH0161L01_4989_CGGCTATGAT-AGGATAGGGT_L001_",118733,0.0271178436625026,"LIMS25133",7.75535,"245-4747_TCCGGAGAAC-ATTCCTCTGG_L003_",248028,0.0555980435847018,"LIMS26757p2",4.90874,0.00949284950191396,-0.0189873504202853,0.094764911,0.083947309,0.065993882,104,2010.8904109589,2010,77,2006.87123287671,2006,2018,2018.2,11.3287671232877,7.30958904109593,118733,0.0271178436625026,"LIMS25133",7.75535,4958,"7902","BrF","2",0,156.908333333333,130.766666666667,191.041666666667,120.45,126.016666666667,120.15,0.400966770860653,"0",0.119540284,0.09967758,0.088506656,2018,3,2010,11,2006,11,170.777777777778,211.455555555556,143.511111111111,125160,0.0457906624817037,84913,0.0315787148028598,213653,0.0795735264348099,0.0142119476788438,-0.0337828639531062,2,0,0.454417206,0.354307644,0.383693142,0.168753317,0.155931471,0.170493628,0.224113343,0.12831011,0.16659053,0,"0",-3.08367508459286,-3.45527196753566,-2.53107382392688,105058,0.0385533802613898,69070,0.0257872223362293,196238,0.0731720637795914,-3.25571149769656,-3.65787616802114,-2.61494157321416,14575.7805745659,13192.077210176,2,2019,9,2014,7,2011,10798.2336111111,12608.5513549832,16893.9390151515,0,0
"353",5625,125,6273,5626,"334-6201_CTCATCATCT-TAAGCCTCTA_L003_",269165,0.0610310864256019,"LIMS26076p6",6.43931,"233-5352_CCTACTCTGC-TGCAATTGGC_L003_",323792,0.0748280294218812,"LIMS26757p2",3.31035,"245-4747_TCCGGAGAAC-ATTCCTCTGG_L003_",248028,0.0555980435847018,"LIMS26757p2",4.90874,-0.0137969429962794,0.00543304284090002,0.086074263,0.003884274,0.065993882,104,2010.8904109589,2010,104,2010.86301369863,2010,2014,2014.45753424658,3.59452054794519,3.56712328767117,323792,0.0748280294218812,"LIMS26757p2",3.31035,5625,"6730","BrF","4",1,197.4,126.4,120.45,120.45,120.15,120.15,0.338862014631461,"0",0.104076906,0.075868364,0.088506656,2014,6,2010,11,2010,11,160.6,143.511111111111,143.511111111111,223654,0.0841766558308117,279802,0.107707470819726,213653,0.0795735264348099,-0.0235308149889138,0.00460312939600184,4,1,0.40658753,0.377879277,0.383693142,0.15897037,0.142340735,0.170493628,0.191982204,0.146686471,0.16659053,3,"1",-2.47483764283876,-2.2283363302829,-2.53107382392688,203899,0.0769514186254651,260243,0.100403899777502,196238,0.0731720637795914,-2.56458098318863,-2.29855423007345,-2.61494157321416,14728.4180338266,14728.4180338266,2,2015,7,2012,7,2011,10798.2336111111,8856.048,9153.01277777778,0,0
"354",5545,125,6207,5638,"66-11998DH0160L01_4988_CGGCTATGAT-GCCTCTATGT_L001_",167692,0.0381638237659127,"LIMS25133",8.36972,"15-11998DH0109L01_4546_TCCGGAGAAT-ACGTCCTGGT_L001_",179767,0.0407478414683273,"LIMS25133",9.31163,"28-11998DH0028L01_3856_TCCAACGCAT-AAGTCCAAGT_L001_",179456,0.0414261392419462,"LIMS24675",8.88403,-0.00258401770241461,-0.00326231547603351,0.04540543,0.085419012,0.104218858,105,2011.3698630137,2011,104,2010.58630136986,2010,2014,2014.63287671233,4.04657534246576,3.26301369863017,179767,0.0407478414683273,"LIMS25133",9.31163,5545,"6714","BrF","3",1,197.4,126.4,120.45,162.783333333333,120.15,109.916666666667,0.462697932056818,"0",0.061358384,0.10691239,0.119083147,2014,8,2011,5,2010,8,157.522222222222,118.622222222222,143.755555555556,127332,0.0474252012551162,138846,0.0515208118224006,138562,0.0525156329165454,-0.00409561056728439,-0.0050904316614292,3,1,0.347571844,0.384605912,0.376104141,0.151734197,0.166987346,0.15831237,0.166865461,0.1799155,0.172552858,3,"1",-3.04860151951975,-2.96576943988781,-2.94664438387024,109022,0.0406344643665011,120068,0.0445404400265745,120176,0.045567678492982,-3.20313869644374,-3.11135773784441,-3.08855661876128,15561.9511217949,14025.8192772109,9,2014,7,2013,8,2011,4561.21583333333,10060.5431111111,27966.125,0,0
"355",5749,125,6274,5639,"341-7662_GCGAGATGGA-ACACTCTACT_L003_",268250,0.0600353354550797,"LIMS26076p6",3.03347,"513-5759_221118_L002_",280581,0.0651689917050918,"LIMS26757p3",3.89305,"559-5391_221118_L002_",319537,0.0744267187269137,"LIMS26757p3",5.44664,-0.00513365625001217,-0.014391383271834,0.010368091,0.02433814,0.048248029,105,2011.37260273973,2011,105,2011.58082191781,2011,2014,2014.54520547945,2.9643835616439,3.17260273972602,280581,0.0651689917050918,"LIMS26757p3",3.89305,5749,"6718","BrF","2",0,197.4,126.4,162.783333333333,162.783333333333,109.916666666667,109.916666666667,0.338935406172636,"0",0.105317559,0.102738442,0.070807219,2014,7,2011,5,2011,8,158.066666666667,150.666666666667,143.755555555556,229025,0.0850910444511838,233446,0.0892230863774585,280554,0.108776489572642,-0.00413204192627466,-0.0236854451214585,2,0,0.424302224,0.391354542,0.391163923,0.173630586,0.157837656,0.180635818,0.22789822,0.174163035,0.159825404,3,"0",-2.46403348453172,-2.41661545699244,-2.21846005639752,209425,0.0779646203574637,215981,0.0826930142433829,264411,0.102761667926651,-2.55150014035413,-2.49262015157983,-2.27534287558909,15517.7011470985,15912.0536111111,7,2018,8,2013,9,2012,8316.06632352941,11523.3208333333,14607.2984778912,0,0
"356",5749,159,6706,5639,"187-7336_GACAATGCGG-TTGTTGAGTG_L001_",192304,0.0436817780055018,"LIMS26076p3",3.48752,"513-5759_221118_L002_",280581,0.0651689917050918,"LIMS26757p3",3.89305,"559-5391_221118_L002_",319537,0.0744267187269137,"LIMS26757p3",5.44664,-0.0214872136995901,-0.0307449407214119,0.070927512,0.02433814,0.048248029,105,2011.37260273973,2011,105,2011.58082191781,2011,2016,2016.76775956284,5.18693764503337,5.39515682311549,280581,0.0651689917050918,"LIMS26757p3",3.89305,5749,"7557","BrF","3",1,171,109.4,162.783333333333,162.783333333333,109.916666666667,109.916666666667,0.359069327999892,"1",0.109997035,0.102738442,0.070807219,2016,10,2011,5,2011,8,136.966666666667,150.666666666667,143.755555555556,151791,0.0567774787423853,233446,0.0892230863774585,280554,0.108776489572642,-0.0324456076350732,-0.051999010830257,3,1,0.431060019,0.391354542,0.391163923,0.165006013,0.157837656,0.180635818,0.244891681,0.174163035,0.159825404,3,"1",-2.86861553289669,-2.41661545699244,-2.21846005639752,130521,0.0489243214352,215981,0.0826930142433829,264411,0.102761667926651,-3.01748063528621,-2.49262015157983,-2.27534287558909,16670.7395174825,16785.3422478239,2,2017,8,2013,9,2012,8316.06632352941,11523.3208333333,1626.003,0,0
"357",5657,124,6143,5775,"44-11998DH0138L01_4819_GAATTCGTAT-TCAGAGCCGT_L001_",130658,0.0299466614020512,"LIMS25133",8.73789,"32-11998DH0032L01_3886_AATGCCTCAT-TGGATCGAGT_L001_",180570,0.0414816074064837,"LIMS24675",6.6926,"63-11998DH0063L01_4199_TTGCCTAGAT-TAAGTGGTGT_L001_",175292,0.0401672870208312,"LIMS24675",7.10797,-0.0115349460044325,-0.01022062561878,0.116748362,0.015675901,0.060830869,105,2011.85479452055,2011,105,2011.64109589041,2011,2014,2014.1397260274,2.49863013698632,2.28493150684926,180570,0.0414816074064837,"LIMS24675",6.6926,5657,"6406","BrF","2",0,197.4,126.4,162.783333333333,162.783333333333,109.916666666667,109.916666666667,0.47664885274488,"0",0.134752443,0.016922304,0.075851582,2014,2,2011,11,2011,8,228.255555555556,150.666666666667,156.522222222222,90277,0.0335672939261714,138976,0.0519570105992695,138775,0.0521707630294746,-0.0183897166730981,-0.0186034691033032,2,0,0.387220502,0.340267854,0.324536326,0.159679691,0.152159423,0.137698073,0.183996386,0.038353368,0.107979909,1,"0",-3.39420308112402,-2.95733862156634,-2.95323303622626,73778,0.0275323779082665,120704,0.0450699746866053,121046,0.0454949898977134,-3.59239258839368,-3.09953900392595,-3.09015307122619,15557.5097883598,15157.1278924731,6,2014,9,2011,2,2012,7811.54,206.045,22036.753,0,0
"358",5549,139,6375,5776,"466-7226_221014_L003_",238475,0.0518968637269147,"LIMS26076p5",5.21912,"90-11998DH0090L01_4358_CGCTATGTAT-GTGTCGGAGT_L001_",190960,0.0439143216365867,"LIMS24675",5.99594,"64-11998DH0064L01_4201_CCATTCGAAT-CGGACAACGT_L001_",165099,0.0379756117772845,"LIMS24675",6.87108,0.00798254209032804,0.0139212519496302,0.073631729,0.030668783,0.015772127,105,2011.44657534247,2011,103,2009.95890410959,2009,2014,2014.97534246575,5.01643835616437,3.52876712328748,190960,0.0439143216365867,"LIMS24675",5.99594,5549,"6817","BrF","2",0,197.4,126.4,172.808333333333,162.783333333333,111.266666666667,109.916666666667,0.345610251982897,"1",0.088032428,0.042311835,0.017712924,2014,12,2011,6,2009,12,141.455555555556,148.977777777778,142.144444444444,191475,0.0691002011063864,151258,0.0567687054015317,129642,0.0485651643213979,0.0123314957048547,0.0205350367849885,2,0,0.341258521,0.365464327,0.191892393,0.140617836,0.154791425,0.115625729,0.120327042,0.113465691,0.018577702,0,"0",-2.67219763784536,-2.86877006633059,-3.02484878859814,171760,0.0621400458738504,131746,0.0494213562437888,111943,0.0419107502422998,-2.77836463678368,-3.00737263558114,-3.17221291593362,14369.5425470653,12306.0769672131,7,2016,7,2012,2,2012,8876.15111111111,7500.16361895161,20621.4499736842,0,0
"359",5641,125,6204,5776,"64-11998DH0158L01_4981_TAATGCGCAT-GTCAGTACGT_L001_",138916,0.0318920244901761,"LIMS25133",9.31035,"26-11998DH0026L01_3840_GTCGGAGCAT-TTATAACCGT_L001_",183001,0.041895823343711,"LIMS24675",7.70129,"64-11998DH0064L01_4201_CCATTCGAAT-CGGACAACGT_L001_",165099,0.0379756117772845,"LIMS24675",6.87108,-0.0100037988535348,-0.00608358728710835,0.091447507,0.09541558,0.015772127,105,2011.44657534247,2011,105,2011.24657534247,2011,2014,2014.49589041096,3.24931506849316,3.04931506849312,183001,0.041895823343711,"LIMS24675",7.70129,5641,"6710","BrF","3",1,197.4,126.4,162.783333333333,162.783333333333,109.916666666667,109.916666666667,0.49560532539099,"0",0.104904694,0.109970266,0.017712924,2014,7,2011,6,2011,4,158.066666666667,144.5,142.144444444444,99737,0.0372735111234667,143567,0.0536791636446257,129642,0.0485651643213979,-0.016405652521159,-0.0112916531979312,3,1,0.394891066,0.385779865,0.191892393,0.177823278,0.170873032,0.115625729,0.178782786,0.165726331,0.018577702,3,"1",-3.28947236216149,-2.92473036683081,-3.02484878859814,83004,0.0310645762563047,125599,0.0469240180492854,111943,0.0419107502422998,-3.47168713610982,-3.0592256226894,-3.17221291593362,15353.1999715505,15180.6052307692,8,2014,7,2011,2,2012,8876.15111111111,6775.81583333333,228.98,0,0
"360",6048,164,6753,5776,"120-7409_TTACACACGG-AACTCCGAGA_L001_",193108,0.0441681467288105,"LIMS26076p3",6.9125,"32-11998DH0126L01_4643_GAGATTCCAT-GTCAGTACGT_L001_",188496,0.042417154074704,"LIMS25133",7.45131,"64-11998DH0064L01_4201_CCATTCGAAT-CGGACAACGT_L001_",165099,0.0379756117772845,"LIMS24675",6.87108,0.00175099265410645,0.00619253495152596,0.104599179,0.022031563,0.015772127,105,2011.44657534247,2011,118,2013.05753424658,2013,2017,2017.48493150685,4.42739726027389,6.03835616438346,188496,0.042417154074704,"LIMS25133",7.45131,6048,"7813","BrF","2",0,139.058333333333,125.6,137.958333333333,162.783333333333,51.35,109.916666666667,0.362361165181212,"1",0.118334637,0.031046703,0.017712924,2017,6,2011,6,2013,1,119.144444444444,167.422222222222,142.144444444444,153464,0.0584940415322533,148776,0.0548298001276701,129642,0.0485651643213979,0.00366424140458316,0.00992887721085536,2,0,0.406072493,0.341357496,0.191892393,0.175692566,0.138417475,0.115625729,0.198179139,0.067459079,0.018577702,0,"0",-2.83883038408133,-2.90352143488251,-3.02484878859814,133848,0.0513415020865285,130324,0.0480015504863801,111943,0.0419107502422998,-2.96925584634095,-3.03652196679635,-3.17221291593362,15416.6851369863,17562.1967610063,8,2017,9,2013,2,2012,8876.15111111111,16832.8075,16559.47,0,0
"361",6670,164,6834,5821,"167-7707_GCTACAGGTC-TTATGCAGGA_L001_",189407,0.04250970487827,"LIMS26076p3",2.24938,"515_GTTATTAGGC-CTCGATGAAC_L001_",236558,0.0537677792749022,"LIMS26076p4",5.58257,"331-5258_230106_L002_",204390,0.0479220747710876,"LIMS26757",3.20283,-0.0112580743966322,-0.00541236989281762,0.006044697,0.098046666,0.013136825,112,2012.1693989071,2012,144,2015.91232876712,2015,2017,2017.7397260274,1.82739726027398,5.57032712029331,236558,0.0537677792749022,"LIMS26076p4",5.58257,6670,"7751","BrF","2",0,139.058333333333,125.6,217.166666666667,112.45,179.383333333333,83.8166666666667,0.435858194722487,"1",0.109269117,0.114273943,0.078340198,2017,9,2012,3,2015,11,137.155555555556,314.222222222222,104.766666666667,146306,0.0541626077173309,194771,0.0738739218835263,168005,0.0658159229522885,-0.0197113141661954,-0.0116533152349576,2,0,0.499152996,0.404354177,0.385896253,0.194981696,0.158770587,0.15473369,0.281015728,0.198191969,0.172500621,0,"0",-2.91576450313746,-2.60539539715558,-2.7208934797694,123914,0.0459264720874381,174464,0.0663837646089433,150319,0.0591660146802095,-3.08071359423162,-2.71230276129838,-2.82740797828491,16449.3955269109,13554.1616600791,9,2018,9,2018,7,2012,3221.063,12619.369697479,12252.923974359,0,0
"362",5854,142,6554,5822,"274-8080_TACCTAGACT-GCATTCGAAT_L003_",170359,0.0394185538609317,"LIMS26076p2",4.94906,"91-11998DH0091L01_4360_GTATGTTCAT-TTCCTGTTGT_L001_",182646,0.041989285083991,"LIMS24675",7.37885,"227-5416_CTCTATACTG-CGTTCAACCG_L003_",327988,0.0759006399903188,"LIMS26757p2",3.04163,-0.00257073122305924,-0.0364820861293871,0.065591842,0.025701245,0.002047023,116,2012.33333333333,2012,116,2012.64480874317,2012,2015,2015.73424657534,3.08943783217296,3.40091324200921,182646,0.041989285083991,"LIMS24675",7.37885,5854,"7075","BrF","2",0,217.166666666667,179.383333333333,112.45,112.45,83.8166666666667,83.8166666666667,0.387791125510977,"0",0.079332824,0.03089906,0.085041579,2015,9,2012,5,2012,8,287.833333333333,115.966666666667,105.355555555556,128922,0.0493459366712489,146026,0.0547902742720626,291083,0.112589224047871,-0.00544433760081371,-0.0632432873766219,2,0,0.324682955,0.412885273,0.4063071,0.160759252,0.17234941,0.171438473,0.119275891,0.100601688,0.163665268,1,"0",-3.00889985344796,-2.90424257756621,-2.18400926902963,108568,0.0418334580869106,127084,0.047635443738023,272612,0.105654842031484,-3.17405882692563,-3.04417817848895,-2.24757770509962,18973.7664756098,19634.2160526316,8,2019,9,2012,7,2012,5473.49333333333,17559.38,13061.9705274823,0,0
"363",6378,164,6767,5822,"267-7685_GCGACAATAT-ATTCGTACGG_L003_",199620,0.0452521394239961,"LIMS26757p2",3.2959,"336-7607_TCCTACGTGC-TAGGTGCTAT_L003_",276927,0.0628916535858889,"LIMS26076p6",4.73796,"227-5416_CTCTATACTG-CGTTCAACCG_L003_",327988,0.0759006399903188,"LIMS26757p2",3.04163,-0.0176395141618927,-0.0306485005663227,0.042432514,0.065284012,0.002047023,116,2012.33333333333,2012,142,2015.58904109589,2015,2017,2017.64109589041,2.05205479452047,5.30776255707769,276927,0.0628916535858889,"LIMS26076p6",4.73796,6378,"7746","BrF","2",0,139.058333333333,125.6,217.166666666667,112.45,179.383333333333,83.8166666666667,0.292570655630172,"0",0.108038759,0.078803513,0.085041579,2017,8,2012,5,2015,8,134.933333333333,244.7,105.355555555556,161758,0.0608899395005292,232599,0.0873363782049777,291083,0.112589224047871,-0.0264464387044485,-0.0516992845473417,2,0,0.367682101,0.382823445,0.4063071,0.183079951,0.183197255,0.171438473,0.159806159,0.148436863,0.163665268,2,"0",-2.79868731494846,-2.43798819955443,-2.18400926902963,143038,0.0540007408004957,212743,0.0799774575238527,272612,0.105654842031484,-2.91875751398426,-2.52601046496781,-2.24757770509962,16655.6915252976,17836.5816,8,2018,3,2018,7,2012,5473.49333333333,16446.0563608871,12520.2452564103,0,0
"364",3086,167,7084,5829,"325-7972_TCACACGGAT-CTTCTGATCG_L003_",144856,0.0322189188038072,"LIMS26076p6",3.03596,"375-438_221014_L002_",143536,0.0302732074702584,"LIMS26629p3",2.78961,"203-5587_AGAAGATTGG-AGAAGGTACT_L003_",272652,0.0624474958736927,"LIMS26757p2",3.819,0.00194571133354881,-0.0302285770698855,0.053429279,0.010999698,0.042528373,112,2012.28142076503,2012,34,2004.8087431694,2004,2018,2018.34246575342,13.5337225840258,6.06104498839727,143536,0.0302732074702584,"LIMS26629p3",2.78961,3086,"7966","BrF","2",0,156.908333333333,130.766666666667,177.791666666667,112.45,77.4833333333333,83.8166666666667,0.274381564581862,"1",0.100966521,0.108541198,0.105401985,2018,5,2012,4,2004,10,153.9,209.433333333333,85.0111111111111,112742,0.0414327528502151,108359,0.0378385423784553,233674,0.0892650988275837,0.00359421047175975,-0.0478323459773686,2,0,0.368003769,0.383015897,0.450835776,0.157482996,0.172862613,0.160332193,0.142972159,0.180911665,0.241108636,0,"0",-3.18368357928285,-3.27442705619433,-2.41614469809203,95537,0.0352218629210244,91550,0.0319485667169156,214504,0.0821546237633192,-3.34608828347349,-3.44362795935528,-2.49915215168448,15914.2223472788,13939.4265704025,2,2019,12,2004,6,2013,12746.0211428571,2865.52333333333,17885.5076666667,0,0
"365",5635,167,6877,5837,"226-7990_ATAGCCGGTT-TCTTATCCGG_L003_",177025,0.0412554055078542,"LIMS26076p2",4.59008,"38-11998DH0038L01_4033_CTACGACAAT-TTGGACTCGT_L001_",162602,0.0372053570501908,"LIMS24675",4.30016,"246-5273_TTGTGAGAAG-TTCACTGGCT_L003_",241750,0.0546650995928072,"LIMS26757p2",4.90998,0.0040500484576634,-0.013409694084953,0.093930039,0.069636988,0.073584441,105,2011.85205479452,2011,104,2010.95616438356,2011,2018,2018.44657534247,7.49041095890425,6.59452054794519,162602,0.0372053570501908,"LIMS24675",4.30016,5635,"7959","BrF","3",0,156.908333333333,130.766666666667,162.783333333333,162.783333333333,109.916666666667,109.916666666667,0.353171483134879,"1",0.107950215,0.142564954,0.092530079,2018,6,2011,11,2010,12,129.744444444444,150.266666666667,156.522222222222,137279,0.0530605759091896,125092,0.046725414295018,204522,0.0768553364911098,0.00633516161417161,-0.0237947605819202,3,0,0.413444299,0.425118768,0.454019473,0.178117454,0.192321285,0.178440955,0.197698927,0.246457869,0.245995069,3,"0",-2.93632107640778,-3.06346705901277,-2.56583037105564,116366,0.0453105511788005,107312,0.0400076592609757,185451,0.0698163281083461,-3.09421535575999,-3.21868436167406,-2.66188736951681,15224.6859746835,14589.5173479853,2,2019,11,2011,7,2012,5021.495,10621.3038636364,17348.5761111111,0,0
"366",5575,124,6148,6018,"47-11998DH0141L01_4837_GAATTCGTAT-ACGTCCTGGT_L001_",157237,0.0358928365435185,"LIMS25133",9.96218,"23-11998DH0117L01_4586_CGCTCATTAT-ACGTCCTGGT_L001_",190962,0.0435264807080398,"LIMS25133",9.74675,"18-11998DH0112L01_4567_CGCTCATTAT-GCCTCTATGT_L001_",120819,0.0276134922099217,"LIMS25133",11.523,-0.00763364416452131,0.00827934433359676,0.126532225,0.057089797,0.102870782,116,2012.89617486339,2012,104,2010.6301369863,2010,2014,2014.15068493151,3.52054794520564,1.25451006811886,190962,0.0435264807080398,"LIMS25133",9.74675,5575,"6424","BrF","2",0,197.4,126.4,120.45,112.45,120.15,83.8166666666667,0.387922595641536,"0",0.155604683,0.067768494,0.118859726,2014,2,2012,11,2010,8,228.255555555556,118.622222222222,159.633333333333,119356,0.0443092356129792,147197,0.0547084793644387,87818,0.0327678232408869,-0.0103992437514595,0.0115414123720923,2,0,0.421698632,0.384666397,0.369965858,0.180834684,0.161015854,0.154621885,0.232627943,0.148094116,0.18369213,1,"0",-3.11656214481145,-2.90573656576464,-3.41830824383969,102072,0.0379122329430136,128746,0.0478388343394762,71542,0.0267816035414177,-3.2724814500275,-3.03991753545024,-3.62004006219144,21710.5731666667,13180.3350166113,6,2014,7,2013,7,2013,17844.1419444444,10060.5431111111,22036.753,0,0
"367",5851,166,6897,6032,"497_AACAACCTCA-TTGGACTAAG_L001_",232992,0.0525668512649981,"LIMS26076p4",7.48105,"7-11998DH0101L01_4419_ATTACTCGAT-ACGTCCTGGT_L001_",196394,0.0444226279887276,"LIMS25133",8.75969,"368-5672_TCGGAGACCT-AAGGTTACTC_L003_",237634,0.052122019056402,"LIMS26076p6",4.14654,0.00814422327627049,0.000444832208596077,0.09387047,0.022433787,0.056090149,118,2012.95355191257,2012,116,2012.56830601093,2012,2017,2017.90136986301,5.33306385208471,4.94781795044537,196394,0.0444226279887276,"LIMS25133",8.75969,5851,"7915","BrF","2",0,139.058333333333,125.6,112.45,112.45,83.8166666666667,83.8166666666667,0.498976333109301,"1",0.112677052,0.024593865,0.099973998,2017,11,2012,12,2012,7,132.688888888889,97.8,163.666666666667,194287,0.0726117888239444,159526,0.0593148010101592,193674,0.0704732808813102,0.0132969878137853,0.00213850794263423,2,0,0.408653175,0.336458233,0.368128405,0.174889768,0.151816676,0.156215566,0.199501555,0.069877002,0.162260373,0,"0",-2.62262798983857,-2.82489640867266,-2.65252163559186,175055,0.0655837471172477,141535,0.0526268667816228,174052,0.0633329819567554,-2.72442737108805,-2.94452851432376,-2.75934904355638,17170.9672429379,16729.7195288462,8,2018,9,2012,8,2013,19432.2302777778,13280.5033333333,12365.8978888889,0,0
"368",6673,164,6864,6193,"108-7634_GCATCCTACT-GACATCGCGA_L001_",400215,0.0948273700466642,"LIMS26076p3",5.54763,"439-7287_221014_L003_",152617,0.0332770845186374,"LIMS26076p5",2.73808,"240-6006_GATAGGTGAA-AGACGCAAGA_L003_",319652,0.0738251100942396,"LIMS26757p2",3.57243,0.0615502855280268,0.0210022599524246,0.050147066,0.024600882,0.008901941,125,2014.43561643836,2014,142,2015.69589041096,2015,2017,2017.75342465753,2.05753424657519,3.317808219178,152617,0.0332770845186374,"LIMS26076p5",2.73808,6673,"7789","BrF","2",0,139.058333333333,125.6,217.166666666667,197.4,179.383333333333,126.4,0.328894857358033,"1",0.09551228,0.104530954,0.107448805,2017,10,2014,6,2015,9,130.3,287.833333333333,160.6,363373,0.144235336559384,113192,0.0405894826659198,287924,0.110789824668892,0.103645853893464,0.0334455118904925,2,0,0.397111588,0.429539652,0.419081292,0.170004252,0.161370514,0.177492445,0.180615656,0.234885123,0.207978582,1,"0",-1.93630903172881,-3.20424629357053,-2.20012034400436,345247,0.137375552378529,94537,0.033958132209191,269761,0.104013946251694,-1.98503684531263,-3.38262691878089,-2.26323029025719,15511.000597561,15296.9217384615,7,2018,9,2016,8,2014,885.693333333333,20390.9574358974,11449.8217777778,0,0
"369",3451,125,6312,6196,"202-6182_ATCCAGCATG-AGAGCTCTAC_L003_",187103,0.0436622835932485,"LIMS26076p2",5.62141,"16-11998DH0110L01_4549_TCCGGAGAAT-GTCAGTACGT_L001_",187778,0.042905421652008,"LIMS25133",8.97431,"225-6009_GATAGACAAC-GTGTTCACGT_L003_",274170,0.0627693791189615,"LIMS26757p2",3.68307,0.000756861941240507,-0.019107095525713,0.078515138,0.015537978,0.023560636,124,2013.97808219178,2013,37,2005.27945205479,2005,2014,2014.43561643836,9.15616438356165,0.457534246575278,187778,0.042905421652008,"LIMS25133",8.97431,3451,"6666","BrF","3",1,197.4,126.4,155.858333333333,137.958333333333,180.85,51.35,0.397611001620648,"1",0.099208294,0.022540764,0.109452383,2014,6,2013,12,2005,4,160.6,206.255555555556,194.8,144615,0.0554824059424049,148476,0.0553841488015428,235125,0.0897207413072845,9.82571408621458e-05,-0.0342383353648795,3,1,0.418210679,0.288251902,0.427939556,0.163410499,0.139767384,0.181561417,0.232545464,0.045040872,0.232963358,1,"1",-2.89168931853481,-2.89346184888565,-2.41105330691125,124942,0.0482110292731819,129592,0.048319684900209,216297,0.0827691089232796,-3.03216746100653,-3.02991624648179,-2.49170036783954,32545.2828571429,12819.6833038493,2,2015,7,2010,8,2014,33674.7294444444,12162.3832440476,9153.01277777778,0,0
"370",5843,164,6852,6230,"132-7602_CAACGTTGAC-TTGGACGGAA_L001_",345838,0.081268760719859,"LIMS26076p3",7.63167,"93-11998DH0093L01_4371_TACTCATAAT-GCCACAGGGT_L001_",181386,0.041416637640487,"LIMS24675",5.9238,"224-7764_AGCGTCTCAT-CCTAGGCGAT_L003_",169298,0.0389528635843174,"LIMS26076p2",6.40292,0.0398521230793721,0.0423158971355416,0.062313295,0.041099467,0.073257274,125,2014.53424657534,2014,112,2012.03825136612,2012,2017,2017.42191780822,5.38366644209896,2.88767123287676,181386,0.041416637640487,"LIMS24675",5.9238,5843,"7807","BrF","3",1,139.058333333333,125.6,112.45,197.4,83.8166666666667,126.4,0.406766690345048,"0",0.074722947,0.048222904,0.087165309,2017,6,2014,7,2012,1,119.144444444444,152.455555555556,158.066666666667,307834,0.121102376693302,120917,0.0455146016136883,135433,0.0516833782848679,0.075587775079614,0.0694189984084344,3,1,0.353460857,0.342323419,0.373262275,0.139511699,0.133732658,0.166738993,0.145800278,0.087880741,0.165300189,1,"1",-2.111119002742,-3.08972208992075,-2.96261905235503,288763,0.114001408118152,104697,0.0393686441821245,114752,0.0440774538451286,-2.17154447875031,-3.2347856124624,-3.12180687793988,15524.8003492063,16165.1716573427,3,2018,9,2012,9,2018,14597.9101490196,5413.08777777778,10066.5217777778,0,0
"371",5838,164,6739,6294,"172-8066_CCTCTGTCAT-CGTATCGATT_L001_",162774,0.0363109161720799,"LIMS26076p3",4.29864,"200-5274_CTGTATGCCA-TTCCGGCTGT_L003_",342575,0.0790035232126997,"LIMS26757p2",5.2621,"277-8065_CGCAATAAGA-CCTACAGCGT_L003_",190050,0.0439414957768713,"LIMS26076p2",4.60252,-0.0426926070406198,-0.00763057960479139,0.101391655,0.052584143,0.079347353,139,2014.91780821918,2014,112,2012.18579234973,2012,2017,2017.57260273973,5.38681038999925,2.65479452054797,342575,0.0790035232126997,"LIMS26757p2",5.2621,5838,"7738","BrF","3",0,139.058333333333,125.6,112.45,197.4,83.8166666666667,126.4,0.351240190883218,"1",0.127002736,0.088229594,0.093408935,2017,7,2014,12,2012,3,116.055555555556,104.766666666667,141.455555555556,120719,0.0440376011275881,305689,0.11751755051928,142903,0.0544388885298244,-0.073479949391692,-0.0104012874022363,3,0,0.409148966,0.402280284,0.406463811,0.172821374,0.169627597,0.161508896,0.208067476,0.186404778,0.194480406,3,"0",-3.1227114389203,-2.1411675904304,-2.91067651783226,102016,0.037287835007611,288492,0.11114955302738,122046,0.0467062791254125,-3.28908814473346,-2.19687865992612,-3.06387666669882,16476.0541028226,16490.1717211538,7,2019,7,2012,7,2019,14209.5341818182,3221.063,11600.2922666667,0,0
"372",6673,167,6926,6375,"364-7993_GTGGAGGTAG-ATCGCGTCAC_L003_",263307,0.0585086495113487,"LIMS26076p6",3.44001,"439-7287_221014_L003_",152617,0.0332770845186374,"LIMS26076p5",2.73808,"466-7226_221014_L003_",238475,0.0518968637269147,"LIMS26076p5",5.21912,0.0252315649927113,0.00661178578443393,0.023373225,0.024600882,0.073631729,139,2014.97534246575,2014,142,2015.69589041096,2015,2018,2018.56438356164,2.8684931506848,3.58904109589048,152617,0.0332770845186374,"LIMS26076p5",2.73808,6673,"7980","BrF","3",1,156.908333333333,130.766666666667,217.166666666667,197.4,179.383333333333,126.4,0.352241571817156,"0",0.104961321,0.104530954,0.088032428,2018,7,2014,12,2015,9,143.266666666667,287.833333333333,141.455555555556,213495,0.0786492403129178,113192,0.0405894826659198,191475,0.0691002011063864,0.0380597576469979,0.00954903920653136,3,1,0.394053444,0.429539652,0.341258521,0.153440599,0.161370514,0.140617836,0.183176177,0.234885123,0.120327042,2,"1",-2.5427573086101,-3.20424629357053,-2.67219763784536,192504,0.0710119982233068,94537,0.033958132209191,171760,0.0621400458738504,-2.6449064271572,-3.38262691878089,-2.77836463678368,15081.235243129,13898.8452605042,2,2019,9,2016,7,2016,20621.4499736842,20390.9574358974,18805.7878571429,0,0
"373",6690,166,6859,6385,"213-7623_CATATGGTGC-ACAGATCTCA_L003_",189114,0.0437401622672463,"LIMS26076p2",4.9932,"240-7950_TCACCGTGGT-TCGCTCTGCT_L003_",141845,0.0324287311730677,"LIMS26076p2",2.67466,"270-8081_GCATTCCTTC-GAGCCTGCTT_L003_",173022,0.0395494061625098,"LIMS26076p2",5.30276,0.0113114310941786,0.00419075610473656,0.068527368,0.0093075,0.081708457,139,2015.04383561644,2014,159,2016.37978142077,2016,2018,2018.09863013699,1.71884871622115,3.05479452054783,141845,0.0324287311730677,"LIMS26076p2",2.67466,6690,"7866","BrF","2",0,156.908333333333,130.766666666667,171,197.4,109.4,126.4,0.374265079081019,"1",0.075862701,0.089384792,0.096122208,2018,2,2015,1,2016,5,171.777777777778,166.944444444444,172.211111111111,148919,0.0569501962534795,105805,0.0397780066778657,134391,0.0508626432452374,0.0171721895756138,0.0060875530082421,2,0,0.368009268,0.396207983,0.441917028,0.156837825,0.144586001,0.176094881,0.162799237,0.201066827,0.254761689,0,"0",-2.86557814302852,-3.22444111546273,-2.97862654933512,128543,0.0494162089320415,86788,0.0327257924620552,113898,0.0432677313033313,-3.00747679257333,-3.41959175167937,-3.14034815728858,15623.5067780939,7775.65800865801,6,2018,2,2019,8,2019,14369.7297012987,10804.5941265597,15005.665,0,0
"374",6554,167,6886,6574,"238-7946_GATAGGTGAA-AGACGCAAGA_L003_",149615,0.0344687656961029,"LIMS26076p2",5.2591,"274-8080_TACCTAGACT-GCATTCGAAT_L003_",170359,0.0394185538609317,"LIMS26076p2",4.94906,"116-8058_CGGAGACTAT-ATGCTTCTAC_L001_",199304,0.0457745203898727,"LIMS26076p3",9.73214,-0.00494978816482886,-0.0113057546937698,0.081430411,0.065591842,0.099738406,142,2015.79726027397,2015,142,2015.73424657534,2015,2018,2018.59452054795,2.86027397260273,2.7972602739726,170359,0.0394185538609317,"LIMS26076p2",4.94906,6554,"7968","BrF","2",0,156.908333333333,130.766666666667,217.166666666667,217.166666666667,179.383333333333,179.383333333333,0.34450975757185,"1",0.097953844,0.079332824,0.113389527,2018,8,2015,10,2015,9,162.266666666667,287.833333333333,291.377777777778,111696,0.0423320141781404,128922,0.0493459366712489,154842,0.0592380464968278,-0.00701392249310854,-0.0169060323186875,2,0,0.400225636,0.324682955,0.400880887,0.173155873,0.160759252,0.174721144,0.19107035,0.119275891,0.167124812,2,"0",-3.16221164282346,-3.00889985344796,-2.82619126620952,92799,0.0353745166080496,108568,0.0418334580869106,134639,0.051886374819131,-3.34176358790222,-3.17405882692563,-2.95869905084642,12876.854,14172.4960634921,2,2019,8,2019,6,2019,12275.2129494949,13061.9705274823,19417.7514285714,0,0
"375",6707,167,7088,6788,"178-7976_CTTGCGAAGA-AATGACGCGG_L001_",162345,0.0367210832980372,"LIMS26076p3",4.90583,"98-7337_GTACGCTCAA-ATTGATGGCG_L001_",234298,0.0543453479761064,"LIMS26076p3",8.22049,"124-7478_AAGAGCTCGC-CCAATAGATC_L001_",372380,0.0877954518185387,"LIMS26076p3",6.35982,-0.0176242646780692,-0.0510743685205015,0.107009404,0.101397154,0.085543189,159,2016.94535519126,2016,159,2016.77049180328,2016,2018,2018.35342465753,1.58293285425566,1.40806946627754,234298,0.0543453479761064,"LIMS26076p3",8.22049,6707,"8050","BrF","2",0,156.908333333333,130.766666666667,171,171,109.4,109.4,0.364404250558921,"0",0.12764108,0.12956538,0.108801684,2018,5,2016,12,2016,10,153.9,136.966666666667,155.911111111111,120853,0.0448494436897727,191755,0.0744614791188264,329924,0.130152939232999,-0.0296120354290537,-0.0853034955432261,2,0,0.434750504,0.418551593,0.380460875,0.183239411,0.182238663,0.167244865,0.248101954,0.23645681,0.182413702,0,"0",-3.10444409434974,-2.59747334612532,-2.03904506436976,102537,0.0381681230695051,172290,0.0674100744208871,311428,0.123176880792773,-3.26575458635765,-2.69696080011373,-2.0941339013951,10434.6473202614,9528.23776315789,2,2019,2,2017,9,2017,10300.0417777778,1626.003,17885.5076666667,0,0
