"","No","Plate","Sample_Focal","NSEG","KB","KBAVG","Genome.size","F_small","F_large","KB_large","F_med","KB_medium","BirdID"
"1",1,"LIMS24675","10-11998DH0010L01_3120_GACCTGAAAT-CTCACCAAGT_L001_",238,398492,1674.34,1091184475,0.365192146,0.142320573,155298,0.166046167,181187,5267
"2",2,"LIMS24675","11-11998DH0011L01_3222_TCTCTACTAT-GAACCGCGGT_L001_",229,421297,1839.73,1091184475,0.386091454,0.191590886,209061,0.154831748,168950,1533
"3",3,"LIMS24675","1-11998DH0001L01_2301_CCGCGGTTAT-CTAGCGCTGT_L001_",293,363758,1241.49,1091184475,0.333360681,0.077366478,84421.1,0.142708225,155721,4938
"4",4,"LIMS24675","12-11998DH0012L01_3230_CTCTCGTCAT-AGGTTATAGT_L001_",223,373039,1672.82,1091184475,0.341866118,0.13994334,152704,0.134440146,146699,5290
"5",5,"LIMS24675","13-11998DH0013L01_3360_CCAAGTCTAT-TCATCCTTGT_L001_",245,417464,1703.94,1091184475,0.382578757,0.187951721,205090,0.138566854,151202,5498
"6",6,"LIMS24675","14-11998DH0014L01_3366_TTGGACTCAT-CTGCTTCCGT_L001_",232,390577,1683.52,1091184475,0.35793856,0.162974276,177835,0.137680661,150235,5499
"7",7,"LIMS24675","15-11998DH0015L01_3753_GGCTTAAGAT-GGTCACGAGT_L001_",228,443113,1943.48,1091184475,0.406084407,0.195814736,213670,0.166555705,181743,5588
"8",8,"LIMS24675","16-11998DH0016L01_3756_AATCCGGAAT-AACTGTAGGT_L001_",302,466298,1544.03,1091184475,0.42733196,0.126195894,137703,0.174700983,190631,5595
"9",9,"LIMS24675","17-11998DH0017L01_3759_TAATACAGAT-GTGAATATGT_L001_",290,377329,1301.13,1091184475,0.345797625,0.097168721,106029,0.172964338,188736,5602
"10",10,"LIMS24675","18-11998DH0018L01_3762_CGGCGTGAAT-ACAGGCGCGT_L001_",228,432212,1895.67,1091184475,0.396094345,0.199290775,217463,0.166110318,181257,5604
"11",11,"LIMS24675","19-11998DH0019L01_3766_ATGTAAGTAT-CATAGAGTGT_L001_",246,379550,1542.89,1091184475,0.347833028,0.136024663,148428,0.143991235,157121,5619
"12",12,"LIMS24675","20-11998DH0020L01_3779_GCACGGACAT-TGCGAGACGT_L001_",241,502237,2083.97,1091184475,0.460267729,0.258280801,281832,0.190580058,207958,5613
"13",13,"LIMS24675","21-11998DH0021L01_3783_GGTACCTTAT-GACGTCTTGT_L001_",216,571650,2646.53,1091184475,0.523880254,0.343964754,375329,0.185008131,201878,5599
"14",14,"LIMS24675","2-11998DH0002L01_2307_TTATAACCAT-TCGATATCGT_L001_",265,394714,1489.49,1091184475,0.361729853,0.116303891,126909,0.156608716,170889,4943
"15",15,"LIMS24675","22-11998DH0022L01_3784_AACGTTCCAT-AGTACTCCGT_L001_",238,548016,2302.59,1091184475,0.502221222,0.306375327,334312,0.198038008,216096,5611
"16",16,"LIMS24675","23-11998DH0023L01_3790_GCAGAATTAT-TGGCCGGTGT_L001_",222,397303,1789.65,1091184475,0.364102504,0.179295989,195645,0.125357355,136788,5597
"17",17,"LIMS24675","24-11998DH0024L01_3791_ATGAGGCCAT-CAATTAACGT_L001_",273,359869,1318.2,1091184475,0.329796664,0.07534693,82217.4,0.128912208,140667,5598
"18",18,"LIMS24675","25-11998DH0025L01_3800_ACTAAGATAT-CCGCGGTTGT_L001_",367,397742,1083.77,1091184475,0.364504819,0.045479019,49626,0.153299468,167278,5606
"19",19,"LIMS24675","26-11998DH0026L01_3840_GTCGGAGCAT-TTATAACCGT_L001_",256,420957,1644.36,1091184475,0.385779865,0.165726331,180838,0.170873032,186454,5641
"20",20,"LIMS24675","27-11998DH0027L01_3847_CTTGGTATAT-GGACTTGGGT_L001_",242,421318,1740.98,1091184475,0.386110699,0.186555074,203566,0.152256565,166140,5632
"21",21,"LIMS24675","28-11998DH0028L01_3856_TCCAACGCAT-AAGTCCAAGT_L001_",229,410399,1792.13,1091184475,0.376104141,0.172552858,188287,0.15831237,172748,5638
"22",22,"LIMS24675","29-11998DH0029L01_3863_CCGTGAAGAT-ATCCACTGGT_L001_",228,537676,2358.23,1091184475,0.49274528,0.275814958,300965,0.198718003,216838,5654
"23",23,"LIMS24675","30-11998DH0030L01_3865_TTACAGGAAT-GCTTGTCAGT_L001_",238,455286,1912.97,1091184475,0.417240174,0.197126155,215101,0.164103325,179067,5651
"24",24,"LIMS24675","31-11998DH0031L01_3870_GGCATTCTAT-CAAGCTAGGT_L001_",252,407410,1616.71,1091184475,0.373364916,0.164638523,179651,0.159243468,173764,5652
"25",25,"LIMS24675","3-11998DH0003L01_2314_GGACTTGGAT-CGTCTGCGGT_L001_",249,500440,2009.8,1091184475,0.458620895,0.226156077,246778,0.18411369,200902,4951
"26",26,"LIMS24675","32-11998DH0032L01_3886_AATGCCTCAT-TGGATCGAGT_L001_",374,371295,992.769,1091184475,0.340267854,0.038353368,41850.6,0.152159423,166034,5657
"27",27,"LIMS24675","33-11998DH0033L01_3890_TACCGAGGAT-AGTTCAGGGT_L001_",365,432467,1184.84,1091184475,0.396328036,0.080101213,87405.2,0.160125079,174726,5656
"28",28,"LIMS24675","34-11998DH0034L01_3903_CGTTAGAAAT-GACCTGAAGT_L001_",243,444191,1827.95,1091184475,0.407072324,0.187379865,204466,0.189839578,207150,5658
"29",29,"LIMS24675","35-11998DH0035L01_3920_AGCCTCATAT-TCTCTACTGT_L001_",240,420118,1750.49,1091184475,0.385010976,0.18102347,197530,0.152705618,166630,5681
"30",30,"LIMS24675","36-11998DH0036L01_3933_GATTCTGCAT-CTCTCGTCGT_L001_",241,396287,1644.35,1091184475,0.363171406,0.130467399,142364,0.161047013,175732,5684
"31",31,"LIMS24675","37-11998DH0037L01_3938_TCGTAGTGAT-CCAAGTCTGT_L001_",240,399738,1665.58,1091184475,0.366334024,0.170412982,185952,0.158711935,173184,5686
"32",32,"LIMS24675","38-11998DH0038L01_4033_CTACGACAAT-TTGGACTCGT_L001_",217,463883,2137.71,1091184475,0.425118768,0.246457869,268931,0.192321285,209858,5635
"33",33,"LIMS24675","39-11998DH0039L01_4034_TAAGTGGTAT-GGCTTAAGGT_L001_",230,429950,1869.35,1091184475,0.394021368,0.174600175,190521,0.167119313,182358,5750
"34",34,"LIMS24675","40-11998DH0040L01_4035_CGGACAACAT-AATCCGGAGT_L001_",332,271117,816.617,1091184475,0.248461196,0.022203212,24227.8,0.134556533,146826,5508
"35",35,"LIMS24675","41-11998DH0041L01_4037_ATATGGATAT-TAATACAGGT_L001_",350,392127,1120.36,1091184475,0.359359035,0.051935123,56670.8,0.157226394,171563,5748
"36",36,"LIMS24675","4-11998DH0004L01_2398_AAGTCCAAAT-TACTCATAGT_L001_",260,458305,1762.71,1091184475,0.420006892,0.181744705,198317,0.168164966,183499,5000
"37",37,"LIMS24675","42-11998DH0042L01_4083_GCGCAAGCAT-CGGCGTGAGT_L001_",247,410227,1660.84,1091184475,0.375946514,0.145254999,158500,0.15691114,171219,5144
"38",38,"LIMS24675","43-11998DH0043L01_4089_AAGATACTAT-ATGTAAGTGT_L001_",239,438348,1834.09,1091184475,0.401717592,0.206756974,225610,0.169253691,184687,5753
"39",39,"LIMS24675","44-11998DH0044L01_4090_GGAGCGTCAT-GCACGGACGT_L001_",246,457532,1859.89,1091184475,0.419298488,0.205382321,224110,0.180927244,197425,5516
"40",40,"LIMS24675","45-11998DH0045L01_4093_ATGGCATGAT-GGTACCTTGT_L001_",240,449745,1873.94,1091184475,0.412162206,0.172743477,188495,0.183479517,200210,5167
"41",41,"LIMS24675","46-11998DH0046L01_4095_GCAATGCAAT-AACGTTCCGT_L001_",243,386997,1592.58,1091184475,0.354657722,0.143249839,156312,0.137733814,150293,5532
"42",42,"LIMS24675","47-11998DH0047L01_4096_GTTCCAATAT-GCAGAATTGT_L001_",227,476539,2099.29,1091184475,0.436717174,0.266290446,290572,0.168680919,184062,5757
"43",43,"LIMS24675","48-11998DH0048L01_4097_ACCTTGGCAT-ATGAGGCCGT_L001_",345,337927,979.498,1091184475,0.30968824,0.0357188,38975.8,0.154686952,168792,5758
"44",44,"LIMS24675","49-11998DH0049L01_4104_ATATCTCGAT-ACTAAGATGT_L001_",275,407939,1483.41,1091184475,0.37384971,0.128446659,140159,0.159686106,174247,3462
"45",45,"LIMS24675","50-11998DH0050L01_4110_GCGCTCTAAT-GTCGGAGCGT_L001_",222,441755,1989.89,1091184475,0.404839887,0.206054068,224843,0.15192115,165774,5760
"46",46,"LIMS24675","51-11998DH0051L01_4111_AACAGGTTAT-CTTGGTATGT_L001_",224,455123,2031.8,1091184475,0.417090795,0.220336713,240428,0.163229962,178114,3093
"47",47,"LIMS24675","5-11998DH0005L01_2794_ATCCACTGAT-ACGCACCTGT_L001_",235,415874,1769.68,1091184475,0.381121625,0.192200315,209726,0.161760916,176511,5171
"48",48,"LIMS24675","52-11998DH0052L01_4114_GGTGAACCAT-TCCAACGCGT_L001_",235,435545,1853.38,1091184475,0.399148824,0.19319923,210816,0.171910437,187586,5515
"49",49,"LIMS24675","53-11998DH0053L01_4116_CAACAATGAT-CCGTGAAGGT_L001_",225,435375,1935,1091184475,0.39899303,0.21524958,234877,0.140268675,153059,1791
"50",50,"LIMS24675","54-11998DH0054L01_4118_TGGTGGCAAT-TTACAGGAGT_L001_",251,460121,1833.15,1091184475,0.421671139,0.20162402,220009,0.178825858,195132,5335
"51",51,"LIMS24675","55-11998DH0055L01_4125_AGGCAGAGAT-GGCATTCTGT_L001_",238,456720,1918.99,1091184475,0.418554342,0.214433036,233986,0.175306746,191292,5240
"52",52,"LIMS24675","56-11998DH0056L01_4127_GAATGAGAAT-AATGCCTCGT_L001_",404,400782,992.035,1091184475,0.367290783,0.057385805,62618.5,0.151899155,165750,5628
"53",53,"LIMS24675","57-11998DH0057L01_4176_TGCGGCGTAT-TACCGAGGGT_L001_",333,348229,1045.73,1091184475,0.319129357,0.063038012,68786.1,0.144556675,157738,5765
"54",54,"LIMS24675","58-11998DH0058L01_4177_CATAATACAT-CGTTAGAAGT_L001_",229,398758,1741.3,1091184475,0.365435918,0.185993299,202953,0.156111092,170346,5766
"55",55,"LIMS24675","59-11998DH0059L01_4179_GATCTATCAT-AGCCTCATGT_L001_",219,472533,2157.68,1091184475,0.433045934,0.249062378,271773,0.172154209,187852,5767
"56",56,"LIMS24675","60-11998DH0060L01_4180_AGCTCGCTAT-GATTCTGCGT_L001_",243,389918,1604.6,1091184475,0.357334629,0.151780935,165621,0.153008958,166961,4860
"57",57,"LIMS24675","61-11998DH0061L01_4181_CGGAACTGAT-TCGTAGTGGT_L001_",235,399084,1698.23,1091184475,0.365734676,0.163643274,178565,0.155239562,169395,5524
"58",58,"LIMS24675","6-11998DH0006L01_2968_GCTTGTCAAT-GTATGTTCGT_L001_",265,415170,1566.68,1091184475,0.380476454,0.136886112,149368,0.151017544,164788,2960
"59",59,"LIMS24675","62-11998DH0062L01_4182_TAAGGTCAAT-CTACGACAGT_L001_",244,417553,1711.28,1091184475,0.38266032,0.170189372,185708,0.15326556,167241,5768
"60",60,"LIMS24675","63-11998DH0063L01_4199_TTGCCTAGAT-TAAGTGGTGT_L001_",240,354129,1475.54,1091184475,0.324536326,0.107979909,117826,0.137698073,150254,5775
"61",61,"LIMS24675","64-11998DH0064L01_4201_CCATTCGAAT-CGGACAACGT_L001_",241,209390,868.838,1091184475,0.191892393,0.018577702,20271.7,0.115625729,126169,5776
"62",62,"LIMS24675","65-11998DH0065L01_4207_ACACTAAGAT-ATATGGATGT_L001_",340,357409,1051.2,1091184475,0.327542233,0.061597009,67213.7,0.161797573,176551,2968
"63",63,"LIMS24675","66-11998DH0066L01_4208_GTGTCGGAAT-GCGCAAGCGT_L001_",235,379092,1613.16,1091184475,0.347413301,0.151263149,165056,0.13989202,152648,5319
"64",64,"LIMS24675","67-11998DH0067L01_4212_TTCCTGTTAT-AAGATACTGT_L001_",224,461596,2060.69,1091184475,0.423022881,0.237573945,259237,0.171959008,187639,3490
"65",65,"LIMS24675","68-11998DH0068L01_4213_CCTTCACCAT-GGAGCGTCGT_L001_",228,452800,1985.96,1091184475,0.414961916,0.223909894,244327,0.179750541,196141,2978
"66",66,"LIMS24675","69-11998DH0069L01_4214_GCCACAGGAT-ATGGCATGGT_L001_",237,360895,1522.76,1091184475,0.330736927,0.118174335,128950,0.13921844,151913,3089
"67",67,"LIMS24675","70-11998DH0070L01_4218_ATTGTGAAAT-GCAATGCAGT_L001_",230,457420,1988.78,1091184475,0.419195847,0.22702669,247728,0.175433214,191430,1731
"68",68,"LIMS24675","71-11998DH0071L01_4220_ACTCGTGTAT-GTTCCAATGT_L001_",234,447862,1913.94,1091184475,0.410436558,0.214196596,233728,0.173651664,189486,1864
"69",69,"LIMS24675","7-11998DH0007L01_3009_CAAGCTAGAT-CGCTATGTGT_L001_",258,470489,1823.6,1091184475,0.43117274,0.222383113,242661,0.159891388,174471,1509
"70",70,"LIMS24675","72-11998DH0072L01_4226_GTCTACACAT-ACCTTGGCGT_L001_",297,294252,990.746,1091184475,0.269662928,0.053947982,58867.2,0.137285678,149804,5522
"71",71,"LIMS24675","73-11998DH0073L01_4227_CAATTAACAT-ATATCTCGGT_L001_",353,405770,1149.49,1091184475,0.371861962,0.081989711,89465.9,0.155333955,169498,5785
"72",72,"LIMS24675","74-11998DH0074L01_4234_TGGCCGGTAT-GCGCTCTAGT_L001_",241,431410,1790.09,1091184475,0.395359364,0.201718412,220112,0.156048774,170278,3456
"73",73,"LIMS24675","75-11998DH0075L01_4238_AGTACTCCAT-AACAGGTTGT_L001_",233,463333,1988.55,1091184475,0.424614729,0.240903354,262870,0.187981047,205122,4890
"74",74,"LIMS24675","76-11998DH0076L01_4241_GACGTCTTAT-GGTGAACCGT_L001_",253,440004,1739.15,1091184475,0.403235209,0.192087594,209603,0.16122755,175929,5275
"75",75,"LIMS24675","77-11998DH0077L01_4243_TGCGAGACAT-CAACAATGGT_L001_",219,485109,2215.11,1091184475,0.444571025,0.259309041,282954,0.195988859,213860,5525
"76",76,"LIMS24675","78-11998DH0078L01_4275_CATAGAGTAT-TGGTGGCAGT_L001_",248,441758,1781.28,1091184475,0.404842637,0.189190742,206442,0.171956259,187636,5072
"77",77,"LIMS24675","79-11998DH0079L01_4286_ACAGGCGCAT-AGGCAGAGGT_L001_",235,403904,1718.74,1091184475,0.370151894,0.173305252,189108,0.149904076,163573,3085
"78",78,"LIMS24675","80-11998DH0080L01_4306_GTGAATATAT-GAATGAGAGT_L001_",388,373873,963.591,1091184475,0.342630425,0.03969173,43311,0.163324354,178217,1605
"79",79,"LIMS24675","81-11998DH0081L01_4307_AACTGTAGAT-TGCGGCGTGT_L001_",337,361982,1074.13,1091184475,0.331733092,0.055185628,60217.7,0.171887526,187561,5547
"80",80,"LIMS24675","8-11998DH0008L01_3021_TGGATCGAAT-TATCGCACGT_L001_",233,421161,1807.56,1091184475,0.385966818,0.168415153,183772,0.153079524,167038,5198
"81",81,"LIMS24675","82-11998DH0082L01_4319_GGTCACGAAT-CATAATACGT_L001_",243,409926,1686.94,1091184475,0.375670667,0.168709328,184093,0.169846625,185334,3453
"82",82,"LIMS24675","83-11998DH0083L01_4320_CTGCTTCCAT-GATCTATCGT_L001_",238,371272,1559.97,1091184475,0.340246776,0.158662448,173130,0.149572326,163211,5523
"83",83,"LIMS24675","84-11998DH0084L01_4323_TCATCCTTAT-AGCTCGCTGT_L001_",226,447780,1981.33,1091184475,0.41036141,0.21105139,230296,0.161701348,176446,1801
"84",84,"LIMS24675","85-11998DH0085L01_4324_AGGTTATAAT-CGGAACTGGT_L001_",235,395724,1683.93,1091184475,0.362655453,0.161999189,176771,0.165860131,180984,5518
"85",85,"LIMS24675","86-11998DH0086L01_4325_GAACCGCGAT-TAAGGTCAGT_L001_",229,435409,1901.35,1091184475,0.399024189,0.202983093,221492,0.155954382,170175,5456
"86",86,"LIMS24675","87-11998DH0087L01_4326_CTCACCAAAT-TTGCCTAGGT_L001_",229,442885,1934,1091184475,0.405875459,0.201916362,220328,0.166001262,181138,3608
"87",87,"LIMS24675","88-11998DH0088L01_4327_TCTGTTGGAT-CCATTCGAGT_L001_",284,408912,1439.83,1091184475,0.374741402,0.121722773,132822,0.161728841,176476,5237
"88",88,"LIMS24675","89-11998DH0089L01_4348_TATCGCACAT-ACACTAAGGT_L001_",292,448060,1534.45,1091184475,0.410618012,0.165369838,180449,0.1745012,190413,5283
"89",89,"LIMS24675","90-11998DH0090L01_4358_CGCTATGTAT-GTGTCGGAGT_L001_",271,398789,1471.55,1091184475,0.365464327,0.113465691,123812,0.154791425,168906,5549
"90",90,"LIMS24675","91-11998DH0091L01_4360_GTATGTTCAT-TTCCTGTTGT_L001_",327,450534,1377.78,1091184475,0.412885273,0.100601688,109775,0.17234941,188065,5854
"91",91,"LIMS24675","9-11998DH0009L01_3101_AGTTCAGGAT-TCTGTTGGGT_L001_",348,364783,1048.23,1091184475,0.334300027,0.055153827,60183,0.150096527,163783,1412
"92",92,"LIMS24675","92-11998DH0092L01_4370_ACGCACCTAT-CCTTCACCGT_L001_",238,534321,2245.05,1091184475,0.48967064,0.278438712,303828,0.188801257,206017,5842
"93",93,"LIMS24675","93-11998DH0093L01_4371_TACTCATAAT-GCCACAGGGT_L001_",272,373538,1373.3,1091184475,0.342323419,0.087880741,95894.1,0.133732658,145927,5843
"94",94,"LIMS24675","94-11998DH0094L01_4383_CGTCTGCGAT-ATTGTGAAGT_L001_",218,467286,2143.51,1091184475,0.428237398,0.241220441,263216,0.175513861,191518,3567
"95",95,"LIMS25133","10-11998DH0104L01_4467_TCCGGAGAAT-GCCTCTATGT_L001_",243,394032,1621.53,1091184475,0.361104844,0.155186409,169337,0.162275952,177073,5779
"96",96,"LIMS25133","11-11998DH0105L01_4529_TCCGGAGAAT-AGGATAGGGT_L001_",219,464438,2120.72,1091184475,0.42562739,0.228280374,249096,0.177492445,193677,1710
"97",97,"LIMS25133","1-11998DH0095L01_4385_ATTACTCGAT-AGGCTATAGT_L001_",244,455351,1866.19,1091184475,0.417299742,0.219126101,239107,0.182663889,199320,1604
"98",98,"LIMS25133","12-11998DH0106L01_4534_TCCGGAGAAT-TCAGAGCCGT_L001_",245,407521,1663.35,1091184475,0.37346664,0.167371333,182633,0.14803913,161538,6010
"99",99,"LIMS25133","13-11998DH0107L01_4539_TCCGGAGAAT-CTTCGCCTGT_L001_",251,382445,1523.68,1091184475,0.350486108,0.126230718,137741,0.1388482,151509,4965
"100",100,"LIMS25133","14-11998DH0108L01_4544_TCCGGAGAAT-TAAGATTAGT_L001_",241,422471,1752.99,1091184475,0.387167349,0.189782759,207088,0.15362297,167631,3606
"101",101,"LIMS25133","15-11998DH0109L01_4546_TCCGGAGAAT-ACGTCCTGGT_L001_",232,419676,1808.95,1091184475,0.384605912,0.1799155,196321,0.166987346,182214,5545
"102",102,"LIMS25133","16-11998DH0110L01_4549_TCCGGAGAAT-GTCAGTACGT_L001_",351,314536,896.115,1091184475,0.288251902,0.045040872,49147.9,0.139767384,152512,3451
"103",103,"LIMS25133","17-11998DH0111L01_4556_CGCTCATTAT-AGGCTATAGT_L001_",225,458261,2036.72,1091184475,0.419966569,0.249713047,272483,0.164721918,179742,4957
"104",104,"LIMS25133","18-11998DH0112L01_4567_CGCTCATTAT-GCCTCTATGT_L001_",227,403701,1778.42,1091184475,0.369965858,0.18369213,200442,0.154621885,168721,6018
"105",105,"LIMS25133","19-11998DH0113L01_4568_CGCTCATTAT-AGGATAGGGT_L001_",223,424463,1903.42,1091184475,0.388992888,0.208745639,227780,0.154513745,168603,1729
"106",107,"LIMS25133","21-11998DH0115L01_4576_CGCTCATTAT-CTTCGCCTGT_L001_",267,370107,1386.17,1091184475,0.339179129,0.090309661,98544.5,0.14910861,162705,6023
"107",108,"LIMS25133","2-11998DH0096L01_4389_ATTACTCGAT-GCCTCTATGT_L001_",299,425371,1422.65,1091184475,0.389825011,0.124381352,135723,0.152321632,166211,1678
"108",109,"LIMS25133","22-11998DH0116L01_4579_CGCTCATTAT-TAAGATTAGT_L001_",212,471102,2222.18,1091184475,0.431734515,0.258487915,282058,0.185736697,202673,6025
"109",110,"LIMS25133","23-11998DH0117L01_4586_CGCTCATTAT-ACGTCCTGGT_L001_",267,419742,1572.07,1091184475,0.384666397,0.148094116,161598,0.161015854,175698,5575
"110",111,"LIMS25133","24-11998DH0118L01_4606_CGCTCATTAT-GTCAGTACGT_L001_",295,259040,878.102,1091184475,0.237393407,0.033495894,36550.2,0.121520241,132601,5559
"111",112,"LIMS25133","25-11998DH0119L01_4609_GAGATTCCAT-AGGCTATAGT_L001_",306,341281,1115.3,1091184475,0.312761964,0.057702342,62963.9,0.16166469,176406,5249
"112",113,"LIMS25133","26-11998DH0120L01_4617_GAGATTCCAT-GCCTCTATGT_L001_",253,391025,1545.55,1091184475,0.358349123,0.136450805,148893,0.164997765,180043,5514
"113",114,"LIMS25133","27-11998DH0121L01_4621_GAGATTCCAT-AGGATAGGGT_L001_",238,486108,2042.47,1091184475,0.445486543,0.242406308,264510,0.185771521,202711,4904
"114",116,"LIMS25133","29-11998DH0123L01_4627_GAGATTCCAT-CTTCGCCTGT_L001_",230,397731,1729.27,1091184475,0.364494739,0.180708216,197186,0.145947824,159256,5292
"115",117,"LIMS25133","30-11998DH0124L01_4636_GAGATTCCAT-TAAGATTAGT_L001_",220,433813,1971.88,1091184475,0.397561558,0.193737177,211403,0.170901442,186485,5321
"116",118,"LIMS25133","31-11998DH0125L01_4637_GAGATTCCAT-ACGTCCTGGT_L001_",208,427781,2056.64,1091184475,0.39203362,0.228401343,249228,0.156622463,170904,5217
"117",119,"LIMS25133","3-11998DH0097L01_4395_ATTACTCGAT-AGGATAGGGT_L001_",276,422076,1529.26,1091184475,0.386805357,0.114767945,125233,0.156423596,170687,4892
"118",120,"LIMS25133","32-11998DH0126L01_4643_GAGATTCCAT-GTCAGTACGT_L001_",355,372484,1049.25,1091184475,0.341357496,0.067459079,73610.3,0.138417475,151039,6048
"119",121,"LIMS25133","33-11998DH0127L01_4649_ATTCAGAAAT-AGGCTATAGT_L001_",283,461196,1629.67,1091184475,0.422656307,0.174097968,189973,0.19062313,208005,6046
"120",122,"LIMS25133","34-11998DH0128L01_4658_ATTCAGAAAT-GCCTCTATGT_L001_",228,451924,1982.12,1091184475,0.414159118,0.203236946,221769,0.163733085,178663,4999
"121",123,"LIMS25133","35-11998DH0129L01_4666_ATTCAGAAAT-AGGATAGGGT_L001_",269,391392,1454.99,1091184475,0.358685455,0.130497641,142397,0.169202371,184631,5513
"122",124,"LIMS25133","36-11998DH0130L01_4667_ATTCAGAAAT-TCAGAGCCGT_L001_",217,415275,1913.71,1091184475,0.38057268,0.215376965,235016,0.14324434,156306,5173
"123",125,"LIMS25133","37-11998DH0131L01_4680_ATTCAGAAAT-CTTCGCCTGT_L001_",219,420191,1918.68,1091184475,0.385077876,0.198475148,216573,0.183016717,199705,1826
"124",126,"LIMS25133","38-11998DH0132L01_4688_ATTCAGAAAT-TAAGATTAGT_L001_",255,473124,1855.39,1091184475,0.433587547,0.232692094,253910,0.191009866,208427,1607
"125",127,"LIMS25133","39-11998DH0133L01_4689_ATTCAGAAAT-ACGTCCTGGT_L001_",230,432826,1881.85,1091184475,0.396657036,0.202603689,221078,0.161326525,176037,5564
"126",128,"LIMS25133","40-11998DH0134L01_4703_ATTCAGAAAT-GTCAGTACGT_L001_",244,420794,1724.57,1091184475,0.385630487,0.177426461,193605,0.169401237,184848,6061
"127",129,"LIMS25133","41-11998DH0135L01_4707_GAATTCGTAT-AGGCTATAGT_L001_",270,426213,1578.56,1091184475,0.39059665,0.138175536,150775,0.188211989,205374,1869
"128",130,"LIMS25133","4-11998DH0098L01_4401_ATTACTCGAT-TCAGAGCCGT_L001_",290,402039,1386.34,1091184475,0.368442742,0.104173036,113672,0.166213875,181370,3087
"129",131,"LIMS25133","42-11998DH0136L01_4717_GAATTCGTAT-GCCTCTATGT_L001_",240,415799,1732.5,1091184475,0.381052892,0.191419512,208874,0.167849712,183155,6067
"130",132,"LIMS25133","43-11998DH0137L01_4808_GAATTCGTAT-AGGATAGGGT_L001_",204,471755,2312.52,1091184475,0.432332947,0.268338678,292807,0.177945164,194171,6142
"131",133,"LIMS25133","44-11998DH0138L01_4819_GAATTCGTAT-TCAGAGCCGT_L001_",225,422529,1877.91,1091184475,0.387220502,0.183996386,200774,0.159679691,174240,6143
"132",134,"LIMS25133","45-11998DH0139L01_4831_GAATTCGTAT-CTTCGCCTGT_L001_",244,427101,1750.41,1091184475,0.391410444,0.18078428,197269,0.147504848,160955,3094
"133",135,"LIMS25133","46-11998DH0140L01_4835_GAATTCGTAT-TAAGATTAGT_L001_",244,417770,1712.17,1091184475,0.382859186,0.171629091,187279,0.175553267,191561,6146
"134",136,"LIMS25133","47-11998DH0141L01_4837_GAATTCGTAT-ACGTCCTGGT_L001_",221,460151,2082.13,1091184475,0.421698632,0.232627943,253840,0.180834684,197324,6148
"135",137,"LIMS25133","48-11998DH0142L01_4849_GAATTCGTAT-GTCAGTACGT_L001_",247,463506,1876.54,1091184475,0.424773272,0.208563268,227581,0.186447851,203449,5624
"136",138,"LIMS25133","49-11998DH0143L01_4851_CTGAAGCTAT-AGGCTATAGT_L001_",333,407134,1222.63,1091184475,0.37311198,0.077560396,84632.7,0.166850798,182065,4973
"137",139,"LIMS25133","50-11998DH0144L01_4853_CTGAAGCTAT-GCCTCTATGT_L001_",249,397274,1595.48,1091184475,0.364075928,0.165117818,180174,0.159040936,173543,1868
"138",140,"LIMS25133","51-11998DH0145L01_4859_CTGAAGCTAT-AGGATAGGGT_L001_",241,471740,1957.43,1091184475,0.432319201,0.20625935,225067,0.165720833,180832,6161
"139",141,"LIMS25133","5-11998DH0099L01_4404_ATTACTCGAT-CTTCGCCTGT_L001_",276,399280,1446.66,1091184475,0.365914297,0.111840851,122039,0.146929327,160327,4896
"140",142,"LIMS25133","52-11998DH0146L01_4862_CTGAAGCTAT-TCAGAGCCGT_L001_",267,405375,1518.26,1091184475,0.37149997,0.136291345,148719,0.149526504,163161,6153
"141",143,"LIMS25133","53-11998DH0147L01_4879_CTGAAGCTAT-CTTCGCCTGT_L001_",225,427826,1901.45,1091184475,0.39207486,0.209881102,229019,0.170976589,186567,4917
"142",144,"LIMS25133","54-11998DH0148L01_4881_CTGAAGCTAT-TAAGATTAGT_L001_",212,418628,1974.66,1091184475,0.383645488,0.194947788,212724,0.175013487,190972,4972
"143",145,"LIMS25133","55-11998DH0149L01_4884_CTGAAGCTAT-ACGTCCTGGT_L001_",248,444015,1790.38,1091184475,0.406911031,0.194775498,212536,0.167349338,182609,1824
"144",146,"LIMS25133","56-11998DH0150L01_4891_CTGAAGCTAT-GTCAGTACGT_L001_",232,436685,1882.26,1091184475,0.40019356,0.191436925,208893,0.173174201,188965,6175
"145",147,"LIMS25133","57-11998DH0151L01_4892_TAATGCGCAT-AGGCTATAGT_L001_",229,452845,1977.49,1091184475,0.415003155,0.213247169,232692,0.154584311,168680,5128
"146",148,"LIMS25133","58-11998DH0152L01_4897_TAATGCGCAT-GCCTCTATGT_L001_",249,429908,1726.54,1091184475,0.393982878,0.177330236,193500,0.15318583,167154,6172
"147",149,"LIMS25133","59-11998DH0153L01_4935_TAATGCGCAT-AGGATAGGGT_L001_",249,431144,1731.5,1091184475,0.395115592,0.182900329,199578,0.169227114,184658,5132
"148",150,"LIMS25133","60-11998DH0154L01_4947_TAATGCGCAT-TCAGAGCCGT_L001_",232,432476,1864.12,1091184475,0.396336284,0.198668516,216784,0.169263772,184698,6191
"149",151,"LIMS25133","61-11998DH0155L01_4952_TAATGCGCAT-CTTCGCCTGT_L001_",242,370248,1529.95,1091184475,0.339308347,0.118305386,129093,0.134242196,146483,6190
"150",152,"LIMS25133","6-11998DH0100L01_4412_ATTACTCGAT-TAAGATTAGT_L001_",307,397287,1294.09,1091184475,0.364087841,0.083200414,90787,0.151727782,165563,3595
"151",153,"LIMS25133","62-11998DH0156L01_4960_TAATGCGCAT-TAAGATTAGT_L001_",242,437319,1807.1,1091184475,0.40077458,0.188310964,205482,0.153512081,167510,6195
"152",154,"LIMS25133","63-11998DH0157L01_4979_TAATGCGCAT-ACGTCCTGGT_L001_",227,402631,1773.7,1091184475,0.368985272,0.161583127,176317,0.180106118,196529,1881
"153",155,"LIMS25133","64-11998DH0158L01_4981_TAATGCGCAT-GTCAGTACGT_L001_",250,430899,1723.59,1091184475,0.394891066,0.178782786,195085,0.177823278,194038,6204
"154",156,"LIMS25133","65-11998DH0159L01_4983_CGGCTATGAT-AGGCTATAGT_L001_",316,464942,1471.33,1091184475,0.426089273,0.148812601,162382,0.173144875,188933,6206
"155",157,"LIMS25133","66-11998DH0160L01_4988_CGGCTATGAT-GCCTCTATGT_L001_",234,379265,1620.79,1091184475,0.347571844,0.166865461,182081,0.151734197,165570,6207
"156",158,"LIMS25133","67-11998DH0161L01_4989_CGGCTATGAT-AGGATAGGGT_L001_",244,386615,1584.49,1091184475,0.354307644,0.12831011,140010,0.155931471,170150,4958
"157",159,"LIMS25133","68-11998DH0162L01_5000_CGGCTATGAT-TCAGAGCCGT_L001_",234,407086,1739.68,1091184475,0.373067991,0.169771477,185252,0.153043783,166999,6217
"158",160,"LIMS25133","69-11998DH0163L01_5005_CGGCTATGAT-CTTCGCCTGT_L001_",241,466890,1937.3,1091184475,0.427874489,0.223879652,244294,0.172002997,187687,6171
"159",161,"LIMS25133","70-11998DH0164L01_5012_CGGCTATGAT-TAAGATTAGT_L001_",236,418953,1775.22,1091184475,0.383943329,0.186579817,203593,0.170406567,185945,6221
"160",162,"LIMS25133","71-11998DH0165L01_5017_CGGCTATGAT-ACGTCCTGGT_L001_",230,407973,1773.8,1091184475,0.373880869,0.164770489,179795,0.165669512,180776,6212
"161",163,"LIMS25133","7-11998DH0101L01_4419_ATTACTCGAT-ACGTCCTGGT_L001_",280,367138,1311.21,1091184475,0.336458233,0.069877002,76248.7,0.151816676,165660,5851
"162",164,"LIMS25133","72-11998DH0166L01_5038_CGGCTATGAT-GTCAGTACGT_L001_",237,461613,1947.73,1091184475,0.42303846,0.208392811,227395,0.170872116,186453,5769
"163",165,"LIMS25133","73-11998DH0167L01_5041_TCCGCGAAAT-AGGCTATAGT_L001_",242,415838,1718.34,1091184475,0.381088633,0.159388265,173922,0.16264161,177472,5333
"164",166,"LIMS25133","74-11998DH0168L01_5047_TCCGCGAAAT-GCCTCTATGT_L001_",229,443052,1934.73,1091184475,0.406028504,0.217266654,237078,0.160592461,175236,6220
"165",167,"LIMS25133","8-11998DH0102L01_4420_ATTACTCGAT-GTCAGTACGT_L001_",286,442172,1546.06,1091184475,0.405222041,0.124464747,135814,0.164938197,179978,5853
"166",168,"LIMS25133","9-11998DH0103L01_4441_TCCGGAGAAT-AGGCTATAGT_L001_",245,439598,1794.28,1091184475,0.402863136,0.194418089,212146,0.182361466,198990,5291
"167",169,"LIMS26076p2","191-420_TAGCGAGGCT-TTGCTCACGG_L003_",205,404901,1975.13,1091184475,0.37106558,0.202327842,220777,0.159107836,173616,3024
"168",170,"LIMS26076p2","192-189_CCAACTGTAT-GCGCTAGAGA_L003_",218,448401,2056.89,1091184475,0.410930517,0.222372115,242649,0.174382063,190283,1822
"169",171,"LIMS26076p2","193-71_GAGTAGTGAC-GCGATGCCAA_L003_",248,505712,2039.16,1091184475,0.463452342,0.249959568,272752,0.183453856,200182,1768
"170",172,"LIMS26076p2","194-335_CCAGTATTCT-ACGAAGCGAT_L003_",224,417042,1861.79,1091184475,0.382192021,0.205852452,224623,0.174973164,190928,3010
"171",173,"LIMS26076p2","195-410_ATCATACCGC-ATGTCGTACT_L003_",236,417579,1769.4,1091184475,0.382684147,0.17683536,192960,0.171501707,187140,1775
"172",174,"LIMS26076p2","196-6446_ATTCGCACTA-TCTGTATGGT_L003_",236,419204,1776.29,1091184475,0.384173354,0.17055228,186104,0.148164681,161675,6549
"173",175,"LIMS26076p2","197-6178_CTCTTCAGCA-TTGTCTCTAC_L003_",215,447652,2082.1,1091184475,0.410244107,0.233208047,254473,0.17457818,190497,6240
"174",176,"LIMS26076p2","198-2391_CTGTATGCCA-TTCCGGCTGT_L003_",240,449671,1873.63,1091184475,0.412094389,0.20687886,225743,0.164207798,179181,1048
"175",177,"LIMS26076p2","199-2754_TCTGACTATG-TAACCAGATC_L003_",216,381329,1765.41,1091184475,0.349463366,0.171829791,187498,0.154261726,168328,924
"176",178,"LIMS26076p2","200-6491_TGTGACGTAT-GCAGCGTTAG_L003_",249,410274,1647.69,1091184475,0.375989587,0.173292422,189094,0.153503834,167501,6573
"177",179,"LIMS26076p2","201-2414_AGAAGATTGG-AGAAGGTACT_L003_",219,482232,2201.97,1091184475,0.44193444,0.244127374,266388,0.168758816,184147,65
"178",180,"LIMS26076p2","202-6182_ATCCAGCATG-AGAGCTCTAC_L003_",248,456345,1840.1,1091184475,0.418210679,0.232545464,253750,0.163410499,178311,6312
"179",181,"LIMS26076p2","203-903_GCGCCATATA-GAACCTCCTA_L003_",246,436110,1772.81,1091184475,0.39966661,0.190238227,207585,0.166570368,181759,1515
"180",182,"LIMS26076p2","204-6226_CACTCGCATA-GAACGCGACA_L003_",201,557877,2775.51,1091184475,0.51125819,0.36178209,394771,0.203596188,222161,6276
"181",183,"LIMS26076p2","205-134_AAGGTCAATG-GCATTATAGG_L003_",238,476316,2001.33,1091184475,0.436512809,0.225240558,245779,0.161992774,176764,1049
"182",184,"LIMS26076p2","206-7711_GTGACGCACA-CGTTGTTGCG_L003_",234,439830,1879.62,1091184475,0.403075749,0.205262268,223979,0.167815804,183118,6571
"183",185,"LIMS26076p2","207-2722_TGTCAGGCTT-GATTCCTTAC_L003_",397,377730,951.462,1091184475,0.346165116,0.010222836,11155,0.142765044,155783,1367
"184",186,"LIMS26076p2","208-7264_CACGTGATGG-TACAACGTGT_L003_",241,419582,1741,1091184475,0.384519767,0.159755755,174323,0.15427089,168338,6660
"185",187,"LIMS26076p2","209-2681_CCATCACGTG-TCTCCTGGTT_L003_",223,440583,1975.71,1091184475,0.403765825,0.216123859,235831,0.175866688,191903,563
"186",188,"LIMS26076p2","210-88_ACCAGGAATT-AGCATGGCAT_L003_",222,499648,2250.67,1091184475,0.457895078,0.239610264,261459,0.186639386,203658,1720
"187",189,"LIMS26076p2","211-7947_TAAGGCTCAC-GACGTTACTT_L003_",256,436256,1704.12,1091184475,0.39980041,0.191429593,208885,0.168383994,183738,6777
"188",190,"LIMS26076p2","212-7328_TGGCACTGAT-GCCATAGAAT_L003_",248,462543,1865.09,1091184475,0.423890745,0.216631565,236385,0.184252072,201053,6279
"189",191,"LIMS26076p2","213-7623_CATATGGTGC-ACAGATCTCA_L003_",238,401566,1687.25,1091184475,0.368009268,0.162799237,177644,0.156837825,171139,6859
"190",192,"LIMS26076p2","214-7737_GCACTACCAG-GAAGACTTAG_L003_",237,455476,1921.84,1091184475,0.417414297,0.217049459,236841,0.174113548,189990,6909
"191",193,"LIMS26076p2","215-261_GCATAAGATC-GAGAACTGGA_L003_",203,582076,2867.37,1091184475,0.533435009,0.36734027,400836,0.207955671,226918,1878
"192",194,"LIMS26076p2","216-360_AAGGTGTACT-AGCGCTACAG_L003_",219,432435,1974.59,1091184475,0.39629871,0.204454888,223098,0.166656513,181853,1739
"193",195,"LIMS26076p2","217-3167_CTTCTAACCG-TGATCAGTCT_L003_",217,425010,1958.57,1091184475,0.389494178,0.205986252,224769,0.151965139,165822,3003
"194",196,"LIMS26076p2","218-7430_TCGACCAGCA-GTTCGAACTC_L003_",240,396665,1652.77,1091184475,0.363517819,0.139607925,152338,0.160906798,175579,6551
"195",197,"LIMS26076p2","219-6208_GTGACACGTC-CTTACACTGA_L003_",261,456239,1748.04,1091184475,0.418113537,0.198850886,216983,0.15894471,173438,6282
"196",198,"LIMS26076p2","220-2439_AATGGACGCG-AAGTGCACCG_L003_",230,455300,1979.57,1091184475,0.417253004,0.221493254,241690,0.162524306,177344,1232
"197",199,"LIMS26076p2","221-6160_TCTCCGTACT-AGTTGTGATC_L003_",248,444726,1793.25,1091184475,0.407562617,0.199540962,217736,0.171512704,187152,6267
"198",200,"LIMS26076p2","222-7979_TGGAAGCACA-TCCAACACCG_L003_",240,432650,1802.71,1091184475,0.396495744,0.191190403,208624,0.162406086,177215,6863
"199",201,"LIMS26076p2","223-2550_GATAGACAAC-GTGTTCACGT_L003_",219,382983,1748.78,1091184475,0.35097915,0.160002276,174592,0.139211108,151905,1190
"200",202,"LIMS26076p2","224-7764_AGCGTCTCAT-CCTAGGCGAT_L003_",235,407298,1733.18,1091184475,0.373262275,0.165300189,180373,0.166738993,181943,6230
"201",203,"LIMS26076p2","225-7974_CTCTATACTG-CGTTCAACCG_L003_",253,414472,1638.23,1091184475,0.379836782,0.147297734,160729,0.156191738,170434,7086
"202",204,"LIMS26076p2","226-7990_ATAGCCGGTT-TCTTATCCGG_L003_",256,451144,1762.28,1091184475,0.413444299,0.197698927,215726,0.178117454,194359,6877
"203",205,"LIMS26076p2","227-2639_GTTCTCATCA-CCTCCATTCT_L003_",238,399490,1678.53,1091184475,0.366106748,0.142945582,155980,0.150829675,164583,554
"204",206,"LIMS26076p2","228-2773_CAATGCGTGT-ATGTTCGCGC_L003_",234,462197,1975.2,1091184475,0.423573658,0.225266218,245807,0.177200102,193358,1414
"205",207,"LIMS26076p2","229-794_TGAGTGTACA-ATTCGCCGGT_L003_",276,461517,1672.16,1091184475,0.422950482,0.163226296,178110,0.162711259,177548,1505
"206",208,"LIMS26076p2","230-8001_TGCTTCCAAG-CAGATGTTAC_L003_",232,457064,1970.1,1091184475,0.418869596,0.225320288,245866,0.183298979,200013,6900
"207",209,"LIMS26076p2","231-6478_CCTACTCTGC-TGCAATTGGC_L003_",222,364768,1643.1,1091184475,0.334286281,0.123551061,134817,0.158592799,173054,6309
"208",210,"LIMS26076p2","232-7997_TCGCTGAGAG-AATGCTCTAG_L003_",246,454759,1848.61,1091184475,0.416757212,0.192930714,210523,0.181609072,198169,7097
"209",211,"LIMS26076p2","233-2717_CGCTAATTGC-CCATCGCATT_L003_",229,514334,2246,1091184475,0.471353847,0.292725939,319418,0.187451347,204544,1391
"210",212,"LIMS26076p2","234-2513_TCAGCTGTCA-ACAGCTCCTG_L003_",222,484950,2184.46,1091184475,0.444425311,0.262798827,286762,0.175058392,191021,530
"211",213,"LIMS26076p2","235-6158_AGACGACAGA-GAGCTGGAAT_L003_",244,475000,1946.72,1091184475,0.43530678,0.213208679,232650,0.170560528,186113,6245
"212",214,"LIMS26076p2","236-6161_TAGGTCCAGA-TGCTCATCCG_L003_",238,395124,1660.18,1091184475,0.362105592,0.157678196,172056,0.156609633,170890,6283
"213",215,"LIMS26076p2","237-7992_TAACCTGAAC-TCAATTGACG_L003_",221,442669,2003.03,1091184475,0.405677509,0.208829034,227871,0.182997472,199684,6697
"214",216,"LIMS26076p2","238-7946_GATAGGTGAA-AGACGCAAGA_L003_",248,436720,1760.97,1091184475,0.400225636,0.19107035,208493,0.173155873,188945,6886
"215",217,"LIMS26076p2","239-7984_CTTGTTACTG-AATTCGGTGG_L003_",240,415165,1729.85,1091184475,0.380471872,0.173876191,189731,0.145308152,158558,6384
"216",218,"LIMS26076p2","240-7950_TCACCGTGGT-TCGCTCTGCT_L003_",240,432336,1801.4,1091184475,0.396207983,0.201066827,219401,0.144586001,157770,6690
"217",219,"LIMS26076p2","241-429_CAACTACCGC-ATGCTGCAGG_L003_",211,482924,2288.74,1091184475,0.442568613,0.266183223,290455,0.187118681,204181,3013
"218",220,"LIMS26076p2","242-1007_ACTCGTCCAG-TGGTCCTCGT_L003_",247,452689,1832.75,1091184475,0.414860191,0.18110045,197614,0.173841366,189693,1531
"219",221,"LIMS26076p2","243-7453_TCCGGAGAAC-ATTCCTCTGG_L003_",231,449113,1944.21,1091184475,0.411583019,0.208921594,227972,0.167871707,183179,6780
"220",222,"LIMS26076p2","244-7968_TTGTGAGAAG-TTCACTGGCT_L003_",237,410803,1733.35,1091184475,0.376474381,0.161625283,176363,0.148357133,161885,7080
"221",223,"LIMS26076p2","245-7983_CCGAAGGTTC-TCTATCTGAC_L003_",215,444078,2065.48,1091184475,0.406968767,0.23109658,252169,0.180742124,197223,6884
"222",224,"LIMS26076p2","246-338_ATACACACCT-AGTGTGATAG_L003_",233,411915,1767.87,1091184475,0.377493457,0.175778711,191807,0.163619447,178539,3009
"223",225,"LIMS26076p2","247-5635_AGCCTCTGCT-TTCGCCTTAG_L003_",258,389403,1509.31,1091184475,0.356862665,0.136822878,149299,0.1515894,165412,6020
"224",226,"LIMS26076p2","248-427_CGGATCATTA-CCGTAACCTT_L003_",231,474859,2055.67,1091184475,0.435177562,0.231762828,252896,0.164593617,179602,3012
"225",227,"LIMS26076p2","249-7978_CTCTCTCTAG-ACTTGATTGG_L003_",252,434010,1722.26,1091184475,0.397742096,0.169076819,184494,0.174631334,190555,6831
"226",228,"LIMS26076p2","250-7994_AAGGCTCCAT-TGAAGATGGA_L003_",229,431718,1885.23,1091184475,0.395641626,0.196324274,214226,0.169274769,184710,7094
"227",229,"LIMS26076p2","251-5754_GATAGATCAG-CGTACGCCAT_L003_",232,420072,1810.65,1091184475,0.38496882,0.179482026,195848,0.148875835,162451,6070
"228",230,"LIMS26076p2","252-7953_GCAGAAGTCT-CTGCGTCGAA_L003_",227,401352,1768.07,1091184475,0.367813151,0.163730335,178660,0.153919895,167955,6836
"229",231,"LIMS26076p2","253-744_TATACGATGC-CTCCTAATCT_L003_",222,389450,1754.28,1091184475,0.356905738,0.176214017,192282,0.153274725,167251,1485
"230",232,"LIMS26076p2","254-8057_AACGCTCTGA-GAGTAACGTG_L003_",221,445023,2013.68,1091184475,0.407834798,0.212866848,232277,0.1799155,196321,6865
"231",233,"LIMS26076p2","255-3753_GATTGGCGAT-CTGTCTCATT_L003_",241,464664,1928.07,1091184475,0.425834504,0.219107773,239087,0.182867338,199542,1503
"232",234,"LIMS26076p2","256-2489_CAAGACGGAC-GTACTCCGTC_L003_",216,441003,2041.68,1091184475,0.404150728,0.221167003,241334,0.158454417,172903,1230
"233",235,"LIMS26076p2","257-2003_CCACTCAACG-CCTGTCTAGA_L003_",229,401374,1752.73,1091184475,0.367833313,0.170617347,186175,0.155295465,169456,472
"234",236,"LIMS26076p2","258-4483_AGCCACTCGT-CCAAGAGGAT_L003_",263,386850,1470.91,1091184475,0.354523006,0.126122579,137623,0.14552718,158797,5466
"235",237,"LIMS26076p2","259-2607_GCGAAGAATT-TCACGGATGA_L003_",238,434193,1824.34,1091184475,0.397909803,0.184154013,200946,0.159881307,174460,1285
"236",238,"LIMS26076p2","260-286_TGTCGGTGCT-AGTTCTTCCG_L003_",235,451150,1919.79,1091184475,0.413449797,0.218996884,238966,0.173465628,189283,1723
"237",239,"LIMS26076p2","261-3284_TCTACAGCTA-AATGGAAGAC_L003_",225,435496,1935.54,1091184475,0.399103919,0.223164832,243514,0.175614669,191628,4937
"238",240,"LIMS26076p2","262-444_CAACCATGAT-ATAAGGTGAC_L003_",240,393462,1639.43,1091184475,0.360582476,0.142391139,155375,0.139436551,152151,3090
"239",242,"LIMS26076p2","264-2651_ATCTAACCTG-CCTGTGGTTC_L003_",249,386436,1551.95,1091184475,0.354143602,0.128464988,140179,0.143303908,156371,1279
"240",243,"LIMS26076p2","265-477_GCGACAATAT-ATTCGTACGG_L003_",238,439789,1847.85,1091184475,0.403038176,0.212512188,231890,0.168821134,184215,3450
"241",244,"LIMS26076p2","266-2775_TTGCCGTATC-ACATTAGCGG_L003_",255,433223,1698.91,1091184475,0.397020861,0.169591856,185056,0.168635097,184012,1417
"242",245,"LIMS26076p2","267-3361_GATCCACTTA-GTGTTCTGTT_L003_",230,443361,1927.66,1091184475,0.406311683,0.230902295,251957,0.151746111,165583,4974
"243",246,"LIMS26076p2","268-2589_TCCGAGATGC-TGTCACCTTA_L003_",252,400509,1589.32,1091184475,0.367040596,0.155397189,169567,0.161341188,176053,1246
"244",247,"LIMS26076p2","269-8076_ATAGAGTTCG-GCATAACGGC_L003_",238,387004,1626.07,1091184475,0.354664137,0.147436115,160880,0.149097612,162693,6882
"245",248,"LIMS26076p2","270-8081_GCATTCCTTC-GAGCCTGCTT_L003_",227,482213,2124.28,1091184475,0.441917028,0.254761689,277992,0.176094881,192152,6385
"246",249,"LIMS26076p2","271-8086_AATCGTGCGG-GTTCAGTAGA_L003_",239,433457,1813.63,1091184475,0.397235307,0.181385462,197925,0.175128041,191097,6910
"247",250,"LIMS26076p2","272-322_TACCGGAGCA-CTTAGCAGGC_L003_",219,403231,1841.24,1091184475,0.369535133,0.190827495,208228,0.156429095,170693,2983
"248",251,"LIMS26076p2","273-8088_AGCACCAGTC-CTCGTGTAGC_L003_",247,387364,1568.28,1091184475,0.354994054,0.136198785,148618,0.16592978,181060,6565
"249",252,"LIMS26076p2","274-8080_TACCTAGACT-GCATTCGAAT_L003_",235,354289,1507.61,1091184475,0.324682955,0.119275891,130152,0.160759252,175418,6554
"250",253,"LIMS26076p2","275-8077_CAGACTGCAG-ACCGGCCTTA_L003_",245,385547,1573.66,1091184475,0.353328891,0.137419477,149950,0.145294406,158543,6567
"251",254,"LIMS26076p2","276-8085_GTTAGTGCCT-CTGCATAGCA_L003_",250,415690,1662.76,1091184475,0.380953001,0.157086179,171410,0.157110923,171437,6546
"252",255,"LIMS26076p2","277-8065_CGCAATAAGA-CCTACAGCGT_L003_",252,443527,1760.03,1091184475,0.406463811,0.194480406,212214,0.161508896,176236,6294
"253",256,"LIMS26076p2","278-93_TCGGTCTGTT-TGGTTGGTAC_L003_",239,463133,1937.8,1091184475,0.424431442,0.212418711,231788,0.172868112,188631,1776
"254",257,"LIMS26076p2","279-282_CTAGACGAGC-GAGGATGGAT_L003_",237,411833,1737.69,1091184475,0.37741831,0.176160864,192224,0.156997285,171313,1888
"255",258,"LIMS26076p2","280-431_GTAATACTCG-CTCACGAATC_L003_",204,510810,2503.97,1091184475,0.468124329,0.299213385,326497,0.16978614,185268,3014
"256",259,"LIMS26076p2","281-8107_GATTCTTAGC-TGCTAGCGGT_L003_",233,439961,1888.24,1091184475,0.403195802,0.190646957,208031,0.162533471,177354,6919
"257",260,"LIMS26076p2","282-8102_TGTGATCGCG-AGACGAGTCT_L003_",240,448196,1867.48,1091184475,0.410742647,0.226099258,246716,0.177028728,193171,7110
"258",261,"LIMS26076p2","283-638_ATCGAGAGAC-TGGAAGCAGA_L003_",217,457240,2107.1,1091184475,0.419030888,0.244605753,266910,0.177232177,193393,3571
"259",262,"LIMS26076p2","285-466_CACTAGACTT-TGTGGATTAG_L003_",247,489899,1983.4,1091184475,0.44896075,0.233997098,255334,0.185477346,202390,3448
"260",263,"LIMS26076p2","286-820_CGTCGCCTAT-TATCTTCTCG_L003_",222,402717,1814.04,1091184475,0.369064085,0.163495728,178404,0.15123474,165025,1529
"261",264,"LIMS26076p3","100-7938_AACCTAGTGC-TACAGGTCCT_L001_",239,439862,1840.43,1091184475,0.403105075,0.201285855,219640,0.180291238,196731,6870
"262",265,"LIMS26076p3","101-8061_CGTGTATGTC-GCATCTCTAT_L001_",248,438225,1767.04,1091184475,0.401604871,0.189552734,206837,0.163022847,177888,6758
"263",266,"LIMS26076p3","103-7712_CTCACCAGTT-TTGGTGTGTC_L001_",235,461068,1961.99,1091184475,0.422539003,0.214834435,234424,0.177079132,193226,6776
"264",267,"LIMS26076p3","104-7763_ACTAGTAGTC-ACGTACACTC_L001_",214,393869,1840.51,1091184475,0.360955465,0.176521023,192617,0.147593742,161052,6548
"265",268,"LIMS26076p3","105-7923_AATAGACTGC-TCAAGGTCGC_L001_",241,423295,1756.41,1091184475,0.387922491,0.170906024,186490,0.172741644,188493,6370
"266",269,"LIMS26076p3","106-7366_ATGATCAACG-GTATAGCGTC_L001_",250,461615,1846.46,1091184475,0.423040293,0.215222087,234847,0.173625088,189457,6727
"267",270,"LIMS26076p3","108-7634_GCATCCTACT-GACATCGCGA_L001_",250,433322,1733.29,1091184475,0.397111588,0.180615656,197085,0.170004252,185506,6864
"268",271,"LIMS26076p3","109-7676_AGTCCAGCGT-TGTCGTATTG_L001_",231,462700,2003.03,1091184475,0.424034625,0.229078589,249967,0.181204008,197727,6888
"269",272,"LIMS26076p3","111-7472_GCGACTCGTA-CAGGCCATGT_L001_",227,407336,1794.43,1091184475,0.3732971,0.168797306,184189,0.161344854,176057,6785
"270",273,"LIMS26076p3","112-7717_GTATCTGAGG-ACGTATCTTG_L001_",222,487487,2195.89,1091184475,0.446750308,0.239090645,260892,0.170119722,185632,6755
"271",274,"LIMS26076p3","113-7951_CATCACCTAA-TGGTGGTATT_L001_",239,405373,1696.12,1091184475,0.371498137,0.167815804,183118,0.163964943,178916,6861
"272",275,"LIMS26076p3","114-7386_CGGCATATAC-ATGAGCTGGA_L001_",241,424694,1762.22,1091184475,0.389204584,0.182335805,198962,0.167917528,183229,6737
"273",276,"LIMS26076p3","115-7930_CACGAGTGTC-TAGGCTAGAG_L001_",226,449754,1990.06,1091184475,0.412170454,0.236048996,257573,0.161860807,176620,7068
"274",277,"LIMS26076p3","117-8064_AAGGTGTTAG-TGTGCTGGTG_L001_",223,466070,2090,1091184475,0.427123012,0.243592175,265804,0.169062156,184478,6838
"275",278,"LIMS26076p3","118-8087_GCGATGGAAG-GCCGCAAGAT_L001_",245,425078,1735.01,1091184475,0.389556495,0.183936818,200709,0.181385462,197925,6924
"276",279,"LIMS26076p3","119-7743_ACGGTCGCAT-GTACTCTCTA_L001_",219,407220,1859.45,1091184475,0.373190793,0.169577193,185040,0.157145748,171475,6694
"277",280,"LIMS26076p3","120-7409_TTACACACGG-AACTCCGAGA_L001_",241,443100,1838.59,1091184475,0.406072493,0.198179139,216250,0.175692566,191713,6753
"278",281,"LIMS26076p3","121-7683_CGAGATTAGA-CTAATCGCGG_L001_",239,443677,1856.39,1091184475,0.406601276,0.201344507,219704,0.171861866,187533,6894
"279",282,"LIMS26076p3","122-7924_CAAGGATCGA-GCAGACACAA_L001_",239,428575,1793.2,1091184475,0.39276127,0.175308579,191294,0.160907715,175580,6879
"280",283,"LIMS26076p3","123-7940_ACAACACACA-CATCGGCACT_L001_",224,450438,2010.88,1091184475,0.412797295,0.209158034,228230,0.165956357,181089,6782
"281",284,"LIMS26076p3","124-7478_AAGAGCTCGC-CCAATAGATC_L001_",231,415153,1797.2,1091184475,0.380460875,0.182413702,199047,0.167244865,182495,6788
"282",285,"LIMS26076p3","126-7971_AACTGTACGG-CTCCAATATG_L001_",229,369924,1615.39,1091184475,0.339011422,0.13436958,146622,0.159200396,173717,7083
"283",286,"LIMS26076p3","127-7619_GCGAAGTAGG-ACCATTGTGT_L001_",229,507723,2217.13,1091184475,0.465295293,0.26888854,293407,0.181250746,197778,6856
"284",287,"LIMS26076p3","128-7638_GTGAAGACAC-TGGCTTGATC_L001_",242,444740,1837.77,1091184475,0.407575447,0.203578776,222142,0.173869776,189724,6868
"285",288,"LIMS26076p3","129-7374_GACTTAGGTC-CTATGGACTT_L001_",235,376057,1600.24,1091184475,0.344631919,0.139517198,152239,0.152221741,166102,6735
"286",289,"LIMS26076p3","130-7398_AGGACGGACA-GAAGTCGTGG_L001_",236,409906,1736.89,1091184475,0.375652339,0.161924958,176690,0.151125684,164906,6750
"287",290,"LIMS26076p3","131-7334_CCTATGTGTA-TAGTGAGTCG_L001_",254,446519,1757.95,1091184475,0.409205785,0.183809433,200570,0.16145391,176176,6704
"288",291,"LIMS26076p3","132-7602_CAACGTTGAC-TTGGACGGAA_L001_",226,385691,1706.6,1091184475,0.353460857,0.145800278,159095,0.139511699,152233,6852
"289",292,"LIMS26076p3","133-8055_TGACATAGGT-TACCAGAGAT_L001_",248,449397,1812.09,1091184475,0.411843286,0.197111492,215085,0.172642669,188385,7099
"290",293,"LIMS26076p3","134-8101_TTACACCAAC-ATGAGTTAGG_L001_",244,399237,1636.22,1091184475,0.36587489,0.168296933,183643,0.163033844,177900,7109
"291",294,"LIMS26076p3","135-7309_CCTGGAATTA-CGTCATCGAA_L001_",243,469488,1932.05,1091184475,0.430255388,0.200453732,218732,0.179986065,196398,6689
"292",295,"LIMS26076p3","136-7724_GCAACATCAA-TGACCTAGTT_L001_",238,417574,1754.51,1091184475,0.382679565,0.178641655,194931,0.177616163,193812,6377
"293",296,"LIMS26076p3","137-7772_ACAGCCAGGT-TCATGGTACT_L001_",228,392860,1723.07,1091184475,0.360030782,0.150624394,164359,0.151093609,164871,6925
"294",297,"LIMS26076p3","138-7986_TAGTCCATCT-GACAGGACAG_L001_",232,413459,1782.15,1091184475,0.378908433,0.16508666,180140,0.140419886,153224,6846
"295",298,"LIMS26076p3","139-7928_GCCTCTCAGA-CGTGACGACT_L001_",259,464826,1794.69,1091184475,0.425982967,0.209740887,228866,0.187442183,204534,6844
"296",299,"LIMS26076p3","140-8073_TAGGTTCAAG-ACTTACCGGC_L001_",243,438697,1805.34,1091184475,0.402037428,0.184308891,201115,0.163468235,178374,7102
"297",300,"LIMS26076p3","141-7677_AAGACTCTCG-GCTCTCCTTC_L001_",240,446687,1861.2,1091184475,0.409359746,0.213918916,233425,0.176289165,192364,6889
"298",301,"LIMS26076p3","142-8074_GAAGATCGAC-AGTGACCACG_L001_",236,407990,1728.77,1091184475,0.373896449,0.181168267,197688,0.180217007,196650,7103
"299",302,"LIMS26076p3","143-7428_TTGGATTGTC-CGGCTGTTAG_L001_",241,447572,1857.15,1091184475,0.410170792,0.201229952,219579,0.17251895,188250,6740
"300",303,"LIMS26076p3","144-7731_AATTGGCACA-CAGTCGGAGT_L001_",224,476342,2126.52,1091184475,0.436536636,0.232577539,253785,0.169683499,185156,6747
"301",304,"LIMS26076p3","145-7680_AGGCAATCGC-ATGAGTCTGT_L001_",239,413544,1730.31,1091184475,0.37898633,0.169879616,185370,0.159483574,174026,6698
"302",305,"LIMS26076p3","146-7765_TGCAACACTA-CGTTCTGGTA_L001_",218,460970,2114.54,1091184475,0.422449192,0.24776104,270353,0.177073634,193220,6550
"303",306,"LIMS26076p3","147-7581_GAATCGCCTG-CATTGACGGC_L001_",234,435553,1861.34,1091184475,0.399156156,0.202506547,220972,0.155817833,170026,6847
"304",307,"LIMS26076p3","148-8056_TCGCATGACA-TTGGCCAATG_L001_",245,450674,1839.49,1091184475,0.413013574,0.185664298,202594,0.180012642,196427,6766
"305",308,"LIMS26076p3","149-7955_TCAATACGTG-GCTGCTAATA_L001_",224,439967,1964.14,1091184475,0.403201301,0.209608004,228721,0.160351438,174973,6887
"306",309,"LIMS26076p3","150-8091_ATTCTCCACG-TCGATGATCG_L001_",238,405206,1702.55,1091184475,0.371345093,0.185481928,202395,0.15652807,170801,6892
"307",310,"LIMS26076p3","151-7269_TGTTACAGAG-TGTGTACCAG_L001_",222,496256,2235.39,1091184475,0.454786529,0.266087913,290351,0.185150178,202033,6662
"308",311,"LIMS26076p3","152-7381_TTACGGACGC-ATTGGCCAGC_L001_",229,459341,2005.85,1091184475,0.420956319,0.230269039,251266,0.165132481,180190,6675
"309",312,"LIMS26076p3","153-7730_CCAATGTTGA-CTTGAATGTC_L001_",238,468598,1968.9,1091184475,0.429439761,0.228685438,249538,0.177474116,193657,6908
"310",313,"LIMS26076p3","154-7402_CGTACTTAGA-CCGATGTTCA_L001_",247,409839,1659.27,1091184475,0.375590938,0.170066569,185574,0.172520783,188252,6654
"311",314,"LIMS26076p3","155-7931_GCCGTGAACA-GCACCACCAT_L001_",240,396166,1650.69,1091184475,0.363060517,0.162011103,176784,0.148471687,162010,7069
"312",315,"LIMS26076p3","156-7656_AGGAGACCAC-TACCACGTAG_L001_",252,397861,1578.81,1091184475,0.364613875,0.150101109,163788,0.158404013,172848,6878
"313",316,"LIMS26076p3","157-8062_GAAGCAAGCG-TCACCGACTA_L001_",252,453322,1798.9,1091184475,0.415440295,0.205248521,223964,0.183685715,200435,6668
"314",317,"LIMS26076p3","158-8070_AACGCGACTG-GACCTACGAG_L001_",228,485472,2129.26,1091184475,0.444903691,0.243079888,265245,0.184844089,201699,6759
"315",318,"LIMS26076p3","159-7473_TTCGCGGACT-AGAGAGTGGT_L001_",235,441376,1878.2,1091184475,0.404492558,0.200571035,218860,0.157444505,171801,6786
"316",319,"LIMS26076p3","160-7723_TCGTGACGAC-GTGACTAACT_L001_",231,435781,1886.5,1091184475,0.399365103,0.183449274,200177,0.169928187,185423,6902
"317",321,"LIMS26076p3","162-7922_GCGGAGTCAA-CTCTATAGCT_L001_",207,489256,2363.56,1091184475,0.448371482,0.267217878,291584,0.159983948,174572,6732
"318",322,"LIMS26076p3","163-7942_GATGCTAGAA-TGGATGCCAG_L001_",233,510848,2192.48,1091184475,0.468159153,0.261086926,284894,0.176948998,193084,6918
"319",323,"LIMS26076p3","164-8072_ACGATGGTTA-AATTGCTAGG_L001_",238,452920,1903.03,1091184475,0.415071888,0.207699069,226638,0.177351314,193523,7101
"320",324,"LIMS26076p3","165-7417_AGAGCAGTAT-CAAGAGGAGG_L001_",251,442516,1763.01,1091184475,0.405537295,0.19908641,217240,0.165116902,180173,6761
"321",325,"LIMS26076p3","166-8089_TTGTGATCCT-ATGAAGGCAT_L001_",263,388139,1475.81,1091184475,0.355704291,0.117977302,128735,0.165813393,180933,6843
"322",326,"LIMS26076p3","167-7707_GCTACAGGTC-TTATGCAGGA_L001_",246,544668,2214.1,1091184475,0.499152996,0.281015728,306640,0.194981696,212761,6834
"323",327,"LIMS26076p3","168-7695_GCCAAGTAAC-TGCGTGATGA_L001_",231,428860,1856.54,1091184475,0.393022454,0.190904476,208312,0.174576347,190495,6733
"324",328,"LIMS26076p3","169-7959_TTGTGAAGGC-TCGTCAGTAC_L001_",234,502510,2147.48,1091184475,0.460517916,0.262380932,286306,0.182689549,199348,6896
"325",329,"LIMS26076p3","170-7421_GTCGACTCCT-TGCCGTTAGC_L001_",244,472986,1938.47,1091184475,0.433461079,0.233713919,255025,0.188203741,205365,6765
"326",330,"LIMS26076p3","171-7941_CTGAGCTTGT-CTTCTTGCGT_L001_",254,495853,1952.18,1091184475,0.454417206,0.224113343,244549,0.168753317,184141,6881
"327",331,"LIMS26076p3","172-8066_CCTCTGTCAT-CGTATCGATT_L001_",237,446457,1883.79,1091184475,0.409148966,0.208067476,227040,0.172821374,188580,6739
"328",332,"LIMS26076p3","173-8071_GCAGATGTAA-TACACGCCTC_L001_",234,462645,1977.12,1091184475,0.423984221,0.207068562,225950,0.161960699,176729,6920
"329",333,"LIMS26076p3","174-7746_CTCATCATCT-TAAGCCTCTA_L001_",234,439604,1878.65,1091184475,0.402868635,0.201553454,219932,0.167394244,182658,6773
"330",334,"LIMS26076p3","175-7718_CGAGTTCGCA-CCGGATTATG_L001_",210,436960,2080.76,1091184475,0.40044558,0.219053703,239028,0.170184789,185703,6840
"331",335,"LIMS26076p3","176-7708_TCCTACGTGC-TAGGTGCTAT_L001_",251,490803,1955.39,1091184475,0.449789207,0.22037337,240468,0.190326205,207681,6699
"332",336,"LIMS26076p3","177-7561_CCACGATAAC-CATGCCTGAC_L001_",231,385388,1668.35,1091184475,0.353183177,0.149175509,162778,0.139198278,151891,6754
"333",337,"LIMS26076p3","178-7976_CTTGCGAAGA-AATGACGCGG_L001_",230,474393,2062.58,1091184475,0.434750504,0.248101954,270725,0.183239411,199948,7088
"334",338,"LIMS26076p3","179-8060_TGGCACGAAC-CCTGACTCTT_L001_",228,461094,2022.34,1091184475,0.42256283,0.227374019,248107,0.182481519,199121,7100
"335",339,"LIMS26076p3","180-8097_AACGACATCT-GTCTTGGAAT_L001_",245,456604,1863.69,1091184475,0.418448036,0.200334595,218602,0.170521121,186070,7070
"336",340,"LIMS26076p3","181-7368_GCGAGATGGA-ACACTCTACT_L001_",250,419040,1676.16,1091184475,0.384023059,0.160332193,174952,0.177265169,193429,6729
"337",341,"LIMS26076p3","182-8082_GTCATCGCGT-CCGACAAGGA_L001_",202,570813,2825.81,1091184475,0.523113198,0.365515648,398845,0.202127143,220558,6901
"338",342,"LIMS26076p3","183-7413_AGTGGTAGCA-TGGTGTTGAC_L001_",223,467052,2094.4,1091184475,0.428022952,0.244993405,267333,0.181123361,197639,6757
"339",343,"LIMS26076p3","184-7690_TATCCAGTTC-TGAGCTACGT_L001_",208,516777,2484.5,1091184475,0.473592698,0.315316986,344069,0.185491092,202405,6895
"340",344,"LIMS26076p3","185-7627_AGTCGACGTA-CCATGGAACA_L001_",218,430858,1976.42,1091184475,0.394853492,0.223276637,243636,0.163720255,178649,6742
"341",345,"LIMS26076p3","186-7385_TTCGTTCACA-CTGATTAGTG_L001_",230,429514,1867.45,1091184475,0.393621803,0.204472301,223117,0.176975575,193113,6709
"342",346,"LIMS26076p3","187-7336_GACAATGCGG-TTGTTGAGTG_L001_",235,470366,2001.56,1091184475,0.431060019,0.244891681,267222,0.165006013,180052,6706
"343",347,"LIMS26076p3","188-8059_AAGTGGCATT-AGAACAATCG_L001_",254,375840,1479.68,1091184475,0.344433053,0.109496609,119481,0.153018123,166971,7090
"344",348,"LIMS26076p3","189-8069_GCAACCTGAG-GTTCATTGCG_L001_",246,435981,1772.28,1091184475,0.39954839,0.199314603,217489,0.148117027,161623,6914
"345",349,"LIMS26076p3","95-6482_GCGCGGTTAA-AAGCTATAGC_L001_",227,404584,1782.31,1091184475,0.37077507,0.176848191,192974,0.16975773,185237,6570
"346",350,"LIMS26076p3","96-7767_TTCCTTGAGG-TAAGACAGCA_L001_",237,425023,1793.35,1091184475,0.389506092,0.174436133,190342,0.158919966,173411,6835
"347",351,"LIMS26076p3","97-7399_GAGTCGCTTC-AGCGAAGATT_L001_",233,438156,1880.5,1091184475,0.401541637,0.182687716,199346,0.180635818,197107,6751
"348",352,"LIMS26076p3","98-7337_GTACGCTCAA-ATTGATGGCG_L001_",227,456717,2011.97,1091184475,0.418551593,0.23645681,258018,0.182238663,198856,6707
"349",354,"LIMS26076p4","485_TATCACTCTC-ACCTTGTTCT_L001_",225,469200,2085.33,1091184475,0.429991455,0.243451961,265651,0.170751146,186321,853
"350",357,"LIMS26076p4","494_CCAAGACACT-ACCGACATGG_L001_",234,437102,1867.96,1091184475,0.400575714,0.20101459,219344,0.173130212,188917,6692
"351",358,"LIMS26076p4","497_AACAACCTCA-TTGGACTAAG_L001_",236,445916,1889.48,1091184475,0.408653175,0.199501555,217693,0.174889768,190837,6897
"352",359,"LIMS26076p4","498_TATGGTGATG-TTCAAGTAGC_L001_",242,380503,1572.33,1091184475,0.348706391,0.147287653,160718,0.145921248,159227,1535
"353",360,"LIMS26076p4","501_AGAGACTTAC-TAAGAGTTGG_L001_",206,436559,2119.22,1091184475,0.400078089,0.212231759,231584,0.160184647,174791,1158
"354",361,"LIMS26076p4","502_GTGTACGTCG-TCCTAGCAGG_L001_",187,644471,3446.37,1091184475,0.590615991,0.448757301,489677,0.203323091,221863,1433
"355",362,"LIMS26076p4","510_ACCAGACGGT-CGTCTTCATC_L001_",245,420040,1714.45,1091184475,0.384939494,0.200195297,218450,0.164448821,179444,6676
"356",363,"LIMS26076p4","515_GTTATTAGGC-CTCGATGAAC_L001_",232,441225,1901.83,1091184475,0.404354177,0.198191969,216264,0.158770587,173248,6670
"357",364,"LIMS26076p4","516_TATCGTTGTG-TGTGTCCGCA_L001_",240,412235,1717.65,1091184475,0.377786717,0.178232924,194485,0.150950645,164715,6731
"358",365,"LIMS26076p4","523_GTTGGACGGT-AGGACACTGT_L001_",232,435241,1876.04,1091184475,0.398870228,0.185726616,202662,0.175255426,191236,1544
"359",366,"LIMS26076p4","524_AGGTGGCTAC-CCACGTAACG_L001_",221,492873,2230.2,1091184475,0.451686228,0.263784911,287838,0.183608734,200351,1427
"360",367,"LIMS26076p4","525_GAGAGCTAAC-CAATACTTGC_L001_",223,476792,2138.08,1091184475,0.436949032,0.25376919,276909,0.171737231,187397,667
"361",368,"LIMS26076p4","526_GAATGTCCAA-GAATACCGTA_L001_",228,422666,1853.8,1091184475,0.387346053,0.182188259,198801,0.16576024,180875,826
"362",369,"LIMS26076p4","527_TGTGAAGCTA-ACGCGATTCA_L001_",259,406853,1570.86,1091184475,0.372854462,0.15967236,174232,0.152689123,166612,609
"363",372,"LIMS26076p4","531_GCGCTTCTAC-GTCCTTGGCT_L001_",220,412778,1876.27,1091184475,0.378284341,0.187646548,204757,0.157180572,171513,216
"364",373,"LIMS26076p4","533_CTCTCATGCG-ACGTCGGTTG_L001_",237,430389,1815.99,1091184475,0.394423683,0.191982204,209488,0.159969285,174556,607
"365",374,"LIMS26076p4","536_TCACCAGGAC-TCCTTGTCTC_L001_",218,458882,2104.96,1091184475,0.420535675,0.230530223,251551,0.160381681,175006,671
"366",375,"LIMS26076p4","537_AATCTCAGGC-TCTCTAACTC_L001_",240,458977,1912.41,1091184475,0.420622737,0.209917759,229059,0.186292057,203279,6904
"367",376,"LIMS26076p4","539_CCGGTTCATG-AGACGTCTTG_L001_",233,402723,1728.42,1091184475,0.369069584,0.159808909,174381,0.153082273,167041,838
"368",377,"LIMS26076p4","541_AGAGGAATCG-CCAGACTATC_L001_",216,394857,1828.04,1091184475,0.361860903,0.174969498,190924,0.140741555,153575,831
"369",378,"LIMS26076p4","543_TTCAGGTCGT-TTGGTTGGTT_L001_",142,100145,705.25,1091184475,0.091776416,0,0,0.145289824,158538,1513
"370",379,"LIMS26076p4","544_CTATACACCA-CCAACTACGG_L001_",227,434343,1913.4,1091184475,0.398047269,0.209633664,228749,0.181560501,198116,1560
"371",380,"LIMS26076p4","545_GTGTTATCTC-ACACCAGACT_L001_",229,448694,1959.36,1091184475,0.411199032,0.218958394,238924,0.164715503,179735,863
"372",381,"LIMS26076p4","546_CGCTTAAGTA-ATTACTGCAC_L001_",239,430636,1801.83,1091184475,0.394650043,0.179694639,196080,0.1577286,172111,1568
"373",382,"LIMS26076p4","547_CACGGTTGGT-CTAGCTGAAT_L001_",227,472879,2083.17,1091184475,0.43336302,0.266369259,290658,0.186927146,203972,1222
"374",383,"LIMS26076p4","549_CAACCGATTA-TGCTGAGTTA_L001_",207,422884,2042.92,1091184475,0.387545836,0.220210244,240290,0.157408764,171762,1205
"375",384,"LIMS26076p4","550_GAGCTCCACA-CAGAACAGAA_L001_",240,384908,1603.78,1091184475,0.352743288,0.156019448,170246,0.155954382,170175,1174
"376",385,"LIMS26076p4","551_TAATCTACGG-CTGGCACTTA_L001_",238,439691,1847.44,1091184475,0.402948365,0.21198707,231317,0.178458367,194731,1286
"377",387,"LIMS26076p4","553_ATGGTTGACT-TGGCACAAGC_L001_",231,464346,2010.15,1091184475,0.425543078,0.237642677,259312,0.170774974,186347,605
"378",388,"LIMS26076p4","554_ACAACCAACT-ACAAGATGGT_L001_",229,466082,2035.29,1091184475,0.42713401,0.239426977,261259,0.181433117,197977,1305
"379",389,"LIMS26076p4","555_AACCGCATGC-TCCTTCCAGC_L001_",240,187785,782.438,1091184475,0.172092808,0.008206083,8954.35,0.157020196,171338,1183
"380",390,"LIMS26076p4","556_AGGTAAGATG-AACGTGACTA_L001_",236,418620,1773.81,1091184475,0.383638156,0.16877073,184160,0.14812894,161636,531
"381",391,"LIMS26076p4","557_AAGCTAGCTG-GCACTGACGA_L001_",344,440137,1279.47,1091184475,0.403357095,0.082693167,90233.5,0.161573963,176307,1270
"382",392,"LIMS26076p4","561_ACACCTACAT-CTGACGTCGT_L001_",239,418674,1751.77,1091184475,0.383687644,0.188040615,205187,0.155640044,169832,1210
"383",393,"LIMS26076p4","562_ACTGGCCGAA-TGCAAGGTTA_L001_",248,429443,1731.62,1091184475,0.393556736,0.184020213,200800,0.174548854,190465,630
"384",394,"LIMS26076p4","563_AGAGACAATG-GAGGTATATC_L001_",222,467363,2105.24,1091184475,0.428307963,0.22178468,242008,0.164657768,179672,1291
"385",395,"LIMS26076p4","565_CTCACTTGGC-CGATCGCTGT_L001_",231,458114,1983.18,1091184475,0.419831853,0.219138015,239120,0.159318616,173846,1293
"386",396,"LIMS26076p4","567_ACGCTCATAA-ACTATTGGTG_L001_",233,566755,2432.42,1091184475,0.519394303,0.296845316,323913,0.199433739,217619,1302
"387",397,"LIMS26076p4","568_CTCTGGAGCT-AGTTGACGAA_L001_",234,427999,1829.06,1091184475,0.392233403,0.188564816,205759,0.157661701,172038,543
"388",398,"LIMS26076p4","569_CTCAAGGCTC-TAAGAACACG_L001_",223,405048,1816.36,1091184475,0.371200296,0.182777527,199444,0.140979828,153835,208
"389",399,"LIMS26076p4","571_GTACACTAGT-ACCGAGATCA_L001_",226,460284,2036.65,1091184475,0.421820518,0.22635311,246993,0.173105469,188890,1275
"390",400,"LIMS26076p4","572_TTCAGAGGTC-CTGGAGCATC_L001_",221,436456,1974.92,1091184475,0.399983697,0.223498414,243878,0.17670431,192817,1169
"391",402,"LIMS26076p5","377_repeat-3250_221014_L003_",240,428243,1784.35,1091184475,0.392457013,0.188011289,205155,0.164839222,179870,4914
"392",403,"LIMS26076p5","380_repeat-7987_221014_L003_",239,452943,1895.16,1091184475,0.415092966,0.204689496,223354,0.153481839,167477,7093
"393",404,"LIMS26076p5","383-2060_221014_L003_",237,396759,1674.09,1091184475,0.363603963,0.164243539,179220,0.169332504,184773,549
"394",405,"LIMS26076p5","384-2380_221014_L003_",229,474287,2071.12,1091184475,0.434653361,0.249507765,272259,0.163173143,178052,1057
"395",406,"LIMS26076p5","385-1999_221014_L003_",261,426296,1633.32,1091184475,0.390672714,0.163824728,178763,0.153860327,167890,293
"396",407,"LIMS26076p5","386-2246_221014_L003_",230,486990,2117.35,1091184475,0.446294839,0.25339895,276505,0.185673463,202604,867
"397",408,"LIMS26076p5","387-2033_221014_L003_",276,398512,1443.89,1091184475,0.365210475,0.122718938,133909,0.16661619,181809,21
"398",409,"LIMS26076p5","388-6460_221014_L003_",281,481777,1714.51,1091184475,0.441517462,0.182377045,199007,0.18584392,202790,6557
"399",410,"LIMS26076p5","389-2209_221014_L003_",245,413631,1688.29,1091184475,0.37906606,0.153441516,167433,0.183110193,199807,919
"400",411,"LIMS26076p5","390-2395_221014_L003_",254,429991,1692.88,1091184475,0.394058942,0.183953314,200727,0.177932334,194157,1050
"401",412,"LIMS26076p5","391-2221_221014_L003_",253,420052,1660.28,1091184475,0.384950492,0.146560919,159925,0.148320475,161845,852
"402",413,"LIMS26076p5","392-2161_221014_L003_",246,362618,1474.06,1091184475,0.332315945,0.121911559,133028,0.150483263,164205,468
"403",414,"LIMS26076p5","393-2329_221014_L003_",231,379217,1641.63,1091184475,0.347527855,0.153221571,167193,0.130655268,142569,217
"404",415,"LIMS26076p5","394-2108_221014_L003_",206,502250,2438.11,1091184475,0.460279642,0.288984134,315335,0.167022171,182252,526
"405",416,"LIMS26076p5","395-2939_221014_L003_",238,495301,2081.1,1091184475,0.453911333,0.25623715,279602,0.191005284,208422,3692
"406",417,"LIMS26076p5","396-3681_221014_L003_",247,448147,1814.36,1091184475,0.410697742,0.185317886,202216,0.175380978,191373,5273
"407",418,"LIMS26076p5","397-2006_221014_L003_",227,407078,1793.3,1091184475,0.37306066,0.189426265,206699,0.15790089,172299,473
"408",419,"LIMS26076p5","398-2588_221014_L003_",246,372786,1515.39,1091184475,0.341634259,0.128868219,140619,0.145209177,158450,1245
"409",420,"LIMS26076p5","399-2146_221014_L003_",245,458591,1871.8,1091184475,0.420268993,0.220987382,241138,0.185708287,202642,665
"410",421,"LIMS26076p5","400-2492_221014_L003_",215,443832,2064.33,1091184475,0.406743324,0.216388709,236120,0.182286318,198908,1151
"411",422,"LIMS26076p5","401-2233_221014_L003_",236,431443,1828.15,1091184475,0.395389606,0.192321285,209858,0.155410019,169581,857
"412",423,"LIMS26076p5","402-3565_221014_L003_",293,407127,1389.51,1091184475,0.373105565,0.100375328,109528,0.156698527,170987,5166
"413",424,"LIMS26076p5","403-2191_221014_L003_",246,528778,2149.5,1091184475,0.484590839,0.248478609,271136,0.165830805,180952,841
"414",425,"LIMS26076p5","404-6181_221014_L003_",211,586659,2780.37,1091184475,0.537635032,0.353504846,385739,0.212985985,232407,6231
"415",426,"LIMS26076p5","405-2261_221014_L003_",225,480467,2135.41,1091184475,0.440316932,0.244215351,266484,0.184065119,200849,877
"416",427,"LIMS26076p5","406-2465_221014_L003_",206,390429,1895.29,1091184475,0.357802928,0.18835037,205525,0.151318135,165116,1861
"417",428,"LIMS26076p5","407-2162_221014_L003_",288,345316,1199.01,1091184475,0.316459781,0.028899605,31534.8,0.124829489,136212,827
"418",429,"LIMS26076p5","408-2358_221014_L003_",279,416484,1492.78,1091184475,0.38168065,0.170992169,186584,0.155706028,169904,436
"419",430,"LIMS26076p5","409-2114_221014_L003_",242,415326,1716.22,1091184475,0.380619418,0.181880337,198465,0.149804184,163464,539
"420",431,"LIMS26076p5","410-2192_221014_L003_",252,440016,1746.1,1091184475,0.403246206,0.180790695,197276,0.163962193,178913,842
"421",432,"LIMS26076p5","411-2312_221014_L003_",241,407723,1691.8,1091184475,0.37365176,0.164925367,179964,0.136245523,148669,931
"422",433,"LIMS26076p5","412-2079_221014_L003_",244,430509,1764.38,1091184475,0.394533656,0.19515032,212945,0.148435946,161971,444
"423",434,"LIMS26076p5","413-2150_221014_L003_",244,398699,1634.01,1091184475,0.365381848,0.138599846,151238,0.154043614,168090,669
"424",435,"LIMS26076p5","414-6483_221014_L003_",246,429531,1746.06,1091184475,0.393637382,0.180544174,197007,0.167616021,182900,6382
"425",436,"LIMS26076p5","415-2265_221014_L003_",248,390872,1576.1,1091184475,0.358208909,0.141463706,154363,0.160824319,175489,474
"426",437,"LIMS26076p5","416-2730_221014_L003_",250,372464,1489.86,1091184475,0.341339167,0.113246663,123573,0.155661122,169855,1362
"427",438,"LIMS26076p5","417-2379_221014_L003_",206,588216,2855.42,1091184475,0.539061922,0.370850218,404666,0.1850622,201937,1056
"428",439,"LIMS26076p5","419-2609_221014_L003_",246,451834,1836.73,1091184475,0.414076639,0.190809166,208208,0.175533106,191539,1277
"429",440,"LIMS26076p5","420-2169_221014_L003_",224,418169,1866.83,1091184475,0.383224844,0.180738459,197219,0.161132241,175825,830
"430",441,"LIMS26076p5","421-2097_221014_L003_",231,376822,1631.26,1091184475,0.345332992,0.150396201,164110,0.142040144,154992,627
"431",442,"LIMS26076p5","422-2111_221014_L003_",240,477889,1991.2,1091184475,0.437954361,0.20723352,226130,0.179899004,196303,529
"432",443,"LIMS26076p5","423-2236_221014_L003_",220,408911,1858.69,1091184475,0.374740486,0.177694977,193898,0.153011708,166964,860
"433",444,"LIMS26076p5","424-2337_221014_L003_",247,430174,1741.6,1091184475,0.39422665,0.169250025,184683,0.168502214,183867,1023
"434",445,"LIMS26076p5","425-2467_221014_L003_",231,422607,1829.47,1091184475,0.387291984,0.192398265,209942,0.155386192,169555,1226
"435",446,"LIMS26076p5","426-2404_221014_L003_",202,476415,2358.49,1091184475,0.436603536,0.263918711,287984,0.155406353,169577,1162
"436",447,"LIMS26076p5","427-2202_221014_L003_",175,601098,3434.85,1091184475,0.550867442,0.411001082,448478,0.192733681,210308,844
"437",448,"LIMS26076p5","428-2374_221014_L003_",242,453696,1874.78,1091184475,0.415783042,0.200751573,219057,0.1525819,166495,1053
"438",449,"LIMS26076p5","429-630_221014_L003_",233,485219,2082.49,1091184475,0.444671832,0.238542617,260294,0.17234941,188065,3592
"439",450,"LIMS26076p5","430-2634_221014_L003_",242,432714,1788.07,1091184475,0.396554396,0.194036852,211730,0.152044868,165909,3863
"440",451,"LIMS26076p5","431-2219_221014_L003_",224,423204,1889.3,1091184475,0.387839096,0.209381645,228474,0.163021014,177886,331
"441",452,"LIMS26076p5","432-718_221014_L003_",219,490085,2237.83,1091184475,0.449131207,0.270347505,294999,0.188932307,206160,1420
"442",453,"LIMS26076p5","433-2082_221014_L003_",224,389963,1740.91,1091184475,0.357375869,0.168214453,183553,0.14930381,162918,600
"443",454,"LIMS26076p5","434-2310_221014_L003_",244,447539,1834.18,1091184475,0.410140549,0.183492347,200224,0.178847852,195156,940
"444",455,"LIMS26076p5","435-2330_221014_L003_",226,465780,2060.97,1091184475,0.426857246,0.236393576,257949,0.18498522,201853,1016
"445",456,"LIMS26076p5","436-2128_221014_L003_",237,394810,1665.86,1091184475,0.361817831,0.151534414,165352,0.140979828,153835,631
"446",457,"LIMS26076p5","437-2630_221014_L003_",230,469477,2041.2,1091184475,0.430245308,0.232882712,254118,0.158324283,172761,1292
"447",458,"LIMS26076p5","438-2177_221014_L003_",226,403068,1783.49,1091184475,0.369385754,0.177955244,194182,0.131239954,143207,799
"448",459,"LIMS26076p5","439-7287_221014_L003_",242,468707,1936.81,1091184475,0.429539652,0.234885123,256303,0.161370514,176085,6673
"449",460,"LIMS26076p5","440-2375_221014_L003_",228,422167,1851.61,1091184475,0.386888752,0.180342558,196787,0.173647082,189481,1054
"450",461,"LIMS26076p5","441-2317_221014_L003_",236,407362,1726.11,1091184475,0.373320927,0.154841829,168961,0.147224419,160649,945
"451",462,"LIMS26076p5","442-2581_221014_L003_",220,398634,1811.97,1091184475,0.36532228,0.155881067,170095,0.158279378,172712,1211
"452",463,"LIMS26076p5","443-2326_221014_L003_",254,399343,1572.22,1091184475,0.365972032,0.129879047,141722,0.171472381,187108,914
"453",464,"LIMS26076p5","444-3646_221014_L003_",243,395713,1628.45,1091184475,0.362645372,0.131006263,142952,0.160481572,175115,5248
"454",465,"LIMS26076p5","445-2655_221014_L003_",229,470772,2055.77,1091184475,0.431432091,0.225536567,246102,0.163545215,178458,1227
"455",466,"LIMS26076p5","446-2755_221014_L003_",232,443767,1912.79,1091184475,0.406683755,0.21588192,235567,0.170026246,185530,502
"456",467,"LIMS26076p5","447-2051_221014_L003_",226,383535,1697.06,1091184475,0.351485023,0.141620417,154534,0.145219258,158461,678
"457",468,"LIMS26076p5","448-2059_221014_L003_",288,454744,1578.97,1091184475,0.416743466,0.160300118,174917,0.14991324,163583,548
"458",469,"LIMS26076p5","449-2053_221014_L003_",239,385787,1614.17,1091184475,0.353548835,0.152659797,166580,0.149916906,163587,598
"459",470,"LIMS26076p5","450-2178_221014_L003_",223,439838,1972.37,1091184475,0.403083081,0.216477603,236217,0.17422352,190110,836
"460",471,"LIMS26076p5","451-2319_221014_L003_",245,495340,2021.79,1091184475,0.453947074,0.239417812,261249,0.194180732,211887,603
"461",472,"LIMS26076p5","452-2316_221014_L003_",258,421707,1634.52,1091184475,0.386467192,0.146458279,159813,0.173180616,188972,944
"462",473,"LIMS26076p5","453-2141_221014_L003_",227,486062,2141.24,1091184475,0.445444387,0.22102129,241175,0.176339569,192419,640
"463",474,"LIMS26076p5","455-2354_221014_L003_",217,454662,2095.22,1091184475,0.416668318,0.225341366,245889,0.179178686,195517,1038
"464",475,"LIMS26076p5","456-2167_221014_L003_",296,357552,1207.95,1091184475,0.327673284,0.056143394,61262.8,0.154233316,168297,918
"465",476,"LIMS26076p5","457-2638_221014_L003_",246,467646,1901,1091184475,0.428567314,0.218050206,237933,0.171641005,187292,1298
"466",477,"LIMS26076p5","458-2200_221014_L003_",231,391779,1696.01,1091184475,0.359040116,0.163224463,178108,0.136809131,149284,843
"467",478,"LIMS26076p5","459-2058_221014_L003_",238,417369,1753.65,1091184475,0.382491696,0.169260106,184694,0.140016655,152784,560
"468",479,"LIMS26076p5","460-1988_221014_L003_",239,451402,1888.71,1091184475,0.413680739,0.186588065,203602,0.173276842,189077,430
"469",480,"LIMS26076p5","461-2635_221014_L003_",224,412531,1841.66,1091184475,0.378057981,0.187035286,204090,0.155424682,169597,1296
"470",481,"LIMS26076p5","462-2323_221014_L003_",226,434639,1923.18,1091184475,0.398318534,0.18883883,206058,0.161048846,175734,885
"471",482,"LIMS26076p5","463-2290_221014_L003_",225,435858,1937.15,1091184475,0.399435668,0.20628226,225092,0.162291532,177090,926
"472",483,"LIMS26076p5","464-2749_221014_L003_",210,382200,1820,1091184475,0.350261582,0.17130559,186926,0.15490323,169028,3946
"473",484,"LIMS26076p5","465-2430_221014_L003_",236,429851,1821.4,1091184475,0.393930641,0.207610175,226541,0.160740007,175397,1208
"474",485,"LIMS26076p5","466-7226_221014_L003_",235,372376,1584.58,1091184475,0.341258521,0.120327042,131299,0.140617836,153440,6375
"475",486,"LIMS26076p5","467-2376_221014_L003_",236,380477,1612.19,1091184475,0.348682564,0.146867925,160260,0.141577344,154487,1055
"476",487,"LIMS26076p5","468-2643_221014_L003_",240,434719,1811.33,1091184475,0.398391848,0.202009839,220430,0.169288516,184725,1301
"477",488,"LIMS26076p5","469-2359_221014_L003_",180,557130,3095.16,1091184475,0.510573613,0.358153923,390812,0.176984739,193123,1035
"478",489,"LIMS26076p5","470-2486_221014_L003_",242,485279,2005.28,1091184475,0.444726819,0.245628495,268026,0.184051372,200834,1243
"479",490,"LIMS26076p5","471-2070_221014_L003_",226,550130,2434.2,1091184475,0.504158566,0.316748458,345631,0.178558259,194840,558
"480",493,"LIMS26076p5","473_repeat-2014_repeat_221014_L003_",227,430969,1898.54,1091184475,0.394955216,0.196192307,214082,0.165511886,180604,479
"481",495,"LIMS26076p5","475-2100_221014_L002_",232,425283,1833.12,1091184475,0.389744365,0.188773763,205987,0.165806061,180925,512
"482",497,"LIMS26076p5","476-2072_221014_L003_",207,397001,1917.88,1091184475,0.363825741,0.182701463,199361,0.156639875,170923,562
"483",498,"LIMS26076p5","477-2175_221014_L003_",257,421583,1640.4,1091184475,0.386353554,0.144028809,157162,0.152210743,166090,835
"484",499,"LIMS26076p5","478-3246_221014_L003_",225,434317,1930.3,1091184475,0.398023441,0.207375568,226285,0.169420482,184869,4913
"485",504,"LIMS26076p5","566-2584_221014_L002_",230,488816,2125.29,1091184475,0.44796825,0.23887345,260655,0.168607604,183982,525
"486",505,"LIMS26076p6","287-2037_CAACCATACA-ACCGGTTATA_L003_",220,430777,1958.08,1091184475,0.39477926,0.208682405,227711,0.166702335,181903,594
"487",507,"LIMS26076p6","288_repeat-2040_repeat_GCGCGGTTAA-AAGCTATAGC_L003_",260,436897,1680.37,1091184475,0.400387845,0.17102791,186623,0.168958599,184365,29
"488",508,"LIMS26076p6","289-6454_CGGATTGATC-AGTCACAACA_L003_",252,449773,1784.81,1091184475,0.412187866,0.185908987,202861,0.182880168,199556,6552
"489",510,"LIMS26076p6","290_repeat-6202_repeat_TTCCTTGAGG-TAAGACAGCA_L003_",225,445384,1979.48,1091184475,0.408165631,0.229468991,250393,0.178085378,194324,6313
"490",511,"LIMS26076p6","291-6225_ACAAGAACCT-CGATACTGAA_L003_",208,557589,2680.71,1091184475,0.510994257,0.342913603,374182,0.185359125,202261,6315
"491",512,"LIMS26076p6","293-2001_ACTTAGATCG-CGGAATTCTT_L003_",230,430955,1873.72,1091184475,0.394942386,0.200780899,219089,0.166905784,182125,471
"492",513,"LIMS26076p6","294-1990_GATCAACAAG-AAGCACTGTC_L003_",234,421599,1801.71,1091184475,0.386368217,0.180075876,196496,0.168434398,183793,461
"493",514,"LIMS26076p6","295-6221_ACCTTCGGAC-GACCGTAGAT_L003_",237,428360,1807.43,1091184475,0.392564236,0.197488147,215496,0.15622473,170470,6229
"494",515,"LIMS26076p6","296-2122_TATCATGTCG-TAATCTGCAC_L003_",217,379465,1748.69,1091184475,0.347755131,0.166797644,182007,0.163955778,178906,545
"495",516,"LIMS26076p6","297-6476_CGTCTAGTAA-TTAATCCAGC_L003_",234,407688,1742.26,1091184475,0.373619685,0.167582113,182863,0.151751609,165589,6568
"496",517,"LIMS26076p6","298-701_TCTTAGGTGG-GATCACTGGT_L003_",222,414885,1868.85,1091184475,0.38021527,0.180017224,196432,0.171016913,186611,523
"497",518,"LIMS26076p6","299-1976_TCGACGTTGG-GATAAGTGTG_L003_",243,498463,2051.29,1091184475,0.456809102,0.254218243,277399,0.18159166,198150,452
"498",519,"LIMS26076p6","300-7436_AAGAGTACGA-GCAAGGACGT_L003_",223,507016,2273.61,1091184475,0.464647373,0.258762846,282358,0.185379287,202283,6563
"499",520,"LIMS26076p6","301-2008_CACGAGAAGT-GTCTGCGTAG_L003_",222,388246,1748.86,1091184475,0.35580235,0.172149627,187847,0.154419352,168500,475
"500",521,"LIMS26076p6","302-1966_GACAATTAGC-CCGGTCATGA_L003_",222,422535,1903.31,1091184475,0.387226,0.198349596,216436,0.163130987,178006,448
"501",522,"LIMS26076p6","303-1973_TTCTACCGGC-TACTCGTAAG_L003_",225,451424,2006.33,1091184475,0.413700901,0.201640515,220027,0.159662279,174221,451
"502",523,"LIMS26076p6","304-2462_GTGAGAGTAT-ATCTGTGAGG_L003_",208,396672,1907.08,1091184475,0.363524234,0.180643149,197115,0.165622774,180725,1228
"503",524,"LIMS26076p6","305-880_CTGGAGAATA-TCCATACAAC_L003_",271,402889,1486.67,1091184475,0.369221712,0.129079916,140850,0.163475566,178382,848
"504",525,"LIMS26076p6","306-7231_TGACAAGAGG-AATCTGTTGG_L003_",227,453582,1998.16,1091184475,0.415678568,0.215442031,235087,0.155651041,169844,6556
"505",526,"LIMS26076p6","307-7439_TGTTCGCTCT-ACTTGCGTGT_L003_",239,458907,1920.11,1091184475,0.420558586,0.22340952,243781,0.159335112,173864,6272
"506",527,"LIMS26076p6","308-2440_AGGTATTCGG-AGATGTGCGC_L003_",221,445332,2015.08,1091184475,0.408117977,0.218890578,238850,0.171169957,186778,1233
"507",528,"LIMS26076p6","309-2028_ACGGCCTACA-TCTCACTCTA_L003_",212,419547,1979,1091184475,0.384487692,0.201456312,219826,0.150196418,163892,506
"508",529,"LIMS26076p6","310-6180_CACGTAAGAG-TCAATCCGCG_L003_",231,428832,1856.42,1091184475,0.392996794,0.194221971,211932,0.170193954,185713,6311
"509",530,"LIMS26076p6","311-150_AATCGAACTC-ACGAACCTTA_L003_",236,448186,1899.09,1091184475,0.410733483,0.215587745,235246,0.172296256,188007,1797
"510",531,"LIMS26076p6","312-2318_AGGCTGGAGA-CAACTGTCAT_L003_",255,418150,1639.8,1091184475,0.383207432,0.17227976,187989,0.160525561,175163,946
"511",532,"LIMS26076p6","313-4741_TAAGCCACGC-TTACGAACGA_L003_",230,334268,1453.34,1091184475,0.306335004,0.108204435,118071,0.132397412,144470,5620
"512",533,"LIMS26076p6","314-7579_TCAATCAGAG-GACTCTGGTT_L003_",223,487185,2184.68,1091184475,0.446473544,0.257423017,280896,0.178528017,194807,6845
"513",534,"LIMS26076p6","315-2438_AACATAAGGC-GTTAGCTTAG_L003_",226,487059,2155.13,1091184475,0.446358073,0.248479525,271137,0.167209124,182456,1214
"514",535,"LIMS26076p6","316-2381_TTGCAATGCG-CGAGACTTCA_L003_",229,482466,2106.84,1091184475,0.442148886,0.244500363,266795,0.155567646,169753,1058
"515",536,"LIMS26076p6","317-2307_AACCGGCCTT-TGTTCAGATC_L003_",222,479776,2161.15,1091184475,0.439683675,0.24880486,271492,0.164677013,179693,25
"516",537,"LIMS26076p6","318-7418_CATTATCGCT-CGAGTTGCTT_L003_",239,480143,2008.96,1091184475,0.440020007,0.253111189,276191,0.188663791,205867,6762
"517",538,"LIMS26076p6","319-7382_CATTGAGCTA-ACTTCACATC_L003_",236,412779,1749.06,1091184475,0.378285257,0.178715886,195012,0.157230976,171568,6261
"518",539,"LIMS26076p6","320-7933_CTTCGGAATC-CGTCGGTAAG_L003_",250,418603,1674.41,1091184475,0.383622577,0.163303276,178194,0.178626075,194914,7071
"519",540,"LIMS26076p6","321-1989_AACCACACTA-CCTCTGCTGA_L003_",200,407424,2037.12,1091184475,0.373377746,0.208340574,227338,0.143025312,156067,460
"520",541,"LIMS26076p6","322-2484_GTACAGCGGA-CAATCTGTGT_L003_",235,418204,1779.59,1091184475,0.383256919,0.171861866,187533,0.152749607,166678,1030
"521",542,"LIMS26076p6","323-2155_ACTTCAACAG-GCGTGAGCAT_L003_",192,402732,2097.56,1091184475,0.369077832,0.224753014,245247,0.160191062,174798,1686
"522",543,"LIMS26076p6","324-7967_TGGACAATAG-GAGTCCTGTG_L003_",242,397697,1643.37,1091184475,0.36446358,0.139908515,152666,0.162364847,177170,7079
"523",544,"LIMS26076p6","325-7972_TCACACGGAT-CTTCTGATCG_L003_",242,401560,1659.34,1091184475,0.368003769,0.142972159,156009,0.157482996,171843,7084
"524",545,"LIMS26076p6","326-1047_AGGATACGGT-AACCACGTCA_L003_",243,420664,1731.13,1091184475,0.38551135,0.190008202,207334,0.181560501,198116,1683
"525",546,"LIMS26076p6","327-1981_GCTACAGGTC-TTATGCAGGA_L003_",217,389196,1793.53,1091184475,0.356672963,0.178036807,194271,0.145613325,158891,464
"526",547,"LIMS26076p6","329-6165_TTGTGAAGGC-TCGTCAGTAC_L003_",239,419463,1755.07,1091184475,0.384410711,0.181337807,197873,0.17269124,188438,6268
"527",548,"LIMS26076p6","330-2525_GTCGACTCCT-TGCCGTTAGC_L003_",218,398985,1830.21,1091184475,0.365643949,0.162678268,177512,0.163296861,178187,297
"528",549,"LIMS26076p6","331-7438_CTGAGCTTGT-CTTCTTGCGT_L003_",229,387234,1690.98,1091184475,0.354874917,0.159874892,174453,0.145044219,158270,6249
"529",550,"LIMS26076p6","332-7991_CCTCTGTCAT-CGTATCGATT_L003_",245,447486,1826.47,1091184475,0.410091978,0.214784947,234370,0.179972319,196383,7074
"530",551,"LIMS26076p6","333-5693_GCAGATGTAA-TACACGCCTC_L003_",257,455766,1773.41,1091184475,0.417680063,0.184022963,200803,0.178538097,194818,6038
"531",552,"LIMS26076p6","334-6201_CTCATCATCT-TAAGCCTCTA_L003_",238,443662,1864.13,1091184475,0.40658753,0.191982204,209488,0.15897037,173466,6273
"532",553,"LIMS26076p6","335-224_CGAGTTCGCA-CCGGATTATG_L003_",232,441726,1903.99,1091184475,0.404813311,0.210160615,229324,0.178322735,194583,335
"533",554,"LIMS26076p6","336-7607_TCCTACGTGC-TAGGTGCTAT_L003_",255,417731,1638.16,1091184475,0.382823445,0.148436863,161972,0.183197255,199902,6378
"534",555,"LIMS26076p6","337-2424_CCACGATAAC-CATGCCTGAC_L003_",211,436575,2069.08,1091184475,0.400092752,0.220452183,240554,0.182069123,198671,1212
"535",556,"LIMS26076p6","338-2389_CTTGCGAAGA-AATGACGCGG_L003_",243,505974,2082.2,1091184475,0.463692448,0.252467852,275489,0.182896664,199574,1046
"536",557,"LIMS26076p6","339-6474_TGGCACGAAC-CCTGACTCTT_L003_",230,436994,1899.98,1091184475,0.400476739,0.202069407,220495,0.171207531,186819,6566
"537",558,"LIMS26076p6","340-2792_AACGACATCT-GTCTTGGAAT_L003_",241,475129,1971.49,1091184475,0.435425,0.237712326,259388,0.178362142,194626,3613
"538",559,"LIMS26076p6","341-7662_GCGAGATGGA-ACACTCTACT_L003_",229,462992,2021.8,1091184475,0.424302224,0.22789822,248679,0.173630586,189463,6274
"539",560,"LIMS26076p6","342-5702_GTCATCGCGT-CCGACAAGGA_L003_",202,553355,2739.38,1091184475,0.50711407,0.320750531,349998,0.186769519,203800,6043
"540",561,"LIMS26076p6","343-2527_AGTGGTAGCA-TGGTGTTGAC_L003_",229,416077,1816.93,1091184475,0.381307661,0.180512099,196972,0.164169308,179139,1179
"541",562,"LIMS26076p6","344-2461_TATCCAGTTC-TGAGCTACGT_L003_",222,446533,2011.41,1091184475,0.409218615,0.222131093,242386,0.159981198,174569,1238
"542",563,"LIMS26076p6","345-2084_AGTCGACGTA-CCATGGAACA_L003_",238,465058,1954.02,1091184475,0.42619558,0.199332931,217509,0.163271201,178159,601
"543",564,"LIMS26076p6","346-6159_TTCGTTCACA-CTGATTAGTG_L003_",213,566264,2658.52,1091184475,0.518944333,0.321427777,350737,0.199501555,217693,6306
"544",565,"LIMS26076p6","347-6215_GACAATGCGG-TTGTTGAGTG_L003_",221,407430,1843.58,1091184475,0.373383245,0.189766263,207070,0.154471589,168557,6307
"545",566,"LIMS26076p6","348-5684_AAGTGGCATT-AGAACAATCG_L003_",238,452345,1900.61,1091184475,0.414544938,0.189586642,206874,0.173676408,189513,6037
"546",567,"LIMS26076p6","349-7996_GCAACCTGAG-GTTCATTGCG_L003_",237,394658,1665.22,1091184475,0.361678533,0.151237489,165028,0.144456784,157629,7096
"547",568,"LIMS26076p6","350-6163_AGAACCGGAC-TCCTACCATA_L003_",233,433110,1858.84,1091184475,0.396917304,0.197442325,215446,0.162545384,177367,6310
"548",569,"LIMS26076p6","351-2301_CACACTGTTG-TGCATTGGTT_L003_",253,395119,1561.74,1091184475,0.36210101,0.161907545,176671,0.142732053,155747,937
"549",570,"LIMS26076p6","352-1965_CTCATTCTGC-TTGAAGCGGT_L003_",237,437799,1847.25,1091184475,0.401214469,0.218810848,238763,0.177022313,193164,447
"550",571,"LIMS26076p6","353-2335_AACAGTGACT-ATCGCAGTGT_L003_",235,497105,2115.34,1091184475,0.455564583,0.243529858,265736,0.171365158,186991,1021
"551",572,"LIMS26076p6","354-7988_CCACTTGGAT-AATCTCGGTT_L003_",259,451861,1744.64,1091184475,0.414101383,0.19923304,217400,0.172730647,188481,6645
"552",573,"LIMS26076p6","355-6472_TCAGACTGGT-TCGATTACGC_L003_",219,389470,1778.4,1091184475,0.356924066,0.175265507,191247,0.160127828,174729,6564
"553",575,"LIMS26076p6","356-7982_GCATAGCCAA-TGGTTCCTGG_L003_",226,420660,1861.33,1091184475,0.385507684,0.186878575,203919,0.174747721,190682,7091
"554",576,"LIMS26076p6","357-7754_ACGTGCATCG-CAGTCAGTTG_L003_",217,480464,2214.12,1091184475,0.440314182,0.271032082,295746,0.179937494,196345,6917
"555",577,"LIMS26076p6","358-6224_GCGATGCAGA-TCTTCGTGTA_L003_",238,432168,1815.83,1091184475,0.396054022,0.192440421,209988,0.168173214,183508,6300
"556",578,"LIMS26076p6","359-7949_GTGCTATCGA-TTAAGCACCG_L003_",207,564890,2728.94,1091184475,0.517685151,0.303894536,331605,0.183607818,200350,6764
"557",579,"LIMS26076p6","360-6203_AGAACCTACA-AGTGTACGGT_L003_",200,381524,1907.62,1091184475,0.349642071,0.144233174,157385,0.135700244,148074,6239
"558",580,"LIMS26076p6","361-7965_ATGGTGTATC-GCAATTGTGG_L003_",252,408176,1619.75,1091184475,0.374066906,0.162380426,177187,0.164201383,179174,7077
"559",581,"LIMS26076p6","362-1984_CTCAGAATTC-ACAGAGACCG_L003_",219,429930,1963.15,1091184475,0.39400304,0.203866537,222456,0.152981465,166931,22
"560",582,"LIMS26076p6","363-6164_TATGATGCAG-AGGCCAGTTG_L003_",246,437190,1777.19,1091184475,0.40065636,0.193980949,211669,0.169792555,185275,6284
"561",583,"LIMS26076p6","364-7993_GTGGAGGTAG-ATCGCGTCAC_L003_",250,429985,1719.94,1091184475,0.394053444,0.183176177,199879,0.153440599,167432,6926
"562",584,"LIMS26076p6","365-6179_AGAGGCACGA-ACGTGGAATT_L003_",242,458407,1894.24,1091184475,0.420100368,0.223496582,243876,0.177747214,193955,6281
"563",585,"LIMS26076p6","366-6453_TTGGCTCCAA-GTCTGATCCG_L003_",219,461861,2108.95,1091184475,0.423265736,0.236446729,258007,0.164038258,178996,6374
"564",586,"LIMS26076p6","367-4576_TTAAGTGCGT-ACCTGTCGCT_L003_",226,420857,1862.2,1091184475,0.385688222,0.182482435,199122,0.180485522,196943,5527
"565",587,"LIMS26076p6","368-5672_TCGGAGACCT-AAGGTTACTC_L003_",257,401696,1563.02,1091184475,0.368128405,0.162260373,177056,0.156215566,170460,6032
"566",589,"LIMS26076p6","369-7621_TCCAGCGAAG-GTTCTATGTC_L003_",228,492925,2161.95,1091184475,0.451733883,0.267102407,291458,0.183834177,200597,6857
"567",590,"LIMS26076p6","370-5695_GTACTAAGAG-CGCTCTAGAT_L003_",243,447534,1841.71,1091184475,0.410135967,0.18544527,202355,0.179500354,195868,6041
"568",592,"LIMS26076p6","371_repeat-7948_repeat_TAGAAGATCG-CGACCAGTGT_L003_",238,469576,1973.01,1091184475,0.430336035,0.223082353,243424,0.172535446,188268,6921
"569",593,"LIMS26076p6","372-2586_ATACACAGAG-AGTCAGAAGG_L003_",230,450097,1956.95,1091184475,0.412484791,0.218106109,237994,0.160134243,174736,1217
"570",594,"LIMS26076p6","373-7313_AGGTCTATGG-CCGTGAGAAC_L003_",226,445607,1971.71,1091184475,0.408369996,0.239153879,260961,0.170765809,186337,6693
"571",596,"LIMS26076p6","374-3206_ACCTCATTGA-TATCCGATCT_L003_",185,580158,3135.99,1091184475,0.531677286,0.361448508,394407,0.163557129,178471,4891
"572",597,"LIMS26076p6","375-3247_CGTGGCAGAA-TCTTCCGATG_L003_",219,477188,2178.94,1091184475,0.43731194,0.258736269,282329,0.182133273,198741,4916
"573",598,"LIMS26076p6","376-6228_CAACAGGTAG-GACGATAGTG_L003_",238,389316,1635.78,1091184475,0.356782935,0.141560848,154469,0.144718884,157915,6297
"574",600,"LIMS26076p6","378-2020_TAAGGCGATC-GTTAGCACAA_L003_",227,341941,1506.35,1091184475,0.313366812,0.116098609,126685,0.120459009,131443,670
"575",602,"LIMS26076p6","381-2000_ACGACAATGA-AACGCGGTAG_L003_",233,402039,1725.49,1091184475,0.368442742,0.170746564,186316,0.165257117,180326,470
"576",604,"LIMS26076p7","479-2505_221118_L001_",228,404477,1774.02,1091184475,0.370677011,0.185917235,202870,0.161724258,176471,1167
"577",605,"LIMS26076p7","480-2293_221118_L001_",234,422956,1807.51,1091184475,0.38761182,0.17868656,194980,0.157990701,172397,928
"578",606,"LIMS26076p7","481-2789_221118_L002_",246,412316,1676.08,1091184475,0.377860948,0.171793133,187458,0.156088181,170321,4262
"579",607,"LIMS26076p7","482-5615_221118_L002_",225,437602,1944.9,1091184475,0.401033931,0.19631236,214213,0.169458973,184911,6013
"580",608,"LIMS26076p7","483-2063_221118_L001_",206,424010,2058.3,1091184475,0.388577743,0.229779662,250732,0.146432619,159785,552
"581",609,"LIMS26076p7","484-2047_221118_L001_",226,404480,1789.74,1091184475,0.370679761,0.164849303,179881,0.161446578,176168,675
"582",610,"LIMS26076p7","488-2262_221118_L002_",258,444352,1722.29,1091184475,0.40721987,0.173714898,189555,0.18048094,196938,878
"583",611,"LIMS26076p7","492-2181_221118_L001_",214,467048,2182.47,1091184475,0.428019286,0.241728146,263770,0.182713377,199374,839
"584",612,"LIMS26076p7","493-2258_221118_L001_",239,481539,2014.81,1091184475,0.44129935,0.242091971,264167,0.18800854,205152,874
"585",613,"LIMS26076p7","496-7338_221118_L002_",250,440228,1760.91,1091184475,0.403440491,0.190361029,207719,0.172144128,187841,6708
"586",614,"LIMS26076p7","499-2620_221118_L002_",230,413882,1799.49,1091184475,0.379296086,0.167482222,182754,0.158448919,172897,1290
"587",615,"LIMS26076p7","500-2343_221118_L002_",231,422663,1829.71,1091184475,0.387343304,0.200060581,218303,0.16935175,184794,1026
"588",616,"LIMS26076p7","513-2642_221118_L002_",237,435709,1838.43,1091184475,0.399299119,0.197248041,215234,0.171359659,186985,1300
"589",618,"LIMS26076p7","529-1027_221118_L001_",230,388708,1690.04,1091184475,0.356225743,0.138433971,151057,0.154922475,169049,1425
"590",619,"LIMS26076p7","552-2027_221118_L002_",235,387077,1647.14,1091184475,0.354731037,0.134853458,147150,0.159409343,173945,505
"591",620,"LIMS26076p7","559-2068_221118_L002_",260,419806,1614.64,1091184475,0.384725048,0.147562583,161018,0.159076677,173582,556
"592",621,"LIMS26076raw","10_CTGGACCATC-CGATGTTGAT_L001_",249,408743,1641.54,1091184475,0.374586524,0.151078029,164854,0.169848458,185336,5762
"593",622,"LIMS26076raw","11_GTTGCGTGCT-CCTCATCGTT_L001_",265,429786,1621.83,1091184475,0.393871073,0.152036621,165900,0.160976447,175655,5833
"594",623,"LIMS26076raw","12_CCGTAACCAC-CAATGGTGGA_L001_",264,474891,1798.83,1091184475,0.435206888,0.187824336,204951,0.162288783,177087,5535
"595",624,"LIMS26076raw","13_AGCGAAGCTG-CACGACAATT_L001_",265,422819,1595.54,1091184475,0.387486268,0.137725567,150284,0.163070502,177940,6044
"596",625,"LIMS26076raw","14_CTACGTACGG-GTGCTAGATC_L001_",249,482003,1935.76,1091184475,0.441724576,0.220552075,240663,0.181577913,198135,5609
"597",626,"LIMS26076raw","15_AAGCGGTGAA-AACCTAGACG_L001_",271,478463,1765.55,1091184475,0.438480395,0.230203972,251195,0.180600993,197069,5763
"598",627,"LIMS26076raw","16_ATAGCTCTAG-CGCTGTAGGA_L001_",265,398273,1502.92,1091184475,0.364991447,0.119349205,130232,0.156993619,171309,6163
"599",628,"LIMS26076raw","17_TCAACGCGTA-TTAGCATCGA_L001_",245,458193,1870.17,1091184475,0.419904251,0.209489784,228592,0.167557369,182836,5752
"600",629,"LIMS26076raw","18_GACCATCTAC-TCGTCACTGG_L001_",273,442280,1620.07,1091184475,0.405321016,0.165989348,181125,0.169010836,184422,5634
"601",630,"LIMS26076raw","19_TCAATGAGGT-ACGTACAAGA_L001_",240,388883,1620.35,1091184475,0.356386119,0.140078972,152852,0.153672458,167685,6034
"602",631,"LIMS26076raw","1_ACCTTGTGTC-TGCGGTCCTT_L001_",242,466464,1927.54,1091184475,0.427484088,0.241635586,263669,0.190194238,207537,5751
"603",632,"LIMS26076raw","20_TAGGCCTCCT-GTGGTCAATT_L001_",253,453446,1792.28,1091184475,0.415553933,0.204527287,223177,0.176082051,192138,6141
"604",633,"LIMS26076raw","21_GAGGAATTAC-TGGCAGTGTC_L001_",280,443076,1582.41,1091184475,0.406050498,0.159876725,174455,0.182302814,198926,6155
"605",634,"LIMS26076raw","22_AACACGGTGA-TAACCGCCAC_L001_",234,480126,2051.82,1091184475,0.440004427,0.237090983,258710,0.183521673,200256,6137
"606",635,"LIMS26076raw","23_GCATTCTCGC-TTCGCGCCTA_L001_",241,440210,1826.6,1091184475,0.403423995,0.185761441,202700,0.177975406,194204,6182
"607",636,"LIMS26076raw","24_AGCACCTATT-GCGATAGGCA_L001_",238,423991,1781.47,1091184475,0.38856033,0.17876354,195064,0.167320013,182577,5544
"608",637,"LIMS26076raw","25_GTTGGAATCT-TGACCGCTTC_L001_",261,387877,1486.12,1091184475,0.355464185,0.120036532,130982,0.136177707,148595,5531
"609",638,"LIMS26076raw","26_CTGCAGATCG-GTGGACTGTC_L001_",224,432818,1932.22,1091184475,0.396649705,0.212314238,231674,0.169147385,184571,5824
"610",639,"LIMS26076raw","27_AACCGTTATG-TAGAGTGTCT_L001_",267,356577,1335.49,1091184475,0.326779759,0.109748629,119756,0.130324435,142208,5622
"611",640,"LIMS26076raw","28_CCACATCATA-TTGTGCTTGG_L001_",274,384004,1401.47,1091184475,0.351914831,0.115829177,126391,0.150226661,163925,5755
"612",641,"LIMS26076raw","29_ACAACGAATC-GACTGTACGG_L001_",245,392539,1602.2,1091184475,0.359736606,0.143221429,156281,0.139661078,152396,5846
"613",642,"LIMS26076raw","2_AGCACAGCAT-CTATCGCGCT_L001_",233,523857,2248.31,1091184475,0.480081061,0.268764821,293272,0.171235941,186850,5565
"614",643,"LIMS26076raw","30_AACAAGTGAG-AGTTACGCAT_L001_",242,444438,1836.52,1091184475,0.407298683,0.188872738,206095,0.159214142,173732,5774
"615",644,"LIMS26076raw","31_GCCAGGTTCT-AGCGCACATA_L001_",257,494486,1924.07,1091184475,0.453164439,0.206612177,225452,0.186560572,203572,5908
"616",645,"LIMS26076raw","32_CTTCTCAGAG-TGACGCTTAG_L001_",239,392042,1640.34,1091184475,0.359281138,0.138565938,151201,0.149914156,163584,5902
"617",646,"LIMS26076raw","33_GACATAACCT-ATCCTAACAG_L001_",261,418261,1602.53,1091184475,0.383309156,0.151992632,165852,0.166605193,181797,6185
"618",647,"LIMS26076raw","34_AATCCATTGC-TCCGATGGTT_L001_",232,429680,1852.07,1091184475,0.393773931,0.184256654,201058,0.167638016,182924,6028
"619",648,"LIMS26076raw","35_CGCAATTCTA-ATAGGTTGGA_L001_",236,393008,1665.29,1091184475,0.360166415,0.143939914,157065,0.163613948,178533,5835
"620",649,"LIMS26076raw","36_TGTCTGCCAT-TCAAGATGCG_L001_",239,405691,1697.45,1091184475,0.371789564,0.151668214,165498,0.156230229,170476,6017
"621",650,"LIMS26076raw","37_ATACGATCAC-ACATCGGTGT_L001_",266,434500,1633.46,1091184475,0.398191149,0.15131447,165112,0.163297778,178188,6009
"622",651,"LIMS26076raw","38_GCCTTAACGA-GATGTCGGTC_L001_",245,433575,1769.69,1091184475,0.397343446,0.201262944,219615,0.158142829,172563,6024
"623",652,"LIMS26076raw","39_CTTCCAGTTG-ACTCATAGTG_L001_",238,489178,2055.37,1091184475,0.4483,0.233438072,254724,0.180935492,197434,6047
"624",653,"LIMS26076raw","3_TAGGACAGCT-GTGATTGTTC_L001_",239,452999,1895.39,1091184475,0.415144286,0.201264777,219617,0.185955725,202912,5761
"625",654,"LIMS26076raw","40_ATGAGGCTGC-CTGCTCCTCT_L001_",244,476459,1952.7,1091184475,0.436643859,0.211401468,230678,0.175023568,190983,5584
"626",655,"LIMS26076raw","41_ACGGAGAGGT-GTCAGTAGCT_L001_",257,450615,1753.37,1091184475,0.412959504,0.192230558,209759,0.167358503,182619,5820
"627",656,"LIMS26076raw","42_CGACGTACAC-TTATCGACCT_L001_",229,458281,2001.23,1091184475,0.419984898,0.227419841,248157,0.175194025,191169,5682
"628",657,"LIMS26076raw","43_ACTGTCGACG-TTGTAGGAAG_L001_",233,426018,1828.4,1091184475,0.390417945,0.19919455,217358,0.1727169,188466,5556
"629",658,"LIMS26076raw","44_CAAGAGGCTT-TTGCTACGCT_L001_",238,431766,1814.14,1091184475,0.395685615,0.16481906,179848,0.154568731,168663,6169
"630",659,"LIMS26076raw","45_GCAATGATGC-CTCCGTTGAG_L001_",249,416119,1671.16,1091184475,0.381346151,0.143666817,156767,0.166313767,181479,6167
"631",660,"LIMS26076raw","46_AAGAGAGAAG-GTCAGCTCGT_L001_",230,445157,1935.47,1091184475,0.4079576,0.20706123,225942,0.162982524,177844,6186
"632",661,"LIMS26076raw","47_TGCTCATTCA-ACGTCATCGG_L001_",230,406955,1769.37,1091184475,0.372947938,0.167740656,183036,0.150858085,164614,5756
"633",662,"LIMS26076raw","48_CTTGGAGCGA-GAGAACCATA_L001_",244,453322,1857.88,1091184475,0.415440295,0.193536478,211184,0.177851687,194069,5901
"634",663,"LIMS26076raw","49_CTTGGTATCA-AGCCTATACA_L001_",262,455795,1739.67,1091184475,0.417706639,0.194856145,212624,0.154151753,168208,5847
"635",664,"LIMS26076raw","4_ATCGGTTCCA-CTTGGTGGAG_L001_",241,454966,1887.82,1091184475,0.416946914,0.20572965,224489,0.16573183,180844,5643
"636",665,"LIMS26076raw","50_TTAACCTGCG-ACATCAGTAG_L001_",264,376285,1425.32,1091184475,0.344840867,0.110900588,121013,0.168449977,183810,6138
"637",666,"LIMS26076raw","51_ATGATACCTG-TATGAGACTC_L001_",242,433959,1793.22,1091184475,0.397695358,0.196641361,214572,0.153986795,168028,5855
"638",667,"LIMS26076raw","52_CATAGTGTCT-TAATGCACAG_L001_",245,462820,1889.06,1091184475,0.424144598,0.223711944,244111,0.179051301,195378,5780
"639",668,"LIMS26076raw","53_TTGGCACTTA-TACGACGCAC_L001_",264,464404,1759.11,1091184475,0.425596231,0.203925189,222520,0.182071872,198674,6179
"640",669,"LIMS26076raw","54_AGCGTGACCT-ACTCGGATGG_L001_",261,475836,1823.13,1091184475,0.43607292,0.22433512,244791,0.178505106,194782,5823
"641",670,"LIMS26076raw","55_CTAGCAGTTA-CCAGCTCTGT_L001_",243,460047,1893.2,1091184475,0.421603322,0.21423417,233769,0.192665864,210234,5679
"642",671,"LIMS26076raw","56_AATAGCCATC-AACGTCGTTA_L001_",249,415145,1667.25,1091184475,0.380453543,0.157431675,171787,0.155744518,169946,5759
"643",672,"LIMS26076raw","57_TCGAGCGTTA-TGTCGTGCTT_L001_",246,403753,1641.27,1091184475,0.370013512,0.130119153,141984,0.158644119,173110,6184
"644",673,"LIMS26076raw","58_TACCACGGCT-AGATCCAGCA_L001_",252,426299,1691.66,1091184475,0.390675463,0.174295002,190188,0.174870523,190816,6180
"645",674,"LIMS26076raw","59_TCTAGGAAGT-TTACGTCCTA_L001_",248,416378,1678.95,1091184475,0.381583508,0.164182138,179153,0.141768879,154696,6022
"646",675,"LIMS26076raw","5_CGTACGCATT-ACGCGCAACA_L001_",240,495061,2062.75,1091184475,0.453691389,0.263189228,287188,0.184516921,201342,5683
"647",677,"LIMS26076raw","61_CAGCACTACG-TTCTGTGGCG_L001_",270,425748,1576.85,1091184475,0.390170507,0.130746912,142669,0.15907576,173581,5830
"648",678,"LIMS26076raw","62_ATTCTTGCCT-GTAGCTGCAC_L001_",233,502687,2157.45,1091184475,0.460680125,0.266927368,291267,0.180813606,197301,5548
"649",679,"LIMS26076raw","63_GTAGATCCGG-TTGTTCGGAG_L001_",247,421328,1705.78,1091184475,0.386119863,0.180582665,197049,0.164171141,179141,6187
"650",680,"LIMS26076raw","64_GTCAACGTAA-TGAGTTGACT_L001_",236,393190,1666.06,1091184475,0.360333206,0.163859553,178801,0.148944568,162526,1527
"651",681,"LIMS26076raw","65_AATGGACCTT-TCGTTGGATA_L001_",273,458888,1680.91,1091184475,0.420541174,0.178166025,194412,0.185017295,201888,5591
"652",682,"LIMS26076raw","66_GCACTTACAA-AACCAGTTAG_L001_",234,430610,1840.22,1091184475,0.394626216,0.183112026,199809,0.163838475,178778,6015
"653",683,"LIMS26076raw","67_ACTTGAAGTG-CACCACATTA_L001_",249,468405,1881.14,1091184475,0.429262889,0.212862266,232272,0.155632713,169824,1044
"654",684,"LIMS26076raw","68_ATAGGTCGTC-GATATGTGCA_L001_",248,415516,1675.47,1091184475,0.380793541,0.158566222,173025,0.16656487,181753,635
"655",685,"LIMS26076raw","69_ATCTCGCATT-AAGAAGATGC_L001_",265,388073,1464.43,1091184475,0.355643806,0.121083101,132124,0.145044219,158270,1216
"656",686,"LIMS26076raw","6_ACCAAGACTC-AGTGTTCGTG_L001_",272,471364,1732.96,1091184475,0.431974621,0.183446525,200174,0.176249758,192321,5649
"657",687,"LIMS26076raw","70_GCGGTTGATA-GCTGTATCTT_L001_",234,405673,1733.65,1091184475,0.371773068,0.145934078,159241,0.159548641,174097,1403
"658",688,"LIMS26076raw","71_TCCTCTCGAA-ACATGACTGA_L001_",265,396422,1495.93,1091184475,0.363295125,0.109514021,119500,0.160669441,175320,824
"659",689,"LIMS26076raw","72_AGTTGCATCT-ACCTGCCAAT_L001_",236,350161,1483.73,1091184475,0.32089991,0.118692121,129515,0.135591189,147955,168
"660",690,"LIMS26076raw","73_CCGGATCCAA-GCAGTGAAGT_L001_",252,479144,1901.36,1091184475,0.439104488,0.224011618,244438,0.163405001,178305,553
"661",691,"LIMS26076raw","74_GCAGTTAGAC-TCAATGCGTC_L001_",279,408824,1465.32,1091184475,0.374660756,0.121964712,133086,0.141086135,153951,1428
"662",692,"LIMS26076raw","75_TAGCTTCGTA-ACGTTGAGGT_L001_",236,446674,1892.69,1091184475,0.409347833,0.178238423,194491,0.164182138,179153,794
"663",693,"LIMS26076raw","76_CGTCGAGCAT-CAGTGTCATC_L001_",260,391496,1505.75,1091184475,0.358780764,0.134181711,146417,0.16096545,175643,541
"664",694,"LIMS26076raw","77_GAGTCGCTTC-AGCGAAGATT_L001_",244,408564,1674.44,1091184475,0.374422483,0.17435457,190253,0.146344641,159689,834
"665",695,"LIMS26076raw","78_GAAGGAGCCT-ATAATGGAGG_L001_",218,428478,1965.49,1091184475,0.392672376,0.190393105,207754,0.144873762,158084,4804
"666",696,"LIMS26076raw","79_CCAACCGTTC-CATCTCTTGC_L001_",248,432530,1744.07,1091184475,0.396385772,0.17566324,191681,0.170939932,186527,636
"667",697,"LIMS26076raw","7_CGGAGATACG-CAGACCTACG_L001_",273,451488,1653.8,1091184475,0.413759552,0.176036229,192088,0.169446142,184897,5764
"668",698,"LIMS26076raw","80_AATACGAGGT-GCTGCGCTAT_L001_",242,471615,1948.82,1091184475,0.432204646,0.229570715,250504,0.17583278,191866,6033
"669",699,"LIMS26076raw","81_GCCGTCATAA-CTGCACTCAC_L001_",241,389127,1614.63,1091184475,0.356609729,0.129938616,141787,0.155961713,170183,1059
"670",700,"LIMS26076raw","82_GTGAATGGTT-TTGTAGAGCT_L001_",249,387704,1557.05,1091184475,0.355305642,0.149486181,163117,0.143415713,156493,1502
"671",701,"LIMS26076raw","83_TTCGGAATGA-GTAAGGTAGT_L001_",235,383327,1631.18,1091184475,0.351294404,0.167396993,182661,0.139737142,152479,555
"672",702,"LIMS26076raw","84_TGCTCGTGAG-GTGGCGTGTT_L001_",243,365147,1502.66,1091184475,0.33463361,0.120998789,132032,0.148878584,162454,1571
"673",703,"LIMS26076raw","86_CAACAGTAAC-CAATCCTAGA_L001_",267,412719,1545.77,1091184475,0.378230271,0.143922502,157046,0.155057191,169196,1034
"674",704,"LIMS26076raw","87_TGCTCCTAAC-CGGCTAGGAA_L001_",248,451808,1821.81,1091184475,0.414052812,0.201627685,220013,0.170584355,186139,6012
"675",705,"LIMS26076raw","88_AACATCTCGA-GTCTTGCAGG_L001_",250,468654,1874.61,1091184475,0.429491081,0.212359143,231723,0.164655019,179669,5906
"676",706,"LIMS26076raw","89_CGGCTAACCA-CTACCACTAT_L001_",223,450749,2021.3,1091184475,0.413082307,0.208595343,227616,0.186550491,203561,6011
"677",707,"LIMS26076raw","8_ACATACTAGC-TGGAACCACG_L001_",299,398656,1333.3,1091184475,0.365342441,0.103172289,112580,0.144991982,158213,5630
"678",708,"LIMS26076raw","90_TGTCTTCATC-ATTCACGCTA_L001_",267,419219,1570.11,1091184475,0.384187101,0.138415642,151037,0.171930599,187608,855
"679",709,"LIMS26076raw","91_TAGCCTCATG-ACCGGAAGGT_L001_",249,423964,1702.67,1091184475,0.388535587,0.157052271,171373,0.165471562,180560,5905
"680",710,"LIMS26076raw","92_ATCACAGTCT-GAACGTTGTT_L001_",238,441485,1854.98,1091184475,0.40459245,0.19473151,212488,0.15820423,172630,881
"681",711,"LIMS26076raw","93_ACACCGCTTA-TGCCTAGTAA_L001_",250,359101,1436.4,1091184475,0.329092842,0.106708813,116439,0.130560875,142466,6026
"682",712,"LIMS26076raw","94_CATTCGATTC-TGAGACACTC_L001_",254,422616,1663.84,1091184475,0.387300232,0.173969667,189833,0.171099392,186701,5075
"683",713,"LIMS26076raw","9_CCTTGCCGTA-CCATAGGAGT_L001_",239,412450,1725.73,1091184475,0.37798375,0.158771504,173249,0.158016361,172425,5536
"684",714,"LIMS26629","100-SW006-1974_ACAAGAACCT-CGATACTGAA_L002_",234,443103,1893.6,1091184475,0.406075242,0.209894848,229034,0.155663872,169858,1161
"685",715,"LIMS26629","101-SW008-3227_AGAGTATGTG-AGATGGCTTC_L002_",234,416606,1780.37,1091184475,0.381792455,0.176432129,192520,0.147644146,161107,1024
"686",716,"LIMS26629","103-SW008-2954_GATCAACAAG-AAGCACTGTC_L002_",239,418703,1751.89,1091184475,0.38371422,0.182526424,199170,0.148588991,162138,3695
"687",717,"LIMS26629","104-SW008-2671_ACCTTCGGAC-GACCGTAGAT_L002_",248,431117,1738.37,1091184475,0.395090848,0.183079951,199774,0.14817018,161681,507
"688",718,"LIMS26629","106-SW008-754_CGTCTAGTAA-TTAATCCAGC_L002_",234,412375,1762.29,1091184475,0.377915018,0.181146272,197664,0.158949292,173443,1489
"689",719,"LIMS26629","107-SW008-2731_TCTTAGGTGG-GATCACTGGT_L002_",237,443110,1869.66,1091184475,0.406081657,0.212407714,231776,0.187687788,204802,1363
"690",720,"LIMS26629","108-SW008-796_TCGACGTTGG-GATAAGTGTG_L002_",235,428258,1822.38,1091184475,0.39247076,0.205855202,224626,0.169530455,184989,1519
"691",721,"LIMS26629","109-SW008-2551_AAGAGTACGA-GCAAGGACGT_L002_",286,416143,1455.05,1091184475,0.381368146,0.138844534,151505,0.171057236,186655,1191
"692",722,"LIMS26629","110-SW008-2606_CACGAGAAGT-GTCTGCGTAG_L002_",297,285001,959.599,1091184475,0.261184984,0.02859993,31207.8,0.137470798,150006,1272
"693",723,"LIMS26629","111-SW008-2423_GACAATTAGC-CCGGTCATGA_L002_",145,164095,1131.69,1091184475,0.150382455,0.036067412,39356.2,0.091723262,100087,455
"694",724,"LIMS26629","112-SW008-2412_TTCTACCGGC-TACTCGTAAG_L002_",245,439106,1792.27,1091184475,0.40241225,0.217901744,237771,0.171507206,187146,221
"695",725,"LIMS26629","113-SW008-2709_GTGAGAGTAT-ATCTGTGAGG_L002_",247,410385,1661.48,1091184475,0.376091311,0.173553606,189379,0.145806693,159102,1390
"696",726,"LIMS26629","114-SW008-2684_CTGGAGAATA-TCCATACAAC_L002_",298,366709,1230.57,1091184475,0.336065082,0.092482987,100916,0.165024342,180072,1153
"697",727,"LIMS26629","116-SW008-945_TGTTCGCTCT-ACTTGCGTGT_L002_",241,406761,1687.81,1091184475,0.37277015,0.163479232,178386,0.147042964,160451,1619
"698",728,"LIMS26629","117-SW008-2575_AGGTATTCGG-AGATGTGCGC_L002_",206,477483,2317.88,1091184475,0.437582289,0.258295464,281848,0.182892998,199570,1195
"699",730,"LIMS26629","120-SW008-2626_AATCGAACTC-ACGAACCTTA_L002_",208,447122,2149.62,1091184475,0.409758396,0.240069398,261960,0.181340557,197876,1045
"700",731,"LIMS26629","123-SW008-2418_TCAATCAGAG-GACTCTGGTT_L002_",233,424358,1821.28,1091184475,0.388896662,0.196052093,213929,0.172584933,188322,850
"701",732,"LIMS26629","124-SW008-2497_AACATAAGGC-GTTAGCTTAG_L002_",223,405403,1817.95,1091184475,0.37152563,0.171260684,186877,0.164513888,179515,927
"702",733,"LIMS26629","125-SW008-836_TTGCAATGCG-CGAGACTTCA_L002_",242,460866,1904.41,1091184475,0.422353883,0.212804531,232209,0.169236279,184668,886
"703",734,"LIMS26629","126-SW008-2524_AACCGGCCTT-TGTTCAGATC_L002_",216,413876,1916.09,1091184475,0.379290587,0.184406033,201221,0.151746111,165583,1047
"704",735,"LIMS26629","127-SW008-2512_CATTATCGCT-CGAGTTGCTT_L002_",215,473640,2202.98,1091184475,0.434060428,0.252256155,275258,0.177391637,193567,1176
"705",736,"LIMS26629","128-SW008-625_CATTGAGCTA-ACTTCACATC_L002_",246,411564,1673.02,1091184475,0.377171788,0.148196757,161710,0.164976687,180020,3516
"706",738,"LIMS26629","130-SW008-608_AACCACACTA-CCTCTGCTGA_L002_",226,481265,2129.49,1091184475,0.441048247,0.253222994,276313,0.169644092,185113,3018
"707",739,"LIMS26629","131-SW008-2481_GTACAGCGGA-CAATCTGTGT_L002_",226,486075,2150.78,1091184475,0.445456301,0.25375636,276895,0.174260177,190150,1156
"708",740,"LIMS26629","132-SW008-1145_ACTTCAACAG-GCGTGAGCAT_L002_",228,437620,1919.39,1091184475,0.401050427,0.205227443,223941,0.157954043,172357,1754
"709",741,"LIMS26629","133-SW008-2705_TGGACAATAG-GAGTCCTGTG_L002_",311,414938,1334.21,1091184475,0.380263841,0.087992546,96016.1,0.152548908,166459,1152
"710",742,"LIMS26629","134-SW008-2621_TCACACGGAT-CTTCTGATCG_L002_",240,363372,1514.05,1091184475,0.333006937,0.131874127,143899,0.133768399,145966,1170
"711",743,"LIMS26629","135-SW008-2417_AGGATACGGT-AACCACGTCA_L002_",222,436008,1964,1091184475,0.399573134,0.212855851,232265,0.165523799,180617,608
"712",744,"LIMS26629","137-SW008-4155_GCCAAGTAAC-TGCGTGATGA_L002_",247,439026,1777.43,1091184475,0.402338935,0.191454337,208912,0.158020943,172430,5164
"713",745,"LIMS26629","138-SW008-877_TTGTGAAGGC-TCGTCAGTAC_L002_",238,430595,1809.22,1091184475,0.394612469,0.191722852,209205,0.15264605,166565,1576
"714",746,"LIMS26629","139-SW008-569_GTCGACTCCT-TGCCGTTAGC_L002_",230,409671,1781.18,1091184475,0.375436976,0.189611385,206901,0.169708243,185183,2976
"715",747,"LIMS26629","140-SW008-2580_CTGAGCTTGT-CTTCTTGCGT_L002_",230,410541,1784.96,1091184475,0.376234275,0.175505613,191509,0.163283115,178172,1197
"716",748,"LIMS26629","141-SW008-728_CCTCTGTCAT-CGTATCGATT_L002_",220,580961,2640.73,1091184475,0.532413183,0.348707307,380504,0.196739419,214679,450
"717",749,"LIMS26629","142-SW008-531_GCAGATGTAA-TACACGCCTC_L002_",242,450025,1859.61,1091184475,0.412418808,0.196983191,214945,0.175986741,192034,1501
"718",750,"LIMS26629","143-SW008-2751_CTCATCATCT-TAAGCCTCTA_L002_",280,470195,1679.27,1091184475,0.430903308,0.178966073,195285,0.179891672,196295,1408
"719",751,"LIMS26629","144-SW008-832_CGAGTTCGCA-CCGGATTATG_L002_",226,447222,1978.86,1091184475,0.409850039,0.230480735,251497,0.179858681,196259,869
"720",752,"LIMS26629","145-SW008-609_TCCTACGTGC-TAGGTGCTAT_L002_",236,460021,1949.24,1091184475,0.421579495,0.203235113,221767,0.167617854,182902,1831
"721",753,"LIMS26629","146-SW008-2622_CCACGATAAC-CATGCCTGAC_L002_",236,433141,1835.34,1091184475,0.396945714,0.198439407,216534,0.164831891,179862,917
"722",754,"LIMS26629","147-SW008-845_CTTGCGAAGA-AATGACGCGG_L002_",240,408526,1702.19,1091184475,0.374387658,0.1633436,178238,0.144872846,158083,1554
"723",755,"LIMS26629","148-SW008-650_TGGCACGAAC-CCTGACTCTT_L002_",242,501875,2073.86,1091184475,0.459935979,0.270067076,294693,0.177993735,194224,1709
"724",756,"LIMS26629","149-SW008-613_AACGACATCT-GTCTTGGAAT_L002_",238,385535,1619.9,1091184475,0.353317893,0.150719703,164463,0.142683482,155694,3517
"725",757,"LIMS26629","150-SW008-2619_GCGAGATGGA-ACACTCTACT_L002_",213,529469,2485.77,1091184475,0.485224096,0.305534039,333394,0.180585414,197052,1288
"726",758,"LIMS26629","152-SW008-2692_AGTGGTAGCA-TGGTGTTGAC_L002_",311,415306,1335.39,1091184475,0.380601089,0.103021994,112416,0.152515916,166423,1383
"727",759,"LIMS26629","153-SW008-2649_TATCCAGTTC-TGAGCTACGT_L002_",281,355532,1265.24,1091184475,0.325822084,0.072117228,78693.2,0.151742445,165579,467
"728",760,"LIMS26629","154-SW008-496_AGTCGACGTA-CCATGGAACA_L002_",227,455554,2006.85,1091184475,0.417485778,0.231697761,252825,0.171545696,187188,1543
"729",761,"LIMS26629","155-SW008-865_TTCGTTCACA-CTGATTAGTG_L002_",201,416560,2072.44,1091184475,0.381750299,0.203071071,221588,0.156408017,170670,663
"730",762,"LIMS26629","156-SW008-2523_GACAATGCGG-TTGTTGAGTG_L002_",210,480729,2289.18,1091184475,0.440557038,0.274583269,299621,0.172799379,188556,1160
"731",763,"LIMS26629","158-SW008-2680_GCAACCTGAG-GTTCATTGCG_L002_",219,437975,1999.89,1091184475,0.401375762,0.211219097,230479,0.182955316,199638,639
"732",764,"LIMS26629","160-SW008-730_CACACTGTTG-TGCATTGGTT_L002_",246,448209,1821.99,1091184475,0.410754561,0.181990309,198585,0.176422965,192510,832
"733",765,"LIMS26629","161-SW008-677_CTCATTCTGC-TTGAAGCGGT_L002_",234,361214,1543.65,1091184475,0.33102927,0.112160687,122388,0.135545367,147905,3005
"734",766,"LIMS26629","162-SW008-2702_AACAGTGACT-ATCGCAGTGT_L002_",241,422384,1752.63,1091184475,0.387087619,0.193252383,210874,0.163733085,178663,1386
"735",767,"LIMS26629","163-SW008-2726_CCACTTGGAT-AATCTCGGTT_L002_",253,388318,1534.85,1091184475,0.355868333,0.129213715,140996,0.158185902,172610,602
"736",768,"LIMS26629","164-SW008-663_TCAGACTGGT-TCGATTACGC_L002_",241,541956,2248.78,1091184475,0.496667624,0.294666033,321535,0.184259403,201061,3578
"737",769,"LIMS26629","165-SW008-661_GCATAGCCAA-TGGTTCCTGG_L002_",175,649771,3712.98,1091184475,0.595473098,0.434681771,474318,0.216419868,236154,3591
"738",770,"LIMS26629","166-SW008-568_ACGTGCATCG-CAGTCAGTTG_L002_",218,482720,2214.31,1091184475,0.442381661,0.255961303,279301,0.17467349,190601,1787
"739",771,"LIMS26629","167-SW008-2653_GCGATGCAGA-TCTTCGTGTA_L002_",237,379015,1599.22,1091184475,0.347342735,0.128066338,139744,0.139241351,151938,1029
"740",772,"LIMS26629","168-SW008-457_GTGCTATCGA-TTAAGCACCG_L002_",213,478031,2244.28,1091184475,0.438084495,0.25581559,279142,0.17076306,186334,3091
"741",773,"LIMS26629","169-SW008-3890_AGAACCTACA-AGTGTACGGT_L002_",209,427486,2045.39,1091184475,0.391763272,0.216285152,236007,0.183230246,199938,1244
"742",774,"LIMS26629","170-SW008-2410_ATGGTGTATC-GCAATTGTGG_L002_",238,474364,1993.13,1091184475,0.434723927,0.224523906,244997,0.182127774,198735,1202
"743",775,"LIMS26629","171-SW008-669_CTCAGAATTC-ACAGAGACCG_L002_",237,390784,1648.88,1091184475,0.358128262,0.149532919,163168,0.159322281,173850,912
"744",776,"LIMS26629","172-SW008-454_TATGATGCAG-AGGCCAGTTG_L002_",230,461563,2006.8,1091184475,0.422992638,0.219838172,239884,0.157044023,171364,3001
"745",777,"LIMS26629","173-SW008-2534_GTGGAGGTAG-ATCGCGTCAC_L002_",243,426365,1754.59,1091184475,0.390735948,0.184803766,201655,0.161423668,176143,1173
"746",778,"LIMS26629","174-SW008-495_AGAGGCACGA-ACGTGGAATT_L002_",236,420203,1780.52,1091184475,0.385088873,0.186312218,203301,0.15504986,169188,3460
"747",779,"LIMS26629","175-SW008-529_TTGGCTCCAA-GTCTGATCCG_L002_",239,474860,1986.86,1091184475,0.435178479,0.224791505,245289,0.168185127,183521,1857
"748",780,"LIMS26629","176-SW008-911_TTAAGTGCGT-ACCTGTCGCT_L002_",320,399663,1248.95,1091184475,0.366265292,0.085216297,92986.7,0.155405437,169576,1590
"749",781,"LIMS26629","177-SW008-4177_TCGGAGACCT-AAGGTTACTC_L002_",246,479798,1950.4,1091184475,0.439703837,0.235399244,256864,0.190975041,208389,1742
"750",782,"LIMS26629","178-SW008-2685_TCCAGCGAAG-GTTCTATGTC_L002_",288,351825,1221.61,1091184475,0.322424859,0.081016732,88404.2,0.143291078,156357,1355
"751",783,"LIMS26629","179-SW008-482_GTACTAAGAG-CGCTCTAGAT_L002_",247,422432,1710.25,1091184475,0.387131608,0.153642215,167652,0.160320279,174939,1722
"752",784,"LIMS26629","180-SW008-2686_GTCTTCTCGA-TGGTGCCAAC_L002_",238,476111,2000.47,1091184475,0.436324939,0.230266289,251263,0.168125559,183456,865
"753",785,"LIMS26629","181-SW008-439_ATACACAGAG-AGTCAGAAGG_L002_",233,445909,1913.77,1091184475,0.40864676,0.21128783,230554,0.162541719,177363,3019
"754",786,"LIMS26629","182-SW008-3994_AGGTCTATGG-CCGTGAGAAC_L002_",235,433433,1844.4,1091184475,0.397213313,0.197961944,216013,0.154151753,168208,1491
"755",787,"LIMS26629","183-SW008-759_ACCTCATTGA-TATCCGATCT_L002_",235,468434,1993.33,1091184475,0.429289465,0.228568135,249410,0.174446214,190353,1493
"756",788,"LIMS26629","184-SW008-467_CGTGGCAGAA-TCTTCCGATG_L002_",247,424669,1719.31,1091184475,0.389181673,0.173727728,189569,0.172401646,188122,1702
"757",789,"LIMS26629","185-SW008-481_CAACAGGTAG-GACGATAGTG_L002_",235,450010,1914.94,1091184475,0.412405061,0.204486047,223132,0.161893799,176656,1437
"758",790,"LIMS26629","186-SW008-492_TGATTCCACA-CTCTAGCCGT_L002_",248,431565,1740.18,1091184475,0.395501411,0.193409093,211045,0.182243245,198861,3464
"759",791,"LIMS26629","187-SW008-601_TAAGGCGATC-GTTAGCACAA_L002_",226,469802,2078.77,1091184475,0.430543149,0.22721181,247930,0.177199185,193357,3457
"760",792,"LIMS26629","188-SW008-475_AATCCAGGAT-CATGCAGAGT_L002_",240,406473,1693.64,1091184475,0.372506216,0.184406949,201222,0.161997356,176769,1040
"761",793,"LIMS26629","189-SW008-904_AAGGTACCGT-CTGATCTTGT_L002_",246,429120,1744.39,1091184475,0.393260727,0.16991994,185414,0.172107471,187801,1166
"762",794,"LIMS26629","190-SW008-491_ACGACAATGA-AACGCGGTAG_L002_",266,442334,1662.91,1091184475,0.405370503,0.179214427,195556,0.148343386,161870,3459
"763",795,"LIMS26629","97-SW006-2599_GTAGGCCGTT-GCCACTGTCT_L002_",256,425714,1662.94,1091184475,0.390139348,0.175032732,190993,0.156261387,170510,1130
"764",796,"LIMS26629","98-SW006-2539_CGGATTGATC-AGTCACAACA_L002_",212,426013,2009.5,1091184475,0.390413363,0.198220379,216295,0.164921701,179960,932
"765",797,"LIMS26629p2","10-264_221007_L004_",234,408366,1745.15,1091184475,0.374241028,0.177661985,193862,0.151405197,165211,1890
"766",798,"LIMS26629p2","11-1079_221007_L004_",246,365962,1487.65,1091184475,0.335380505,0.118842417,129679,0.141461873,154361,1043
"767",799,"LIMS26629p2","1-2691_221007_L004_",266,382192,1436.81,1091184475,0.35025425,0.110684309,120777,0.139839783,152591,915
"768",800,"LIMS26629p2","12-935_221007_L004_",220,420388,1910.86,1091184475,0.385258414,0.207155623,226045,0.142589089,155591,1610
"769",801,"LIMS26629p2","13-731_221007_L004_",238,395251,1660.72,1091184475,0.362221979,0.163256538,178143,0.154341455,168415,1434
"770",802,"LIMS26629p2","14-115_221007_L004_",223,436311,1956.55,1091184475,0.399850813,0.208703483,227734,0.16810723,183436,1540
"771",803,"LIMS26629p2","15-853_221007_L004_",238,424597,1784.02,1091184475,0.38911569,0.176307494,192384,0.181153604,197672,1558
"772",804,"LIMS26629p2","16-919_221007_L004_",223,454463,2037.95,1091184475,0.416485948,0.246403799,268872,0.163265703,178153,1416
"773",805,"LIMS26629p2","17-1092_221007_L004_",229,397660,1736.5,1091184475,0.364429672,0.169571694,185034,0.137655917,150208,1726
"774",806,"LIMS26629p2","18-860_221007_L004_",232,480222,2069.92,1091184475,0.440092405,0.257842745,281354,0.171828874,187497,1564
"775",807,"LIMS26629p2","19-1131_221007_L004_",218,410555,1883.28,1091184475,0.376247105,0.178975237,195295,0.1416195,154533,1699
"776",809,"LIMS26629p2","20-2666_221007_L004_",210,444739,2117.81,1091184475,0.40757453,0.22308052,243422,0.171030659,186626,557
"777",811,"LIMS26629p2","22-1029_221007_L004_",225,461457,2050.92,1091184475,0.422895496,0.247056301,269584,0.194198144,211906,1209
"778",812,"LIMS26629p2","2-2571_221007_L004_",212,454074,2141.86,1091184475,0.416129454,0.225652954,246229,0.163861386,178803,1194
"779",813,"LIMS26629p2","23-851_221007_L004_",248,406968,1641,1091184475,0.372959852,0.165893123,181020,0.13444931,146709,1556
"780",814,"LIMS26629p2","24-850_221007_L004_",240,460652,1919.38,1091184475,0.422157766,0.214077459,233598,0.166528212,181713,1555
"781",815,"LIMS26629p2","25-912_221007_L004_",227,410451,1808.15,1091184475,0.376151796,0.182695964,199355,0.160169984,174775,1591
"782",816,"LIMS26629p2","26-837_221007_L004_",241,355838,1476.51,1091184475,0.326102514,0.107651825,117468,0.14707504,160486,1551
"783",817,"LIMS26629p2","27-1002_221007_L004_",246,431009,1752.07,1091184475,0.394991873,0.18573578,202672,0.161434665,176155,1666
"784",818,"LIMS26629p2","279-890_221007_L002_",186,573453,3083.08,1091184475,0.525532587,0.350130531,382057,0.18304421,199735,1063
"785",819,"LIMS26629p2","286-4285_221007_L002_",241,409509,1699.21,1091184475,0.375288514,0.167494135,182767,0.156729686,171021,5320
"786",820,"LIMS26629p2","287-4122_221007_L002_",233,391830,1681.67,1091184475,0.359086854,0.165618192,180720,0.141566347,154475,5220
"787",821,"LIMS26629p2","28-831_221007_L004_",236,431388,1827.91,1091184475,0.395339202,0.192380853,209923,0.159800661,174372,1549
"788",822,"LIMS26629p2","29-2596_221007_L004_",217,437642,2016.78,1091184475,0.401070589,0.199076329,217229,0.172045153,187733,1248
"789",823,"LIMS26629p2","30-257_221007_L004_",236,392324,1662.39,1091184475,0.359539573,0.163404084,178304,0.156390605,170651,1788
"790",824,"LIMS26629p2","3-1024_221007_L004_",224,474067,2116.37,1091184475,0.434451746,0.254639803,277859,0.183685715,200435,1672
"791",825,"LIMS26629p2","31-921_221007_L004_",223,378564,1697.6,1091184475,0.346929423,0.147274823,160704,0.147191427,160613,1597
"792",826,"LIMS26629p2","32-2637_221007_L004_",243,375729,1546.21,1091184475,0.344331329,0.143050972,156095,0.135839543,148226,522
"793",827,"LIMS26629p2","33-835_221007_L004_",241,484538,2010.53,1091184475,0.44404774,0.241102221,263087,0.175715477,191738,1550
"794",828,"LIMS26629p2","34-722_221007_L004_",240,420087,1750.36,1091184475,0.384982567,0.181718128,198288,0.163850388,178791,1423
"795",829,"LIMS26629p2","35-241_221007_L004_",234,403463,1724.2,1091184475,0.369747746,0.176264421,192337,0.152192415,166070,1867
"796",830,"LIMS26629p2","36-862_221007_L004_",208,477967,2297.92,1091184475,0.438025843,0.267711837,292123,0.180776949,197261,1566
"797",831,"LIMS26629p2","37-1105_221007_L004_",234,466070,1991.75,1091184475,0.427123012,0.213007063,232430,0.173052315,188832,1218
"798",832,"LIMS26629p2","38-756_221007_L004_",238,444839,1869.07,1091184475,0.407666174,0.206708403,225557,0.17614895,192211,1490
"799",833,"LIMS26629p2","39-875_221007_L004_",229,485222,2118.87,1091184475,0.444674582,0.262742008,286700,0.175662323,191680,1385
"800",834,"LIMS26629p2","40-772_221007_L004_",242,514685,2126.8,1091184475,0.471675516,0.275163372,300254,0.175369064,191360,1511
"801",835,"LIMS26629p2","41-816_221007_L004_",248,441329,1779.55,1091184475,0.404449486,0.167383247,182646,0.157853236,172247,1526
"802",836,"LIMS26629p2","42-1094_221007_L004_",211,437699,2074.41,1091184475,0.401122826,0.228144742,248948,0.174595593,190516,1728
"803",837,"LIMS26629p2","43-814_221007_L004_",243,443216,1823.94,1091184475,0.406178799,0.199885542,218112,0.161332024,176043,1524
"804",838,"LIMS26629p2","44-2668_221007_L004_",221,527073,2384.94,1091184475,0.483028317,0.293481082,320242,0.186084942,203053,1348
"805",839,"LIMS26629p2","45-2612_221007_L004_",246,447769,1820.2,1091184475,0.410351329,0.20196585,220382,0.163947531,178897,1268
"806",840,"LIMS26629p2","46-710_221007_L004_",237,426801,1800.85,1091184475,0.391135514,0.175846527,191881,0.15363855,167648,668
"807",841,"LIMS26629p2","47-852_221007_L004_",234,413646,1767.72,1091184475,0.379079807,0.16390904,178855,0.169748566,185227,1557
"808",842,"LIMS26629p2","4-792_221007_L004_",227,463764,2043.01,1091184475,0.425009712,0.237512543,259170,0.168735905,184122,1518
"809",843,"LIMS26629p2","48-119_221007_L004_",219,519089,2370.27,1091184475,0.475711497,0.268866545,293383,0.174879688,190826,1570
"810",844,"LIMS26629p2","49-63_221007_L004_",237,473085,1996.14,1091184475,0.433551806,0.21759932,237441,0.157307957,171652,1673
"811",845,"LIMS26629p2","50-2594_221007_L004_",249,520334,2089.69,1091184475,0.476852459,0.250097033,272902,0.177333901,193504,1020
"812",846,"LIMS26629p2","51-833_221007_L004_",243,452950,1863.99,1091184475,0.415099381,0.207253682,226152,0.16623312,181391,1538
"813",847,"LIMS26629p2","52-840_221007_L004_",233,409035,1755.52,1091184475,0.374854124,0.175790624,191820,0.168852292,184249,1022
"814",848,"LIMS26629p2","53-2736_221007_L004_",230,446071,1939.44,1091184475,0.408795222,0.230326774,251329,0.167597692,182880,1397
"815",849,"LIMS26629p2","54-714_221007_L004_",254,421516,1659.51,1091184475,0.386292153,0.166716998,181919,0.167649929,182937,1432
"816",850,"LIMS26629p2","55-870_221007_L004_",233,383449,1645.71,1091184475,0.351406209,0.158551559,173009,0.148985807,162571,1572
"817",851,"LIMS26629p2","56-776_221007_L004_",210,466120,2219.62,1091184475,0.427168834,0.260434424,284182,0.157932049,172333,1514
"818",852,"LIMS26629p2","57-2678_221007_L004_",268,372857,1391.26,1091184475,0.341699326,0.111008727,121131,0.157800999,172190,1028
"819",854,"LIMS26629p2","58-2675_221007_L004_",244,372148,1525.2,1091184475,0.341049574,0.124151326,135472,0.156059772,170290,1380
"820",855,"LIMS26629p2","59-937_221007_L004_",164,184808,1126.88,1091184475,0.16936458,0.036449749,39773.4,0.111404628,121563,1612
"821",856,"LIMS26629p2","60-828_221007_L004_",221,449624,2034.5,1091184475,0.412051317,0.217811017,237672,0.155855407,170067,1547
"822",857,"LIMS26629p2","61-871_221007_L004_",241,374414,1553.58,1091184475,0.343126216,0.13910022,151784,0.132934443,145056,1573
"823",858,"LIMS26629p2","62-709_221007_L004_",230,445696,1937.81,1091184475,0.408451559,0.225222229,245759,0.159344276,173874,677
"824",859,"LIMS26629p2","64-2502_221007_L004_",238,457425,1921.95,1091184475,0.419200429,0.223579061,243966,0.163691845,178618,1262
"825",860,"LIMS26629p2","65-821_221007_L004_",240,442017,1841.74,1091184475,0.405079993,0.205160544,223868,0.181690635,198258,1536
"826",861,"LIMS26629p2","66-2595_221007_L004_",230,484545,2106.72,1091184475,0.444054155,0.235667759,257157,0.172316418,188029,837
"827",862,"LIMS26629p2","67-2667_221007_L004_",332,469699,1414.76,1091184475,0.430448756,0.125015525,136415,0.190642375,208026,1203
"828",863,"LIMS26629p2","6-815_221007_L004_",85,60214.7,708.408,1091184475,0.055182878,0,0,0.252652055,275690,1525
"829",864,"LIMS26629p2","68-711_221007_L004_",244,405435,1661.62,1091184475,0.371554956,0.130555377,142460,0.157190653,171524,1431
"830",865,"LIMS26629p2","69-888_221007_L004_",201,594808,2959.24,1091184475,0.545103063,0.369349097,403028,0.199758157,217973,632
"831",866,"LIMS26629p2","70-949_221007_L004_",221,429571,1943.76,1091184475,0.393674039,0.185029209,201901,0.17685094,192977,1623
"832",867,"LIMS26629p2","71-2689_221007_L004_",236,463119,1962.37,1091184475,0.424418612,0.215946071,235637,0.180990478,197494,1357
"833",868,"LIMS26629p2","72-2623_221007_L004_",226,447044,1978.07,1091184475,0.409686914,0.212027393,231361,0.148985807,162571,64
"834",869,"LIMS26629p2","73-755_221007_L004_",293,434843,1484.1,1091184475,0.398505486,0.169787056,185269,0.167440982,182709,1498
"835",870,"LIMS26629p2","74-2561_221007_L004_",245,395681,1615.02,1091184475,0.362616046,0.14645278,159807,0.163123655,177998,1178
"836",871,"LIMS26629p2","75-2742_221007_L004_",336,387023,1151.85,1091184475,0.354681549,0.02683066,29277.2,0.132935359,145057,1366
"837",872,"LIMS26629p2","76-824_221007_L004_",225,496936,2208.61,1091184475,0.455409705,0.266477398,290776,0.188542822,205735,1545
"838",873,"LIMS26629p2","77-887_221007_L004_",234,400071,1709.7,1091184475,0.366639197,0.149428446,163054,0.152950307,166897,1579
"839",874,"LIMS26629p2","78-2538_221007_L004_",227,398243,1754.37,1091184475,0.364963954,0.159922547,174505,0.16397594,178928,497
"840",875,"LIMS26629p2","7-923_221007_L004_",210,358243,1705.92,1091184475,0.32830654,0.148254492,161773,0.140076223,152849,1198
"841",876,"LIMS26629p2","79-2752_221007_L004_",231,527156,2282.06,1091184475,0.483104381,0.290465093,316951,0.17840888,194677,1409
"842",877,"LIMS26629p2","80-2564_221007_L004_",251,409857,1632.9,1091184475,0.375607433,0.160488904,175123,0.174467292,190376,1200
"843",878,"LIMS26629p2","81-721_221007_L004_",231,466961,2021.47,1091184475,0.427939556,0.235151806,256594,0.179197931,195538,1422
"844",879,"LIMS26629p2","82-2496_221007_L004_",218,484538,2222.65,1091184475,0.44404774,0.275984498,301150,0.18732213,204403,501
"845",880,"LIMS26629p2","83-914_221007_L004_",210,491262,2339.34,1091184475,0.450209851,0.276090805,301266,0.195029351,212813,1593
"846",881,"LIMS26629p2","84-933_221007_L004_",242,452788,1871.02,1091184475,0.414950918,0.223593724,243982,0.158380186,172822,1608
"847",882,"LIMS26629p2","85-2568_221007_L004_",197,550715,2795.51,1091184475,0.504694681,0.344885772,376334,0.179690973,196076,1184
"848",883,"LIMS26629p2","8-58_221007_L004_",215,424410,1974,1091184475,0.388944317,0.210564763,229765,0.157722185,172104,1711
"849",884,"LIMS26629p2","86-907_221007_L004_",199,194632,978.05,1091184475,0.17836764,0.024083462,26279.5,0.114164931,124575,1589
"850",885,"LIMS26629p2","87-2703_221007_L004_",241,366998,1522.81,1091184475,0.336329932,0.137068482,149567,0.149331303,162948,868
"851",886,"LIMS26629p2","88-49_221007_L004_",219,463848,2118.03,1091184475,0.425086693,0.235509216,256984,0.157867899,172263,1763
"852",887,"LIMS26629p2","89-2548_221007_L004_",242,400478,1654.87,1091184475,0.367012186,0.151336464,165136,0.165477977,180567,1177
"853",888,"LIMS26629p2","90-2716_221007_L004_",214,492442,2301.13,1091184475,0.451291245,0.266053089,290313,0.194616039,212362,1392
"854",889,"LIMS26629p2","91-931_221007_L004_",223,403750,1810.54,1091184475,0.370010763,0.177370559,193544,0.167597692,182880,1606
"855",890,"LIMS26629p2","92-817_221007_L004_",214,520152,2430.62,1091184475,0.476685668,0.302793897,330404,0.179400463,195759,1500
"856",891,"LIMS26629p2","93-2624_221007_L004_",221,393081,1778.65,1091184475,0.360233314,0.163585539,178502,0.143712639,156817,528
"857",892,"LIMS26629p2","94-64_221007_L004_",95,68426.1,720.275,1091184475,0.062708095,0,0,0.150895659,164655,1767
"858",893,"LIMS26629p2","9-839_221007_L004_",213,452912,2126.35,1091184475,0.415064556,0.246801532,269306,0.157512322,171875,1541
"859",894,"LIMS26629p3","192-3995_221014_L001_",223,384386,1723.7,1091184475,0.352264909,0.161949701,176717,0.171090227,186691,1790
"860",895,"LIMS26629p3","193-2403_221014_L001_",216,423166,1959.1,1091184475,0.387804271,0.217015551,236804,0.165041754,180091,922
"861",896,"LIMS26629p3","194-3868_221014_L001_",265,427556,1613.42,1091184475,0.391827422,0.174241849,190130,0.171223111,186836,1743
"862",897,"LIMS26629p3","195-3776_221014_L001_",213,488024,2291.19,1091184475,0.447242434,0.261037438,284840,0.179298739,195648,503
"863",898,"LIMS26629p3","196-641_221014_L001_",243,477917,1966.73,1091184475,0.437980022,0.232657269,253872,0.187105851,204167,1823
"864",899,"LIMS26629p3","197-4166_221014_L001_",249,400819,1609.71,1091184475,0.367324691,0.165712585,180823,0.16305309,177921,3088
"865",900,"LIMS26629p3","198-2406_221014_L001_",240,416986,1737.44,1091184475,0.382140701,0.169228947,184660,0.164619278,179630,1219
"866",901,"LIMS26629p3","199-2663_221014_L001_",252,396980,1575.32,1091184475,0.363806496,0.139299086,152001,0.15598554,170209,1369
"867",902,"LIMS26629p3","200-3789_221014_L001_",235,418688,1781.65,1091184475,0.383700474,0.177606083,193801,0.165412911,180496,4872
"868",903,"LIMS26629p3","201-4065_221014_L001_",268,470917,1757.15,1091184475,0.431564974,0.174854944,190799,0.183432778,200159,1752
"869",904,"LIMS26629p3","202-2718_221014_L001_",231,479227,2074.58,1091184475,0.439180552,0.256892401,280317,0.169292181,184729,504
"870",905,"LIMS26629p3","203-3782_221014_L001_",233,426617,1830.97,1091184475,0.390966889,0.182676719,199334,0.170544032,186095,3505
"871",906,"LIMS26629p3","204-2415_221014_L001_",259,377512,1457.58,1091184475,0.345965333,0.135341918,147683,0.159575218,174126,1163
"872",907,"LIMS26629p3","205-2521_221014_L001_",198,518613,2619.26,1091184475,0.475275274,0.322547661,351959,0.171314754,186936,550
"873",908,"LIMS26629p3","206-4156_221014_L001_",232,441598,1903.44,1091184475,0.404696007,0.203398238,221945,0.153482756,167478,5141
"874",909,"LIMS26629p3","207-2421_221014_L001_",212,397711,1876,1091184475,0.36447641,0.168468306,183830,0.163818313,178756,510
"875",910,"LIMS26629p3","208-4160_221014_L001_",238,366238,1538.81,1091184475,0.335633441,0.128079168,139758,0.148214169,161729,1877
"876",911,"LIMS26629p3","209-4071_221014_L001_",241,448956,1862.89,1091184475,0.411439138,0.205089062,223790,0.167182547,182427,5155
"877",912,"LIMS26629p3","210-846_221014_L001_",223,437500,1961.88,1091184475,0.400940455,0.199856216,218080,0.16872949,184115,308
"878",913,"LIMS26629p3","211-4238_221014_L001_",228,490175,2149.89,1091184475,0.449213686,0.259817663,283509,0.17954251,195914,1361
"879",914,"LIMS26629p3","212-3779_221014_L001_",221,461881,2089.96,1091184475,0.423284065,0.233645186,254950,0.175841028,191875,1805
"880",915,"LIMS26629p3","213-4306_221014_L001_",221,430950,1950,1091184475,0.394937804,0.20164968,220037,0.15221166,166091,4888
"881",916,"LIMS26629p3","214-4464_221014_L001_",256,435254,1700.21,1091184475,0.398882141,0.182304647,198928,0.174208857,190094,5447
"882",917,"LIMS26629p3","215-830_221014_L001_",222,467105,2104.08,1091184475,0.428071523,0.231035179,252102,0.181736457,198308,676
"883",918,"LIMS26629p3","216-4158_221014_L001_",225,346399,1539.55,1091184475,0.31745228,0.128928704,140685,0.142501111,155495,3596
"884",919,"LIMS26629p3","217-616_221014_L001_",252,371300,1473.41,1091184475,0.340272437,0.129927618,141775,0.137541363,150083,3520
"885",920,"LIMS26629p3","218-2545_221014_L001_",232,446913,1926.35,1091184475,0.409566861,0.222254812,242521,0.15544576,169620,1181
"886",921,"LIMS26629p3","219-2911_221014_L001_",228,399729,1753.2,1091184475,0.366325776,0.182270738,198891,0.164209631,179183,1199
"887",922,"LIMS26629p3","220-4312_221014_L001_",238,513946,2159.44,1091184475,0.47099827,0.268665846,293164,0.188965298,206196,5332
"888",923,"LIMS26629p3","221-3884_221014_L001_",268,460052,1716.61,1091184475,0.421607905,0.172923098,188691,0.168398657,183754,1871
"889",924,"LIMS26629p3","222-3833_221014_L001_",228,465305,2040.81,1091184475,0.426421939,0.245486447,267871,0.174388478,190290,2990
"890",925,"LIMS26629p3","223-4058_221014_L001_",204,544014,2666.74,1091184475,0.498553647,0.314723136,343421,0.185736697,202673,1783
"891",926,"LIMS26629p3","224-3814_221014_L001_",234,434759,1857.94,1091184475,0.398428506,0.196748584,214689,0.186161923,203137,4915
"892",927,"LIMS26629p3","225-3905_221014_L001_",234,447836,1913.83,1091184475,0.410412731,0.219019795,238991,0.178481278,194756,1762
"893",928,"LIMS26629p3","226-3787_221014_L001_",270,386696,1432.21,1091184475,0.354381875,0.120062192,131010,0.152244651,166127,4884
"894",929,"LIMS26629p3","227-3477_221014_L001_",235,431672,1836.9,1091184475,0.39559947,0.185341713,202242,0.170890445,186473,5080
"895",930,"LIMS26629p3","228-4286_221014_L001_",257,394955,1536.79,1091184475,0.361950714,0.153654129,167665,0.161793907,176547,1384
"896",931,"LIMS26629p3","229-4201_221014_L001_",244,487466,1997.81,1091184475,0.446731063,0.260284128,284018,0.183116608,199814,5162
"897",932,"LIMS26629p3","230-271_221014_L001_",232,415829,1792.36,1091184475,0.381080385,0.186945475,203992,0.146376716,159724,1381
"898",933,"LIMS26629p3","231-3862_221014_L001_",228,438342,1922.55,1091184475,0.401712094,0.187417439,204507,0.170686996,186251,1740
"899",934,"LIMS26629p3","232-889_221014_L001_",240,406040,1691.83,1091184475,0.3721094,0.157451837,171809,0.143266335,156330,858
"900",935,"LIMS26629p3","233-2598_221014_L001_",242,374649,1548.14,1091184475,0.343341578,0.123815911,135106,0.140416221,153220,1274
"901",936,"LIMS26629p3","234-3496_221014_L001_",242,394288,1629.29,1091184475,0.361339452,0.162867053,177718,0.169784307,185266,5099
"902",937,"LIMS26629p3","235-4115_221014_L001_",242,380882,1573.89,1091184475,0.34905372,0.139832451,152583,0.151367623,165170,5121
"903",938,"LIMS26629p3","236-3820_221014_L001_",251,370685,1476.83,1091184475,0.339708829,0.122449506,133615,0.13800233,150586,4902
"904",939,"LIMS26629p3","237-458_221014_L001_",235,420870,1790.94,1091184475,0.385700136,0.186532163,203541,0.152695538,166619,5145
"905",940,"LIMS26629p3","238-4258_221014_L001_",243,376152,1547.95,1091184475,0.344718981,0.142761379,155779,0.137227026,149740,1581
"906",941,"LIMS26629p3","239-3964_221014_L001_",238,450901,1894.54,1091184475,0.413221605,0.201273941,219627,0.182793107,199461,3449
"907",942,"LIMS26629p3","240-277_221014_L001_",209,471361,2255.32,1091184475,0.431971872,0.254495006,277701,0.163062254,177931,1358
"908",943,"LIMS26629p3","241-4281_221014_L001_",303,484476,1598.93,1091184475,0.443990921,0.167088154,182324,0.182878335,199554,1854
"909",944,"LIMS26629p3","242-2657_221014_L001_",232,423135,1823.86,1091184475,0.387775862,0.179057716,195385,0.160035268,174628,1159
"910",945,"LIMS26629p3","243-3829_221014_L001_",246,388471,1579.15,1091184475,0.356008548,0.142101545,155059,0.155931471,170150,3021
"911",946,"LIMS26629p3","244-898_221014_L001_",234,415860,1777.18,1091184475,0.381108795,0.188604223,205802,0.164182138,179153,1584
"912",947,"LIMS26629p3","245-3866_221014_L001_",213,400338,1879.52,1091184475,0.366883886,0.194603209,212348,0.170193037,185712,5139
"913",948,"LIMS26629p3","246-4300_221014_L001_",228,378905,1661.86,1091184475,0.347241927,0.153006209,166958,0.156363112,170621,4936
"914",949,"LIMS26629p3","247-4118_221014_L001_",227,475279,2093.74,1091184475,0.435562465,0.252176425,275171,0.183895578,200664,1685
"915",950,"LIMS26629p3","248-3777_221014_L001_",256,398638,1557.18,1091184475,0.365325945,0.160000444,174590,0.160575049,175217,4918
"916",951,"LIMS26629p3","249-4301_221014_L001_",240,442000,1841.67,1091184475,0.405064414,0.196689932,214625,0.165412911,180496,5325
"917",952,"LIMS26629p3","250-4091_221014_L001_",205,605211,2952.25,1091184475,0.55463674,0.386302234,421527,0.21634472,236072,5071
"918",953,"LIMS26629p3","251-3841_221014_L001_",245,439604,1794.3,1091184475,0.402868635,0.190469169,207837,0.183134937,199834,911
"919",954,"LIMS26629p3","252-703_221014_L001_",239,374101,1565.28,1091184475,0.342839372,0.134589525,146862,0.133508131,145682,849
"920",955,"LIMS26629p3","253-4133_221014_L001_",226,482744,2136.03,1091184475,0.442403655,0.26172843,285594,0.190738601,208131,4941
"921",956,"LIMS26629p3","254-447_221014_L001_",228,479062,2101.15,1091184475,0.43902934,0.256298551,279669,0.180228921,196663,1830
"922",957,"LIMS26629p3","255-3847_221014_L001_",225,381842,1697.07,1091184475,0.349933498,0.157472915,171832,0.158585467,173046,3519
"923",958,"LIMS26629p3","256-4056_221014_L001_",227,416200,1833.48,1091184475,0.381420383,0.195033017,212817,0.148058375,161559,5262
"924",959,"LIMS26629p3","257-3955_221014_L001_",231,464278,2009.86,1091184475,0.42548076,0.227050518,247754,0.187378949,204465,1187
"925",960,"LIMS26629p3","258-2747_221014_L001_",245,400108,1633.09,1091184475,0.366673105,0.151058784,164833,0.151593066,165416,1185
"926",961,"LIMS26629p3","259-4267_221014_L001_",211,404491,1917.02,1091184475,0.370689841,0.184912821,201774,0.15594705,170167,5314
"927",962,"LIMS26629p3","260-3778_221014_L001_",231,421077,1822.84,1091184475,0.385889838,0.201803641,220205,0.169383825,184829,4894
"928",963,"LIMS26629p3","261-2659_221014_L001_",229,415609,1814.88,1091184475,0.380878769,0.186438686,203439,0.151402447,165208,44
"929",964,"LIMS26629p3","262-2640_221014_L001_",220,476657,2166.62,1091184475,0.436825313,0.254691124,277915,0.180212425,196645,498
"930",965,"LIMS26629p3","263-2618_221014_L001_",229,485667,2120.82,1091184475,0.445082395,0.231566711,252682,0.180479107,196936,509
"931",966,"LIMS26629p3","264-3666_221014_L001_",244,447044,1832.15,1091184475,0.409686914,0.213657732,233140,0.174370149,190270,5269
"932",967,"LIMS26629p3","265-4297_221014_L001_",230,534092,2322.14,1091184475,0.489460776,0.301183721,328647,0.176548516,192647,5168
"933",968,"LIMS26629p3","266-4330_221014_L001_",221,454345,2055.86,1091184475,0.416377808,0.225303792,245848,0.177426461,193605,1669
"934",969,"LIMS26629p3","267-3874_221014_L001_",244,449943,1844.03,1091184475,0.41234366,0.204837042,223515,0.177851687,194069,4912
"935",970,"LIMS26629p3","268-4305_221014_L001_",242,429124,1773.24,1091184475,0.393264393,0.193685857,211347,0.183643559,200389,3444
"936",971,"LIMS26629p3","269-4362_221014_L001_",231,467697,2024.66,1091184475,0.428614053,0.242083723,264158,0.168297849,183644,5119
"937",972,"LIMS26629p3","270-3657_221014_L001_",240,391997,1633.32,1091184475,0.359239898,0.138375319,150993,0.152569069,166481,5260
"938",973,"LIMS26629p3","271-2533_221014_L001_",247,476454,1928.97,1091184475,0.436639277,0.22933794,250250,0.181098618,197612,172
"939",974,"LIMS26629p3","272-3534_221014_L001_",232,469628,2024.26,1091184475,0.430383689,0.223875069,244289,0.164792484,179819,5137
"940",975,"LIMS26629p3","273-642_221014_L001_",252,440994,1749.98,1091184475,0.40414248,0.177780205,193991,0.17006382,185571,1429
"941",976,"LIMS26629p3","274-4270_221014_L001_",237,429740,1813.25,1091184475,0.393828917,0.205341081,224065,0.17221561,187919,3590
"942",977,"LIMS26629p3","275-4254_221014_L001_",232,468636,2019.98,1091184475,0.429474585,0.233902705,255231,0.177254171,193417,3002
"943",978,"LIMS26629p3","276-4466_221014_L001_",242,414866,1714.32,1091184475,0.380197858,0.172401646,188122,0.145104704,158336,5449
"944",979,"LIMS26629p3","277-4308_221014_L001_",237,383139,1616.62,1091184475,0.351122114,0.144941578,158158,0.151100024,164878,1577
"945",980,"LIMS26629p3","278-4313_221014_L001_",245,431718,1762.11,1091184475,0.395641626,0.192610878,210174,0.174075974,189949,5147
"946",981,"LIMS26629p3","280-4265_221014_L001_",236,435794,1846.58,1091184475,0.399377016,0.186140845,203114,0.158113503,172531,5312
"947",982,"LIMS26629p3","281-4310_221014_L001_",235,409714,1743.46,1091184475,0.375476383,0.151574737,165396,0.159111501,173620,5287
"948",983,"LIMS26629p3","282-4126_221014_L001_",222,491015,2211.78,1091184475,0.449983492,0.271163132,295889,0.179307903,195658,5226
"949",984,"LIMS26629p3","283-789_221014_L001_",258,443052,1717.26,1091184475,0.406028504,0.173884439,189740,0.182557583,199204,1186
"950",985,"LIMS26629p3","284-4309_221014_L001_",216,457731,2119.13,1091184475,0.419480858,0.230458741,251473,0.174688153,190617,5285
"951",986,"LIMS26629p3","285-4268_221014_L001_",248,391268,1577.69,1091184475,0.358571817,0.141806453,154737,0.170305759,185835,5315
"952",987,"LIMS26629p3","288-247_221014_L002_",222,449121,2023.07,1091184475,0.41159035,0.224671452,245158,0.153461678,167455,1870
"953",988,"LIMS26629p3","289-3122_221014_L002_",232,379423,1635.45,1091184475,0.347716641,0.152069612,165936,0.162388674,177196,4868
"954",989,"LIMS26629p3","290-415_221014_L002_",254,407828,1605.62,1091184475,0.373747986,0.148593573,162143,0.152449016,166350,3006
"955",990,"LIMS26629p3","291-3226_221014_L002_",208,513253,2467.56,1091184475,0.47036318,0.299921789,327270,0.170312174,185842,4901
"956",991,"LIMS26629p3","292-259_221014_L002_",231,473604,2050.24,1091184475,0.434027436,0.245035561,267379,0.172460298,188186,1876
"957",992,"LIMS26629p3","293-268_221014_L002_",218,470503,2158.27,1091184475,0.43118557,0.230629198,251659,0.174585512,190505,1883
"958",993,"LIMS26629p3","294-273_221014_L002_",221,461401,2087.79,1091184475,0.422844176,0.228589213,249433,0.164241706,179218,1885
"959",994,"LIMS26629p3","295-3170_221014_L002_",246,467012,1898.42,1091184475,0.427986294,0.213966571,233477,0.160032519,174625,4879
"960",995,"LIMS26629p3","297-2366_221014_L002_",217,452277,2084.23,1091184475,0.41448262,0.220845334,240983,0.170492712,186039,1037
"961",996,"LIMS26629p3","298-3119_221014_L002_",224,389561,1739.11,1091184475,0.357007462,0.175731056,191755,0.131524049,143517,4867
"962",997,"LIMS26629p3","299-3239_221014_L002_",227,459004,2022.04,1091184475,0.42064748,0.229295784,250204,0.171942512,187621,4907
"963",998,"LIMS26629p3","300-2434_221014_L002_",238,491181,2063.79,1091184475,0.45013562,0.248512517,271173,0.193416425,211053,1225
"964",999,"LIMS26629p3","301-620_221014_L002_",286,431525,1508.83,1091184475,0.395464754,0.147250995,160678,0.158458083,172907,3575
"965",1000,"LIMS26629p3","302-3236_221014_L002_",233,409779,1758.71,1091184475,0.375535951,0.180129945,196555,0.145621573,158900,4903
"966",1001,"LIMS26629p3","303-295_221014_L002_",221,430605,1948.44,1091184475,0.394621634,0.197240709,215226,0.146664477,160038,2973
"967",1002,"LIMS26629p3","304-906_221014_L002_",228,414969,1820.04,1091184475,0.380292251,0.18305704,199749,0.152693705,166617,1588
"968",1003,"LIMS26629p3","305-2937_221014_L002_",256,426969,1667.85,1091184475,0.391289475,0.171512704,187152,0.147051212,160460,3691
"969",1004,"LIMS26629p3","306-3216_221014_L002_",221,521780,2361,1091184475,0.478177624,0.293722104,320505,0.195368432,213183,4899
"970",1005,"LIMS26629p3","307-2936_221014_L002_",234,421841,1802.74,1091184475,0.386589994,0.18806261,205211,0.165496306,180587,3690
"971",1006,"LIMS26629p3","308-762_221014_L002_",227,382488,1684.97,1091184475,0.350525515,0.150343048,164052,0.151416194,165223,1486
"972",1007,"LIMS26629p3","309-2908_221014_L002_",234,440921,1884.28,1091184475,0.40407558,0.20339274,221939,0.167898283,183208,3647
"973",1008,"LIMS26629p3","310-3285_221014_L002_",240,454382,1893.26,1091184475,0.416411716,0.21468139,234257,0.161935039,176701,4933
"974",1009,"LIMS26629p3","311-255_221014_L002_",226,485808,2149.59,1091184475,0.445211613,0.242173533,264256,0.186244402,203227,1874
"975",1010,"LIMS26629p3","312-688_221014_L002_",228,473676,2077.53,1091184475,0.434093419,0.240473546,262401,0.173208109,189002,3602
"976",1011,"LIMS26629p3","313-567_221014_L002_",211,412930,1957.02,1091184475,0.378423639,0.208229685,227217,0.147646895,161110,3499
"977",1012,"LIMS26629p3","314-2930_221014_L002_",242,380260,1571.32,1091184475,0.348483697,0.133903115,146113,0.13512289,147444,3688
"978",1013,"LIMS26629p3","315-640_221014_L002_",221,478072,2163.22,1091184475,0.438122069,0.242515364,264629,0.189709444,207008,3568
"979",1014,"LIMS26629p3","316-716_221014_L002_",250,425997,1703.99,1091184475,0.3903987,0.18396706,200742,0.160260711,174874,1418
"980",1015,"LIMS26629p3","317-565_221014_L002_",223,438756,1967.52,1091184475,0.402091498,0.215827851,235508,0.170806132,186381,3504
"981",1016,"LIMS26629p3","318-2846_221014_L002_",224,397105,1772.79,1091184475,0.36392105,0.150791185,164541,0.155352284,169518,3617
"982",1017,"LIMS26629p3","319-592_221014_L002_",244,374116,1533.26,1091184475,0.342853118,0.136560777,149013,0.161015854,175698,3510
"983",1018,"LIMS26629p3","320-2416_221014_L002_",224,441649,1971.65,1091184475,0.404742745,0.226570306,247230,0.175481786,191483,1224
"984",1019,"LIMS26629p3","321-3560_221014_L002_",225,490264,2178.95,1091184475,0.449295249,0.236513629,258080,0.168312512,183660,5161
"985",1020,"LIMS26629p3","322-456_221014_L002_",314,329237,1048.52,1091184475,0.301724417,0.053370994,58237.6,0.1461751,159504,3092
"986",1021,"LIMS26629p3","323-317_221014_L002_",213,457452,2147.66,1091184475,0.419225173,0.239844871,261715,0.163361928,178258,2980
"987",1022,"LIMS26629p3","324-2934_221014_L002_",230,504441,2193.22,1091184475,0.462287552,0.279555847,305047,0.192632873,210198,3689
"988",1023,"LIMS26629p3","325-648_221014_L002_",244,433838,1778.02,1091184475,0.397584469,0.18898546,206218,0.169281184,184717,3579
"989",1024,"LIMS26629p3","326-4350_221014_L002_",238,407200,1710.93,1091184475,0.373172465,0.164192219,179164,0.148415785,161949,5341
"990",1025,"LIMS26629p3","327-300_221014_L002_",236,427110,1809.79,1091184475,0.391418692,0.167013923,182243,0.166673009,181871,2967
"991",1026,"LIMS26629p3","328-2743_221014_L002_",226,425583,1883.11,1091184475,0.390019295,0.173861528,189715,0.156961544,171274,1364
"992",1027,"LIMS26629p3","329-4347_221014_L002_",218,437685,2007.73,1091184475,0.401109996,0.210690314,229902,0.160601625,175246,5123
"993",1028,"LIMS26629p3","330-643_221014_L002_",219,449517,2052.59,1091184475,0.411953258,0.229425002,250345,0.172381485,188100,3577
"994",1029,"LIMS26629p3","331-4343_221014_L002_",233,357560,1534.59,1091184475,0.327680615,0.120884235,131907,0.123880978,135177,5079
"995",1030,"LIMS26629p3","332-3125_221014_L002_",242,418571,1729.63,1091184475,0.383593251,0.182107613,198713,0.169399404,184846,4870
"996",1031,"LIMS26629p3","333-920_221014_L002_",225,455639,2025.06,1091184475,0.417563675,0.234454399,255833,0.156747098,171040,1596
"997",1032,"LIMS26629p3","334-4339_221014_L002_",224,516079,2303.92,1091184475,0.472953027,0.296554806,323596,0.197694345,215721,1897
"998",1033,"LIMS26629p3","335-2920_221014_L002_",219,445321,2033.43,1091184475,0.408107896,0.244753299,267071,0.159982115,174570,3652
"999",1034,"LIMS26629p3","336-4327_221014_L002_",213,389968,1830.84,1091184475,0.357380451,0.180444283,196898,0.144333982,157495,5336
"1000",1035,"LIMS26629p3","337-819_221014_L002_",231,403548,1746.96,1091184475,0.369825643,0.158267464,172699,0.172246769,187953,1528
"1001",1036,"LIMS26629p3","338-4328_221014_L002_",229,438857,1916.41,1091184475,0.402184058,0.218717371,238661,0.173291505,189093,5337
"1002",1037,"LIMS26629p3","339-564_221014_L002_",248,452565,1824.86,1091184475,0.414746553,0.204108476,222720,0.161359517,176073,3502
"1003",1038,"LIMS26629p3","340-2958_221014_L002_",234,374876,1602.03,1091184475,0.343549609,0.142223431,155192,0.134523541,146790,3702
"1004",1039,"LIMS26629p3","341-894_221014_L002_",218,422158,1936.51,1091184475,0.386880504,0.209813286,228945,0.157372107,171722,1583
"1005",1040,"LIMS26629p3","342-2923_221014_L002_",231,441787,1912.5,1091184475,0.404869213,0.201869624,220277,0.144822442,158028,3653
"1006",1042,"LIMS26629p3","344-4332_221014_L002_",258,392412,1520.98,1091184475,0.359620219,0.138724481,151374,0.160082006,174679,5277
"1007",1043,"LIMS26629p3","345-2922_221014_L002_",225,431134,1916.15,1091184475,0.395106428,0.200593946,218885,0.164095993,179059,3651
"1008",1044,"LIMS26629p3","346-2916_221014_L002_",159,181736,1142.99,1091184475,0.16654929,0.04445527,48508.9,0.124490408,135842,3649
"1009",1045,"LIMS26629p3","347-4334_221014_L002_",251,435540,1735.22,1091184475,0.399144242,0.195130159,212923,0.156825912,171126,1802
"1010",1046,"LIMS26629p3","348-696_221014_L002_",217,489515,2255.83,1091184475,0.448608839,0.244738636,267055,0.174324328,190220,1896
"1011",1047,"LIMS26629p3","349-893_221014_L002_",237,415152,1751.7,1091184475,0.380459958,0.18417784,200972,0.164015347,178971,1582
"1012",1048,"LIMS26629p3","350-4336_221014_L002_",245,443904,1811.85,1091184475,0.406809307,0.172474961,188202,0.196419583,214330,1394
"1013",1049,"LIMS26629p3","351-690_221014_L002_",225,460617,2047.19,1091184475,0.422125691,0.225910472,246510,0.177705974,193910,3600
"1014",1050,"LIMS26629p3","352-308_221014_L002_",231,440988,1909.04,1091184475,0.404136982,0.207608342,226539,0.167965183,183281,2969
"1015",1051,"LIMS26629p3","353-915_221014_L002_",186,507798,2730.1,1091184475,0.465364026,0.306708909,334676,0.191934549,209436,1594
"1016",1052,"LIMS26629p3","354-4361_221014_L002_",223,437805,1963.25,1091184475,0.401219968,0.198679513,216796,0.160458661,175090,2985
"1017",1053,"LIMS26629p3","355-4333_221014_L002_",190,453813,2388.49,1091184475,0.415890265,0.281526183,307197,0.159983031,174571,1580
"1018",1054,"LIMS26629p3","356-913_221014_L002_",235,449845,1914.23,1091184475,0.412253849,0.221478591,241674,0.178996315,195318,1592
"1019",1055,"LIMS26629p3","357-900_221014_L002_",188,511273,2719.54,1091184475,0.468548638,0.306180126,334099,0.169118059,184539,1586
"1020",1056,"LIMS26629p3","358-4340_221014_L002_",248,397652,1603.44,1091184475,0.36442234,0.16247207,177287,0.157441756,171798,5125
"1021",1057,"LIMS26629p3","359-283_221014_L002_",230,373481,1623.83,1091184475,0.342271182,0.15240961,166307,0.144452202,157624,1889
"1022",1058,"LIMS26629p3","360-925_221014_L002_",227,415093,1828.6,1091184475,0.380405889,0.195618619,213456,0.131210628,143175,1600
"1023",1059,"LIMS26629p3","361-926_221014_L002_",223,519895,2331.37,1091184475,0.476450144,0.298388593,325597,0.174794459,190733,1601
"1024",1060,"LIMS26629p3","362-4472_221014_L002_",228,457434,2006.29,1091184475,0.419208677,0.21282011,232226,0.170113307,185625,5455
"1025",1061,"LIMS26629p3","363-4342_221014_L002_",256,398759,1557.65,1091184475,0.365436834,0.145923997,159230,0.142317824,155295,1848
"1026",1062,"LIMS26629p3","364-916_221014_L002_",235,464221,1975.41,1091184475,0.425428523,0.215735291,235407,0.165468813,180557,1595
"1027",1063,"LIMS26629p3","365-4356_221014_L002_",224,457980,2044.55,1091184475,0.419709051,0.254501421,277708,0.163808232,178745,1757
"1028",1064,"LIMS26629p3","366-2918_221014_L002_",225,432552,1922.46,1091184475,0.396405933,0.204323838,222955,0.153498335,167495,3650
"1029",1065,"LIMS26629p3","367-4358_221014_L002_",239,417998,1748.95,1091184475,0.383068133,0.184076116,200861,0.154226901,168290,5254
"1030",1066,"LIMS26629p3","368-580_221014_L002_",228,428929,1881.27,1091184475,0.393085688,0.192175571,209699,0.165656682,180762,3513
"1031",1067,"LIMS26629p3","369-4348_221014_L002_",237,433626,1829.65,1091184475,0.397390185,0.193618957,211274,0.137326917,149849,5169
"1032",1068,"LIMS26629p3","370-4469_221014_L002_",223,411724,1846.3,1091184475,0.377318418,0.20435683,222991,0.176131538,192192,5452
"1033",1069,"LIMS26629p3","371-615_221014_L002_",245,462616,1888.23,1091184475,0.423957645,0.214442201,233996,0.190289548,207641,3521
"1034",1070,"LIMS26629p3","372-927_221014_L002_",234,444941,1901.46,1091184475,0.40775965,0.209073722,228138,0.172666496,188411,1602
"1035",1071,"LIMS26629p3","373-924_221014_L002_",221,390339,1766.24,1091184475,0.357720449,0.171691409,187347,0.161579462,176313,1599
"1036",1072,"LIMS26629p3","374-4335_221014_L002_",223,470487,2109.81,1091184475,0.431170907,0.231700511,252828,0.168206205,183544,1708
"1037",1073,"LIMS26629p3","375-438_221014_L002_",235,417941,1778.47,1091184475,0.383015897,0.180911665,197408,0.172862613,188625,3086
"1038",1074,"LIMS26629p3","376-4311_221014_L002_",242,457741,1891.49,1091184475,0.419490023,0.240541362,262475,0.190350949,207708,2963
"1039",1075,"LIMS26629p3","377-4324_221014_L002_",219,525177,2398.07,1091184475,0.481290755,0.312147036,340610,0.17381479,189664,4956
"1040",1076,"LIMS26629p3","378-2650_221014_L002_",228,377177,1654.29,1091184475,0.345658327,0.150826926,164580,0.159899636,174480,1306
"1041",1077,"LIMS26629p3","380-4341_221014_L002_",234,451019,1927.43,1091184475,0.413329744,0.200558205,218846,0.166138727,181288,5339
"1042",1078,"LIMS26629p3","381-2654_221014_L002_",225,458013,2035.62,1091184475,0.419739293,0.221757187,241978,0.165938028,181069,1345
"1043",1079,"LIMS26629p3","382-886_221014_L002_",230,520772,2264.23,1091184475,0.477253858,0.284284653,310207,0.196754999,214696,1578
"1044",1080,"LIMS26629p3","383-899_221014_L002_",216,398265,1843.82,1091184475,0.364984115,0.183284316,199997,0.170443224,185985,1585
"1045",1081,"LIMS26629p4","384-310_221111_L001_",197,582385,2956.27,1091184475,0.533718187,0.36445075,397683,0.204654671,223316,2975
"1046",1082,"LIMS26629p4","385-4079_221111_L001_",235,425785,1811.85,1091184475,0.390204415,0.180437868,196891,0.158341696,172780,5281
"1047",1083,"LIMS26629p4","386-3209_221111_L001_",244,434948,1782.57,1091184475,0.398601712,0.196218884,214111,0.163570876,178486,4895
"1048",1084,"LIMS26629p4","387-398_221111_L001_",224,490369,2189.15,1091184475,0.449391474,0.245471784,267855,0.183990888,200768,3004
"1049",1085,"LIMS26629p4","388-355_221111_L001_",237,420704,1775.12,1091184475,0.385548007,0.173631503,189464,0.177859019,194077,3008
"1050",1086,"LIMS26629p4","389-4044_221111_L001_",237,374567,1580.45,1091184475,0.343266431,0.144713386,157909,0.148588991,162138,1750
"1051",1087,"LIMS26629p4","390-2953_221111_L001_",225,415184,1845.26,1091184475,0.380489284,0.19155881,209026,0.145397963,158656,3701
"1052",1088,"LIMS26629p4","391-326_221111_L001_",230,406763,1768.54,1091184475,0.372771982,0.175116128,191084,0.144497107,157673,2979
"1053",1089,"LIMS26629p4","392-3208_221111_L001_",285,377982,1326.25,1091184475,0.346396057,0.081527003,88961,0.153693536,167708,4893
"1054",1090,"LIMS26629p4","393-4062_221111_L001_",221,410207,1856.14,1091184475,0.375928186,0.192098591,209615,0.155416434,169588,5278
"1055",1091,"LIMS26629p4","394-653_221111_L001_",232,415484,1790.88,1091184475,0.380764215,0.182335805,198962,0.181006974,197512,3581
"1056",1092,"LIMS26629p4","395-4073_221111_L001_",242,457338,1889.83,1091184475,0.419120699,0.207336161,226242,0.176612667,192717,1782
"1057",1093,"LIMS26629p4","396-4114_221111_L001_",242,415291,1716.08,1091184475,0.380587343,0.182943402,199625,0.160219472,174829,5288
"1058",1095,"LIMS26629p4","398-3614_221111_L001_",230,456386,1984.29,1091184475,0.418248253,0.223655125,244049,0.162620532,177449,5216
"1059",1096,"LIMS26629p4","399-4315_221111_L001_",244,423796,1736.87,1091184475,0.388381625,0.170040909,185546,0.175147287,191118,5160
"1060",1097,"LIMS26629p4","400-3369_221111_L001_",223,482443,2163.42,1091184475,0.442127808,0.268779484,293288,0.174280339,190172,1559
"1061",1098,"LIMS26629p4","401-3092_221111_L001_",296,391263,1321.83,1091184475,0.358567235,0.090789781,99068.4,0.171379821,187007,3594
"1062",1099,"LIMS26629p4","402-587_221111_L001_",286,447418,1564.4,1091184475,0.410029661,0.150454853,164174,0.159268212,173791,3512
"1063",1100,"LIMS26629p4","403-678_221111_L001_",249,359733,1444.71,1091184475,0.329672029,0.1115146,121683,0.146880755,160274,3599
"1064",1101,"LIMS26629p4","404-645_221111_L001_",216,455124,2107.05,1091184475,0.417091711,0.220461348,240564,0.181322228,197856,3565
"1065",1102,"LIMS26629p4","405-4023_221111_L001_",232,448515,1933.26,1091184475,0.41103499,0.213301239,232751,0.178741546,195040,5265
"1066",1103,"LIMS26629p4","406-584_221111_L001_",374,383688,1025.9,1091184475,0.351625237,0.062666306,68380.5,0.141521442,154426,3506
"1067",1104,"LIMS26629p4","407-4089_221111_L001_",217,405832,1870.19,1091184475,0.371918781,0.17187378,187546,0.146745123,160126,5284
"1068",1105,"LIMS26629p4","408-2610_221111_L001_",249,395078,1586.66,1091184475,0.362063436,0.145707718,158994,0.141463706,154363,1051
"1069",1106,"LIMS26629p4","409-4458_221111_L001_",236,480335,2035.32,1091184475,0.440195962,0.235199461,256646,0.183707709,200459,1844
"1070",1107,"LIMS26629p4","410-4283_221111_L001_",234,427746,1827.98,1091184475,0.392001545,0.206380319,225199,0.175665073,191683,5318
"1071",1108,"LIMS26629p4","411-4078_221111_L001_",216,470400,2177.78,1091184475,0.431091177,0.238001003,259703,0.184054122,200837,5280
"1072",1109,"LIMS26629p4","412-3103_221111_L001_",225,442064,1964.73,1091184475,0.405123066,0.213281077,232729,0.156870817,171175,3618
"1073",1110,"LIMS26629p4","413-4277_221111_L001_",218,416382,1910.01,1091184475,0.381587174,0.200936693,219259,0.142031896,154983,1744
"1074",1111,"LIMS26629p4","414-3241_221111_L001_",238,425542,1787.99,1091184475,0.389981721,0.173023906,188801,0.163774324,178708,4908
"1075",1112,"LIMS26629p4","415-4025_221111_L001_",233,429029,1841.32,1091184475,0.393177331,0.19601177,213885,0.16509949,180154,4887
"1076",1113,"LIMS26629p4","416-4021_221111_L001_",215,532908,2478.64,1091184475,0.488375717,0.28741153,313619,0.190183241,207525,5268
"1077",1114,"LIMS26629p4","417-3696_221111_L001_",238,437396,1837.8,1091184475,0.400845146,0.193627205,211283,0.175406638,191401,4886
"1078",1115,"LIMS26629p4","418-574_221111_L001_",241,440695,1828.61,1091184475,0.403868466,0.189775427,207080,0.174473707,190383,3511
"1079",1116,"LIMS26629p4","419-4000_221111_L001_",228,410113,1798.74,1091184475,0.375842041,0.190045776,207375,0.15242244,166321,1196
"1080",1117,"LIMS26629p4","420-3161_221111_L001_",207,448656,2167.42,1091184475,0.411164208,0.237508878,259166,0.162500479,177318,2989
"1081",1118,"LIMS26629p4","421-2563_221111_L001_",209,493401,2360.77,1091184475,0.452170106,0.278924423,304358,0.163465486,178371,1204
"1082",1119,"LIMS26629p4","422-3645_221111_L001_",236,437519,1853.89,1091184475,0.400957867,0.194379598,212104,0.167122062,182361,5247
"1083",1120,"LIMS26629p4","423-636_221111_L001_",235,440571,1874.77,1091184475,0.403754828,0.196941035,214899,0.177440208,193620,3573
"1084",1121,"LIMS26629p4","424-3592_221111_L001_",244,404761,1658.86,1091184475,0.370937279,0.160387179,175012,0.156932218,171242,5194
"1085",1122,"LIMS26629p4","425-4027_221111_L001_",235,436861,1858.98,1091184475,0.400354853,0.200933944,219256,0.158763256,173240,1031
"1086",1123,"LIMS26629p4","426-3515_221111_L001_",232,377582,1627.51,1091184475,0.346029483,0.145460281,158724,0.159462496,174003,5118
"1087",1124,"LIMS26629p4","427-4006_221111_L001_",225,507710,2256.49,1091184475,0.465283379,0.261897971,285779,0.170442308,185984,4947
"1088",1125,"LIMS26629p4","428-3595_221111_L001_",228,447942,1964.66,1091184475,0.410509873,0.22100846,241161,0.172303588,188015,5197
"1089",1126,"LIMS26629p4","429-3558_221111_L001_",241,478838,1986.88,1091184475,0.438824059,0.21171214,231017,0.180648648,197121,5159
"1090",1127,"LIMS26629p4","430-544_221111_L001_",220,435039,1977.45,1091184475,0.398685108,0.205788302,224553,0.151882659,165732,3500
"1091",1128,"LIMS26629p4","431-571_221111_L001_",231,436485,1889.54,1091184475,0.400010273,0.200869793,219186,0.173042235,188821,3501
"1092",1129,"LIMS26629p4","432-2360_221111_L001_",237,397767,1678.34,1091184475,0.36452773,0.173675491,189512,0.150871831,164629,792
"1093",1130,"LIMS26629p4","433-4037_221111_L001_",214,490180,2290.56,1091184475,0.449218268,0.258701445,282291,0.174014573,189882,2984
"1094",1131,"LIMS26629p4","434-3682_221111_L001_",240,452469,1885.29,1091184475,0.414658575,0.197822646,215861,0.173346491,189153,2964
"1095",1132,"LIMS26629p4","435-3685_221111_L001_",241,438513,1819.56,1091184475,0.401868804,0.213087709,232518,0.158811827,173293,4934
"1096",1134,"LIMS26629p4","437-3610_221111_L001_",231,406203,1758.46,1091184475,0.372258779,0.17970197,196088,0.149718039,163370,5212
"1097",1135,"LIMS26629p4","438-4007_221111_L001_",235,422091,1796.13,1091184475,0.386819103,0.187503584,204601,0.166340343,181508,1803
"1098",1136,"LIMS26629p4","439-693_221111_L001_",263,437893,1664.99,1091184475,0.401300614,0.170699826,186265,0.145563838,158837,3601
"1099",1137,"LIMS26629p4","440-4051_221111_L001_",236,440274,1865.57,1091184475,0.403482647,0.201530543,219907,0.152576401,166489,3515
"1100",1138,"LIMS26629p4","441-4273_221111_L001_",234,426878,1824.27,1091184475,0.391206079,0.16002702,174619,0.150282563,163986,5204
"1101",1139,"LIMS26629p4","442-2968_221111_L001_",246,403339,1639.59,1091184475,0.369634108,0.152803677,166737,0.157308873,171653,4802
"1102",1140,"LIMS26629p4","443-2251_221111_L001_",211,431982,2047.31,1091184475,0.395883565,0.213909752,233415,0.17261151,188351,521
"1103",1141,"LIMS26629p4","444-3174_221111_L001_",245,481159,1963.91,1091184475,0.440951105,0.222998041,243332,0.174360985,190260,4881
"1104",1142,"LIMS26629p4","445-992_221111_L001_",249,449364,1804.67,1091184475,0.411813044,0.224217816,244663,0.164919868,179958,1663
"1105",1143,"LIMS26629p4","446-3171_221111_L001_",220,437203,1987.29,1091184475,0.400668274,0.199387001,217568,0.176306577,192383,4880
"1106",1144,"LIMS26629p4","447-3883_221111_L001_",241,495306,2055.21,1091184475,0.453915916,0.253202833,276291,0.179158524,195495,4944
"1107",1145,"LIMS26629p4","448-3240_221111_L001_",248,385131,1552.95,1091184475,0.352947654,0.147924575,161413,0.152152091,166026,4905
"1108",1146,"LIMS26629p4","449-644_221111_L001_",260,416964,1603.71,1091184475,0.382120539,0.142351732,155332,0.1670405,182272,3566
"1109",1147,"LIMS26629p4","450_221111_L001_",232,442440,1907.07,1091184475,0.405467646,0.196479152,214395,0.163846723,178787,3095
"1110",1148,"LIMS26629p4","451-2724_221111_L001_",221,465949,2108.36,1091184475,0.427012124,0.236070074,257596,0.179320733,195672,1360
"1111",1149,"LIMS26629p4","452-676_221111_L001_",220,548480,2493.09,1091184475,0.502646448,0.31073206,339066,0.194573883,212316,3598
"1112",1150,"LIMS26629p4","453-1043_221111_L001_",229,451258,1970.56,1091184475,0.413548772,0.224529404,245003,0.17061918,186177,845
"1113",1151,"LIMS26629p4","454-2285_221111_L001_",221,415998,1882.34,1091184475,0.381235263,0.177123121,193274,0.183780107,200538,495
"1114",1152,"LIMS26629p4","455-2591_221111_L001_",244,389932,1598.08,1091184475,0.35734746,0.160472408,175105,0.141872436,154809,1221
"1115",1153,"LIMS26629p4","456-4011_221111_L001_",227,463856,2043.42,1091184475,0.425094025,0.218964809,238931,0.179412377,195772,5276
"1116",1154,"LIMS26629p4","457-4002_221111_L001_",243,391297,1610.28,1091184475,0.358598394,0.159268212,173791,0.149898577,163567,1616
"1117",1155,"LIMS26629p4","458-579_221111_L001_",254,433434,1706.43,1091184475,0.397214229,0.148277403,161798,0.173066062,188847,3509
"1118",1156,"LIMS26629p4","459-2912_221111_L001_",233,451988,1939.86,1091184475,0.41421777,0.217689131,237539,0.175989491,192037,3648
"1119",1157,"LIMS26629p4","460-3228_221111_L001_",237,472950,1995.57,1091184475,0.433428087,0.229696267,250641,0.174240016,190128,3642
"1120",1158,"LIMS26629p4","461-4293_221111_L001_",240,433361,1805.67,1091184475,0.397147329,0.199321934,217497,0.168200707,183538,5323
"1121",1159,"LIMS26629p4","462-4054_221111_L001_",238,486844,2045.56,1091184475,0.44616104,0.24523626,267598,0.171118637,186722,1523
"1122",1160,"LIMS26629p4","463-2196_221111_L001_",230,428510,1863.09,1091184475,0.392701702,0.176368895,192451,0.151491342,165305,199
"1123",1161,"LIMS26629p4","464-4001_221111_L001_",239,440823,1844.45,1091184475,0.40398577,0.188558401,205752,0.168707496,184091,3641
"1124",1162,"LIMS26629p4","465-489_221111_L001_",217,394846,1819.56,1091184475,0.361850823,0.175802538,191833,0.164678846,179695,3461
"1125",1163,"LIMS26629p4","466-665_221111_L001_",249,466065,1871.75,1091184475,0.42711843,0.202863957,221362,0.164811729,179840,3593
"1126",1164,"LIMS26629p4","467-3185_221111_L001_",235,389883,1659.08,1091184475,0.357302554,0.154499082,168587,0.164798899,179826,3644
"1127",1165,"LIMS26629p4","468-2603_221111_L001_",212,551834,2602.99,1091184475,0.505720172,0.336197049,366853,0.191270133,208711,1269
"1128",1166,"LIMS26629p4","469-4004_221111_L001_",223,411607,1845.77,1091184475,0.377211195,0.17621585,192284,0.167084489,182320,3491
"1129",1167,"LIMS26629p4","470-4292_221111_L001_",229,383667,1675.4,1091184475,0.351605992,0.157074266,171397,0.132003344,144040,1886
"1130",1168,"LIMS26629p4","471-2899_221111_L001_",229,498626,2177.41,1091184475,0.456958481,0.271472887,296227,0.183402536,200126,3643
"1131",1169,"LIMS26629p4","473-1035_221111_L001_",239,414309,1733.51,1091184475,0.379687403,0.171248771,186864,0.158892473,173381,929
"1132",1170,"LIMS26629p4","474-905_221111_L001_",228,456481,2002.11,1091184475,0.418335314,0.228238218,249050,0.164069416,179030,1587
"1133",1171,"LIMS26629p4","475-2483_221111_L001_",219,360905,1647.97,1091184475,0.330746091,0.137614678,150163,0.128781158,140524,1032
"1134",1172,"LIMS26629p4","476-2763_221111_L001_",224,393896,1758.46,1091184475,0.360980209,0.168875203,184274,0.143049139,156093,1404
"1135",1173,"LIMS26629p4","477-2454_221111_L001_",223,355147,1592.59,1091184475,0.325469257,0.137215112,149727,0.148839178,162411,559
"1136",1174,"LIMS26629p4","478-666_221111_L001_",209,511692,2448.29,1091184475,0.468932625,0.290036201,316483,0.17757859,193771,3597
"1137",1175,"LIMS26629p4","479-2282_221111_L001_",229,410357,1791.95,1091184475,0.376065651,0.169847541,185335,0.158083261,172498,42
"1138",1176,"LIMS26629p4","480-2288_221111_L002_",228,453117,1987.36,1091184475,0.415252426,0.239216197,261029,0.172516201,188247,925
"1139",1177,"LIMS26629p4","481-2270_221111_L002_",243,447477,1841.47,1091184475,0.41008373,0.20031535,218581,0.170773141,186345,884
"1140",1178,"LIMS26629p4","483-2256_221111_L002_",244,436654,1789.56,1091184475,0.400165151,0.173889937,189746,0.161151486,175846,872
"1141",1179,"LIMS26629p4","484-2173_221111_L002_",218,395752,1815.38,1091184475,0.362681113,0.16029187,174908,0.164970272,180013,833
"1142",1180,"LIMS26629p4","485-2257_221111_L002_",376,359266,955.494,1091184475,0.329244054,0.040186147,43850.5,0.150315555,164022,873
"1143",1181,"LIMS26629p4","486-421_221111_L002_",224,335876,1499.45,1091184475,0.307808632,0.103136548,112541,0.123182654,134415,3016
"1144",1182,"LIMS26629p4","487-2766_221111_L002_",242,436675,1804.44,1091184475,0.400184396,0.193454915,211095,0.158866813,173353,1411
"1145",1183,"LIMS26629p4","488-2427_221111_L002_",212,508336,2397.81,1091184475,0.465857068,0.28844527,314747,0.177574007,193766,1207
"1146",1184,"LIMS26629p4","489-2076_221111_L002_",225,438965,1950.96,1091184475,0.402283033,0.197362595,215359,0.160986528,175666,200
"1147",1185,"LIMS26629p4","490-2397_221111_L002_",244,439190,1799.96,1091184475,0.402489231,0.189653541,206947,0.168150303,183483,1052
"1148",1186,"LIMS26629p4","491-2242_221111_L002_",228,429129,1882.14,1091184475,0.393268975,0.195670856,213513,0.154344205,168418,465
"1149",1187,"LIMS26629p4","492-3244_221111_L002_",255,487948,1913.52,1091184475,0.447172784,0.212639572,232029,0.192987533,210585,4906
"1150",1188,"LIMS26629p4","493-6467_221111_L002_",236,406043,1720.52,1091184475,0.372112149,0.173463795,189281,0.162352933,177157,6560
"1151",1189,"LIMS26629p4","494-2004_221111_L002_",209,442607,2117.73,1091184475,0.40562069,0.2341868,255541,0.17215146,187849,78
"1152",1190,"LIMS26629p4","495-2339_221111_L002_",232,505958,2180.85,1091184475,0.463677785,0.278586258,303989,0.159361688,173893,889
"1153",1192,"LIMS26629p4","497-2500_221111_L002_",335,445283,1329.2,1091184475,0.408073071,0.06981386,76179.8,0.171412813,187043,1223
"1154",1193,"LIMS26629p4","498-553_221111_L002_",234,386418,1651.36,1091184475,0.354127106,0.157998032,172405,0.148770445,162336,1700
"1155",1194,"LIMS26629p4","499-827_221111_L002_",228,378071,1658.21,1091184475,0.34647762,0.135163213,147488,0.162521557,177341,459
"1156",1195,"LIMS26629p4","500-2629_221111_L002_",207,455499,2200.48,1091184475,0.417435375,0.245652322,268052,0.169807218,185291,641
"1157",1196,"LIMS26629p4","501-1983_221111_L002_",249,377277,1515.17,1091184475,0.34574997,0.138038987,150626,0.146955903,160356,456
"1158",1197,"LIMS26629p4","502-2592_221111_L002_",232,408720,1761.73,1091184475,0.374565446,0.180831019,197320,0.155758264,169961,1273
"1159",1198,"LIMS26629p4","503-3470_221111_L002_",224,455553,2033.72,1091184475,0.417484862,0.22538902,245941,0.16866259,184042,5073
"1160",1199,"LIMS26629p4","504-4481_221111_L002_",250,472281,1889.12,1091184475,0.432814992,0.218795268,238746,0.192202148,209728,5464
"1161",1200,"LIMS26629p4","505-2761_221111_L002_",231,453556,1963.45,1091184475,0.415654741,0.216700297,236460,0.168347337,183698,1402
"1162",1201,"LIMS26629p4","506-4049_221111_L002_",230,449036,1952.33,1091184475,0.411512453,0.23149248,252601,0.175844694,191879,4854
"1163",1202,"LIMS26629p4","507-4478_221111_L002_",228,527006,2311.43,1091184475,0.482966915,0.26493962,289098,0.192777669,210356,5461
"1164",1203,"LIMS26629p4","508-3904_221111_L002_",225,441775,1963.45,1091184475,0.404858216,0.205563775,224308,0.172198198,187900,2988
"1165",1204,"LIMS26629p4","509-2693_221111_L002_",213,430557,2021.4,1091184475,0.394577645,0.199935029,218166,0.147027385,160434,511
"1166",1205,"LIMS26629p4","510-4092_221111_L002_",229,441464,1927.79,1091184475,0.404573205,0.223931888,244351,0.158084177,172499,4863
"1167",1206,"LIMS26629p4","511-3564_221111_L002_",212,452595,2134.88,1091184475,0.414774046,0.242337575,264435,0.182704212,199364,5165
"1168",1207,"LIMS26629p4","512-4085_221111_L002_",251,439254,1750.02,1091184475,0.402547883,0.174487453,190398,0.168394075,183749,5282
"1169",1208,"LIMS26629p4","513-4290_221111_L002_",222,430833,1940.69,1091184475,0.394830581,0.178010231,194242,0.169607435,185073,5322
"1170",1209,"LIMS26629p4","514-3613_221111_L002_",259,416904,1609.67,1091184475,0.382065553,0.172332914,188047,0.157625043,171998,5215
"1171",1210,"LIMS26629p4","515-2187_221111_L002_",227,453630,1998.37,1091184475,0.415722557,0.231835227,252975,0.172172538,187872,916
"1172",1211,"LIMS26629p4","516-3653_221111_L002_",236,501805,2126.29,1091184475,0.459871829,0.257393691,280864,0.194295286,212012,5256
"1173",1212,"LIMS26629p4","517-3571_221111_L002_",243,446239,1836.37,1091184475,0.408949183,0.201484721,219857,0.183883665,200651,5172
"1174",1213,"LIMS26629p4","518-3909_221111_L002_",194,570453,2940.48,1091184475,0.522783281,0.35156292,383620,0.198162643,216232,1804
"1175",1214,"LIMS26629p4","519-3573_221111_L002_",217,434537,2002.47,1091184475,0.398225057,0.207050233,225930,0.155826997,170036,5174
"1176",1215,"LIMS26629p4","520-353_221111_L002_",195,503985,2584.54,1091184475,0.461869658,0.308331,336446,0.185139181,202021,3011
"1177",1216,"LIMS26629p4","521-3658_221111_L002_",213,474233,2226.45,1091184475,0.434603874,0.251587157,274528,0.16656487,181753,5261
"1178",1217,"LIMS26629p4","522-4029_221111_L002_",233,475273,2039.8,1091184475,0.435556967,0.24283245,264975,0.181827184,198407,1664
"1179",1218,"LIMS26629p4","523-3597_221111_L002_",252,397692,1578.14,1091184475,0.364458998,0.141855024,154790,0.165636521,180740,5199
"1180",1219,"LIMS26629p4","524-3594_221111_L002_",260,328631,1263.96,1091184475,0.301169058,0.107717808,117540,0.145474027,158739,5196
"1181",1220,"LIMS26629p4","525-4103_221111_L002_",391,494270,1264.12,1091184475,0.452966489,0.097175136,106036,0.171178205,186787,5286
"1182",1221,"LIMS26629p4","526-4475_221111_L002_",234,419682,1793.51,1091184475,0.38461141,0.170834542,186412,0.171737231,187397,5458
"1183",1222,"LIMS26629p4","527-1992_221111_L002_",227,470851,2074.23,1091184475,0.43150449,0.243434548,265632,0.179067797,195396,462
"1184",1223,"LIMS26629p4","528-4108_221111_L002_",223,440854,1976.92,1091184475,0.404014179,0.202082237,220509,0.160447664,175078,1798
"1185",1224,"LIMS26629p4","529-3611_221111_L002_",238,395225,1660.61,1091184475,0.362198152,0.150923152,164685,0.176408302,192494,5213
"1186",1225,"LIMS26629p4","530-3530_221111_L002_",234,469484,2006.34,1091184475,0.430251723,0.222338207,242612,0.179233672,195577,5133
"1187",1226,"LIMS26629p4","531-3475_221111_L002_",246,443700,1803.66,1091184475,0.406622354,0.195975112,213845,0.14556842,158842,5078
"1188",1227,"LIMS26629p4","532-1964_221111_L002_",229,401653,1753.94,1091184475,0.368088998,0.189724107,207024,0.141022901,153882,446
"1189",1228,"LIMS26629p4","533-4331_221111_L002_",211,537710,2548.39,1091184475,0.492776439,0.325796424,355504,0.18349143,200223,1553
"1190",1229,"LIMS26629p4","534-4349_221111_L002_",249,393357,1579.75,1091184475,0.360486251,0.147302316,160734,0.137548695,150091,5340
"1191",1230,"LIMS26629p4","535-3903_221111_L002_",238,417108,1752.56,1091184475,0.382252506,0.180494687,196953,0.166370586,181541,4964
"1192",1231,"LIMS26629p4","536-379_221111_L002_",235,550320,2341.79,1091184475,0.504332689,0.308923933,337093,0.191176657,208609,1756
"1193",1232,"LIMS26629p4","537-4107_221111_L002_",241,442533,1836.24,1091184475,0.405552874,0.187745523,204865,0.176559513,192659,1171
"1194",1233,"LIMS26629p4","538-2422_221111_L002_",230,420982,1830.36,1091184475,0.385802776,0.194960618,212738,0.169520374,184978,163
"1195",1234,"LIMS26629p4","539-4083_221111_L002_",242,441589,1824.75,1091184475,0.404687759,0.211454621,230736,0.166914032,182134,3612
"1196",1235,"LIMS26629p4","540-3660_221111_L002_",234,425493,1818.35,1091184475,0.389936816,0.187364286,204449,0.15443035,168512,5263
"1197",1236,"LIMS26629p4","541-1049_221111_L002_",212,474054,2236.1,1091184475,0.434439832,0.264676603,288811,0.175445128,191443,1701
"1198",1237,"LIMS26629p4","542-3998_221111_L002_",228,405515,1778.58,1091184475,0.371628271,0.165668596,180775,0.158681693,173151,1872
"1199",1238,"LIMS26629p4","543-4033_221111_L002_",258,419619,1626.43,1091184475,0.384553675,0.148777777,162344,0.156067103,170298,1707
"1200",1239,"LIMS26629p4","544-4468_221111_L002_",216,457977,2120.26,1091184475,0.419706301,0.214052716,233571,0.173735976,189578,5451
"1201",1240,"LIMS26629p4","545-2552_221111_L002_",237,381451,1609.5,1091184475,0.349575172,0.142092381,155049,0.136157546,148573,1192
"1202",1241,"LIMS26629p4","546-4009_221111_L002_",85,60214.7,708.408,1091184475,0.055182878,0,0,0.252652055,275690,2986
"1203",1242,"LIMS26629p4","547-4303_221111_L002_",238,387888,1629.78,1091184475,0.355474266,0.139746306,152489,0.150896575,164656,5327
"1204",1243,"LIMS26629p4","548-1068_221111_L002_",210,485612,2312.44,1091184475,0.445031991,0.262821738,286787,0.183020383,199709,1712
"1205",1244,"LIMS26629p4","549-2784_221111_L002_",243,488809,2011.56,1091184475,0.447961835,0.250970396,273855,0.175510195,191514,3976
"1206",1245,"LIMS26629p4","550-2478_221111_L002_",181,601945,3325.66,1091184475,0.551643662,0.403927118,440759,0.204680331,223344,1241
"1207",1246,"LIMS26629p4","551-2176_221111_L002_",237,450546,1901.04,1091184475,0.41289627,0.21185602,231174,0.149549415,163186,75
"1208",1247,"LIMS26629p4","552-2199_221111_L002_",222,408058,1838.1,1091184475,0.373958766,0.173350157,189157,0.173139377,188927,604
"1209",1248,"LIMS26629p4","553-1087_221111_L002_",201,485014,2413,1091184475,0.444483963,0.275654582,300790,0.182896664,199574,1724
"1210",1249,"LIMS26629p4","554-4282_221111_L002_",241,524457,2176.17,1091184475,0.480630922,0.297799325,324954,0.181034467,197542,5317
"1211",1250,"LIMS26629p4","555-940_221111_L002_",249,421989,1694.73,1091184475,0.386725627,0.182079203,198682,0.160193811,174801,1615
"1212",1251,"LIMS26629p4","556-4465_221111_L002_",212,440466,2077.67,1091184475,0.403658602,0.215443864,235089,0.168913694,184316,5448
"1213",1252,"LIMS26629p4","557-4302_221111_L002_",243,492072,2024.99,1091184475,0.450952164,0.241696071,263735,0.197862053,215904,5326
"1214",1253,"LIMS26629p4","558-4130_221111_L002_",235,436465,1857.3,1091184475,0.399991945,0.194392428,212118,0.160747338,175405,5293
"1215",1254,"LIMS26629p4","559-2450_221111_L002_",232,464448,2001.93,1091184475,0.425636554,0.225082015,245606,0.168422484,183780,1235
"1216",1255,"LIMS26629p4","560-1076_221111_L002_",254,466601,1837.01,1091184475,0.42760964,0.201153888,219496,0.175127125,191096,1715
"1217",1256,"LIMS26629p4","561-2411_221111_L002_",208,466844,2244.44,1091184475,0.427832333,0.250662474,273519,0.149602568,163244,606
"1218",1257,"LIMS26629p4","562-1066_221111_L002_",241,450838,1870.7,1091184475,0.413163869,0.193693188,211355,0.164176639,179147,634
"1219",1258,"LIMS26629p4","563-4320_221111_L002_",181,616281,3404.87,1091184475,0.564781679,0.411864364,449420,0.21106422,230310,4939
"1220",1259,"LIMS26629p4","564-2347_221111_L002_",243,439057,1806.82,1091184475,0.402367345,0.173828536,189679,0.181197593,197720,1027
"1221",1260,"LIMS26629p4","565-2405_221111_L002_",227,392220,1727.84,1091184475,0.359444264,0.174839364,190782,0.131100656,143055,1201
"1222",1261,"LIMS26629p4","566-2229_221111_L002_",254,385754,1518.71,1091184475,0.353518593,0.128345851,140049,0.141996155,154944,298
"1223",1262,"LIMS26629p4","567-2782_221111_L002_",242,455541,1882.4,1091184475,0.417473865,0.203312093,221851,0.170148132,185663,3964
"1224",1263,"LIMS26629p4","568-2785_221111_L002_",262,410710,1567.6,1091184475,0.376389153,0.144056302,157192,0.1670405,182272,4086
"1225",1264,"LIMS26629p4","569-2105_221111_L002_",223,429762,1927.18,1091184475,0.393849079,0.200951356,219275,0.158547894,173005,524
"1226",1265,"LIMS26629p4","570-2394_221111_L002_",234,367775,1571.69,1091184475,0.337042002,0.127931622,139597,0.13327444,145427,1862
"1227",1266,"LIMS26629p4","571-2448_221111_L002_",267,468547,1754.86,1091184475,0.429393023,0.216812102,236582,0.160966366,175644,1164
"1228",1267,"LIMS26629p4","572-2032_221111_L002_",236,455023,1928.06,1091184475,0.416999151,0.203144386,221668,0.177275249,193440,508
"1229",1268,"LIMS26629p4","573-2217_221111_L002_",221,393799,1781.9,1091184475,0.360891315,0.166730745,181934,0.141163115,154035,681
"1230",1269,"LIMS26629p4","574-2362_221111_L002_",214,474074,2215.3,1091184475,0.434458161,0.247409129,269969,0.146351972,159697,950
"1231",1270,"LIMS26629p4","5-751_221111_L001_",216,462798,2142.58,1091184475,0.424124436,0.235822637,257326,0.181770365,198345,1440
"1232",1271,"LIMS26629p4","575-2420_221111_L002_",216,385516,1784.8,1091184475,0.353300481,0.183241243,199950,0.130210797,142084,477
"1233",1272,"LIMS26629p4","63-2554_221111_L001_",222,429918,1936.57,1091184475,0.393992042,0.205269599,223987,0.161477737,176202,1189
"1234",1273,"LIMS26629p4","95-2765_221111_L001_",243,427081,1757.53,1091184475,0.391392115,0.163404084,178304,0.142674317,155684,1407
"1235",1275,"LIMS26757","289-822_230106_L002_",290,674052,2324.32,1091184475,0.617725064,0.343018077,374296,0.207805376,226754,1537
"1236",1276,"LIMS26757","290-2074_230106_L002_",239,429002,1794.99,1091184475,0.393152588,0.166324764,181491,0.156351198,170608,443
"1237",1277,"LIMS26757","291-2482_230106_L002_",273,434329,1590.95,1091184475,0.398034439,0.127118744,138710,0.172364989,188082,942
"1238",1278,"LIMS26757","292-2473_230106_L002_",276,477914,1731.57,1091184475,0.437977272,0.197988521,216042,0.170903275,186487,1220
"1239",1279,"LIMS26757","293-2633_230106_L002_",294,337490,1147.93,1091184475,0.309287758,0.043187015,47125,0.147459943,160906,1295
"1240",1280,"LIMS26757","294-2699_230106_L002_",264,477669,1809.35,1091184475,0.437752746,0.185755026,202693,0.146327228,159670,1388
"1241",1281,"LIMS26757","295-5701_230106_L002_",241,392871,1630.17,1091184475,0.360040863,0.168510462,183876,0.17636248,192444,6021
"1242",1282,"LIMS26757","296-2457_230106_L002_",245,439643,1794.46,1091184475,0.402904376,0.191121671,208549,0.170401985,185940,1237
"1243",1283,"LIMS26757","297-2669_230106_L002_",297,522969,1760.84,1091184475,0.479267266,0.210489615,229683,0.178534432,194814,1349
"1244",1284,"LIMS26757","298-2185_230106_L002_",219,424179,1936.89,1091184475,0.38873262,0.198984686,217129,0.15609368,170327,840
"1245",1285,"LIMS26757","299-2460_230106_L002_",258,403382,1563.5,1091184475,0.369673515,0.120789842,131804,0.137756725,150318,1239
"1246",1286,"LIMS26757","300-859_230106_L002_",252,482416,1914.35,1091184475,0.442103064,0.234907118,256327,0.175684318,191704,1563
"1247",1287,"LIMS26757","301-2305_230106_L002_",246,445007,1808.97,1091184475,0.407820135,0.169715574,185191,0.157328118,171674,775
"1248",1288,"LIMS26757","302-811_230106_L002_",269,424285,1577.27,1091184475,0.388829762,0.151695707,165528,0.16161337,176350,1522
"1249",1289,"LIMS26757","303-2296_230106_L002_",253,441848,1746.43,1091184475,0.404925116,0.156921221,171230,0.166541959,181728,930
"1250",1290,"LIMS26757","304-599_230106_L002_",274,396110,1445.66,1091184475,0.363009197,0.129281531,141070,0.152440769,166341,3514
"1251",1291,"LIMS26757","305-600_230106_L002_",255,474033,1858.95,1091184475,0.434420587,0.187959052,205098,0.190321623,207676,2959
"1252",1292,"LIMS26757","306-4904_230106_L002_",259,468403,1808.51,1091184475,0.429261056,0.184102693,200890,0.18276653,199432,5587
"1253",1293,"LIMS26757","307-4131_230106_L002_",237,439466,1854.29,1091184475,0.402742167,0.191763176,209249,0.159543142,174091,5294
"1254",1294,"LIMS26757","308-1100_230106_L002_",265,400350,1510.75,1091184475,0.366894883,0.127170981,138767,0.171326668,186949,1733
"1255",1295,"LIMS26757","309-485_230106_L002_",263,411842,1565.94,1091184475,0.377426558,0.151195333,164982,0.146539841,159902,3455
"1256",1296,"LIMS26757","310-3353_230106_L002_",267,394680,1478.2,1091184475,0.361698694,0.131203296,143167,0.157856901,172251,4898
"1257",1297,"LIMS26757","311-3243_230106_L002_",215,487684,2268.3,1091184475,0.446930845,0.254683792,277907,0.170389154,185926,4911
"1258",1298,"LIMS26757","312-2641_230106_L002_",435,493151,1133.68,1091184475,0.451940997,0.055094351,60118.1,0.187065528,204123,1299
"1259",1299,"LIMS26757","313-948_230106_L002_",249,467754,1878.53,1091184475,0.428666289,0.206932013,225801,0.167444648,182713,1622
"1260",1300,"LIMS26757","314-689_230106_L002_",274,445360,1625.4,1091184475,0.408143637,0.161953367,176721,0.173121965,188908,3603
"1261",1301,"LIMS26757","315-5215_230106_L002_",272,401406,1475.76,1091184475,0.367862638,0.132036336,144076,0.140905597,153754,5783
"1262",1302,"LIMS26757","316-3317_230106_L002_",252,390139,1548.17,1091184475,0.357537162,0.128162564,139849,0.163515889,178426,4950
"1263",1303,"LIMS26757","317-2593_230106_L002_",257,446079,1735.72,1091184475,0.408802554,0.18251451,199157,0.169419566,184868,1247
"1264",1304,"LIMS26757","318-3225_230106_L002_",267,419061,1569.52,1091184475,0.384042304,0.121976625,133099,0.155722523,169922,4900
"1265",1305,"LIMS26757","319-1985_230106_L002_",239,399615,1672.03,1091184475,0.366221303,0.143436791,156516,0.159451499,173991,457
"1266",1306,"LIMS26757","320-4770_230106_L002_",264,392170,1485.49,1091184475,0.359398442,0.133581446,145762,0.153981296,168022,4919
"1267",1307,"LIMS26757","321-3553_230106_L002_",284,388695,1368.64,1091184475,0.356213829,0.098134644,107083,0.14860732,162158,5157
"1268",1308,"LIMS26757","322-1026_230106_L002_",253,393227,1554.26,1091184475,0.360367114,0.136122721,148535,0.140000159,152766,1436
"1269",1309,"LIMS26757","323-3527_230106_L002_",277,438840,1584.26,1091184475,0.402168478,0.136644173,149104,0.164453403,179449,5130
"1270",1310,"LIMS26757","324-928_230106_L002_",272,436464,1604.65,1091184475,0.399991028,0.12873167,140470,0.162678268,177512,1603
"1271",1311,"LIMS26757","325-1110_230106_L002_",260,436209,1677.73,1091184475,0.399757337,0.161367765,176082,0.170751146,186321,1738
"1272",1312,"LIMS26757","326-1143_230106_L002_",253,459375,1815.71,1091184475,0.420987478,0.183607818,200350,0.176250675,192322,1753
"1273",1313,"LIMS26757","327-1126_230106_L002_",250,388290,1553.16,1091184475,0.355842673,0.128774743,140517,0.154528408,168619,1697
"1274",1314,"LIMS26757","328-4788_230106_L002_",261,404025,1547.99,1091184475,0.370262783,0.125201561,136618,0.160761085,175420,5610
"1275",1315,"LIMS26757","329-5401_230106_L002_",250,413630,1654.52,1091184475,0.379065144,0.174706481,190637,0.173264928,189064,1042
"1276",1316,"LIMS26757","330-479_230106_L002_",265,432627,1632.55,1091184475,0.396474666,0.173236519,189033,0.174819203,190760,3017
"1277",1317,"LIMS26757","331-5258_230106_L002_",253,421084,1664.36,1091184475,0.385896253,0.172500621,188230,0.15473369,168843,5821
"1278",1318,"LIMS26757","332-3869_230106_L002_",270,423924,1570.09,1091184475,0.388498929,0.1513273,165126,0.179575502,195950,1766
"1279",1319,"LIMS26757","333-3533_230106_L002_",246,583757,2373,1091184475,0.534975537,0.316645817,345519,0.173823038,189673,5136
"1280",1320,"LIMS26757","334-4744_230106_L002_",281,412421,1467.69,1091184475,0.377957174,0.131229873,143196,0.152105353,165975,5623
"1281",1321,"LIMS26757","335-598_230106_L002_",237,442489,1867.04,1091184475,0.405512551,0.201691836,220083,0.142552431,155551,1504
"1282",1324,"LIMS26757","338-197_230106_L002_",233,439532,1886.4,1091184475,0.402802652,0.199856216,218080,0.158168489,172591,1828
"1283",1325,"LIMS26757","339-3973_230106_L002_",250,424060,1696.24,1091184475,0.388623564,0.1611634,175859,0.156012117,170238,3616
"1284",1326,"LIMS26757","340-1133_230106_L002_",247,400503,1621.47,1091184475,0.367035097,0.157406932,171760,0.155137838,169284,1745
"1285",1327,"LIMS26757","341-1101_230106_L002_",239,383656,1605.25,1091184475,0.351595911,0.142322406,155300,0.145160606,158397,1734
"1286",1328,"LIMS26757","342-3550_230106_L002_",256,448631,1752.46,1091184475,0.411141297,0.175686151,191706,0.152559905,166471,5154
"1287",1329,"LIMS26757","343-5332_230106_L002_",229,499154,2179.71,1091184475,0.457442359,0.260232808,283962,0.190406851,207769,5770
"1288",1330,"LIMS26757","344-73_230106_L002_",244,409455,1678.09,1091184475,0.375239026,0.141480202,154381,0.146296986,159637,1769
"1289",1331,"LIMS26757","345-2579_230106_L002_",249,398619,1600.88,1091184475,0.365308533,0.134073572,146299,0.150006716,163685,1041
"1290",1332,"LIMS26757","346-3100_230106_L002_",270,405102,1500.38,1091184475,0.371249783,0.124714934,136087,0.186627472,203645,3463
"1291",1333,"LIMS26757","347-3474_230106_L002_",272,493149,1813.05,1091184475,0.451939165,0.204559362,223212,0.200818473,219130,5077
"1292",1334,"LIMS26757","348-4724_230106_L002_",278,481790,1733.06,1091184475,0.441529376,0.187728111,204846,0.182300981,198924,5603
"1293",1335,"LIMS26757","349-465_230106_L002_",268,408797,1525.36,1091184475,0.374636012,0.124602213,135964,0.173724063,189565,3445
"1294",1336,"LIMS26757","350-1117_230106_L002_",260,383255,1474.06,1091184475,0.351228421,0.102116555,111428,0.131573536,143571,1396
"1295",1337,"LIMS26757","351-4605_230106_L002_",244,573148,2348.97,1091184475,0.525253074,0.298816568,326064,0.207186782,226079,5497
"1296",1338,"LIMS26757","352-882_230106_L002_",236,467920,1982.71,1091184475,0.428818418,0.20913604,228206,0.162444577,177257,1370
"1297",1339,"LIMS26757","353-1107_230106_L002_",258,499621,1936.52,1091184475,0.457870334,0.228195145,249003,0.190467336,207835,1737
"1298",1340,"LIMS26757","354-692_230106_L002_",244,397625,1629.61,1091184475,0.364397596,0.163023764,177889,0.13897925,151652,3604
"1299",1341,"LIMS26757","355-947_230106_L002_",273,480974,1761.81,1091184475,0.440781564,0.189440012,206714,0.177070884,193217,1621
"1300",1342,"LIMS26757","356-1071_230106_L002_",268,458504,1710.84,1091184475,0.420189263,0.173684656,189522,0.167613272,182897,1713
"1301",1343,"LIMS26757","357-3141_230106_L002_",333,405967,1219.12,1091184475,0.3720425,0.077544542,84615.4,0.16355163,178465,3569
"1302",1344,"LIMS26757","358-694_230106_L002_",284,433043,1524.8,1091184475,0.396855903,0.13949337,152213,0.167321845,182579,3605
"1303",1345,"LIMS26757","359-493_230106_L002_",264,423060,1602.5,1091184475,0.387707129,0.150554745,164283,0.162962363,177822,1725
"1304",1346,"LIMS26757","360-2793_230106_L002_",234,570701,2438.89,1091184475,0.523010557,0.334197387,364671,0.191940964,209443,3614
"1305",1347,"LIMS26757","361-4271_230106_L002_",264,384180,1455.23,1091184475,0.352076124,0.123982702,135288,0.13076524,142689,5289
"1306",1348,"LIMS26757","362-201_230106_L002_",260,448876,1726.45,1091184475,0.411365823,0.165298356,180371,0.178685643,194979,1832
"1307",1349,"LIMS26757","363-198_230106_L002_",243,404492,1664.57,1091184475,0.370690758,0.144581419,157765,0.150369625,164081,1829
"1308",1350,"LIMS26757","364-222_230106_L002_",263,388960,1478.94,1091184475,0.356456684,0.114869669,125344,0.135283266,147619,1849
"1309",1351,"LIMS26757","365-946_230106_L002_",280,438964,1567.73,1091184475,0.402282116,0.152229072,166110,0.176115959,192175,1620
"1310",1352,"LIMS26757","366-227_230106_L002_",275,477548,1736.54,1091184475,0.437641857,0.182651976,199307,0.150556578,164285,1855
"1311",1353,"LIMS26757","367-3326_230106_L002_",264,427731,1620.19,1091184475,0.391987798,0.138937094,151606,0.167936773,183250,3518
"1312",1354,"LIMS26757","368-2746_230106_L002_",288,403261,1400.21,1091184475,0.369562626,0.111218591,121360,0.147190511,160612,1400
"1313",1355,"LIMS26757","369-944_230106_L002_",254,474976,1869.98,1091184475,0.435284785,0.206889857,225755,0.164546879,179551,1618
"1314",1356,"LIMS26757","370-3788_230106_L002_",250,456106,1824.42,1091184475,0.417991651,0.19902226,217170,0.163680848,178606,3580
"1315",1357,"LIMS26757","371-3245_230106_L002_",245,401622,1639.28,1091184475,0.368060588,0.156196321,170439,0.164852052,179884,4910
"1316",1358,"LIMS26757","372-3346_230106_L002_",264,463538,1755.83,1091184475,0.424802598,0.187047199,204103,0.175297582,191282,3572
"1317",1359,"LIMS26757","373-2791_230106_L002_",279,417423,1496.14,1091184475,0.382541183,0.131476394,143465,0.164143648,179111,3611
"1318",1360,"LIMS26757","374-414_230106_L002_",273,588251,2154.76,1091184475,0.539093997,0.274068232,299059,0.197573375,215589,1773
"1319",1361,"LIMS26757","375-3343_230106_L002_",260,440604,1694.63,1091184475,0.40378507,0.164512971,179514,0.170704408,186270,4877
"1320",1362,"LIMS26757","376-1099_230106_L002_",260,394577,1517.61,1091184475,0.361604302,0.121990372,133114,0.143374474,156448,1732
"1321",1364,"LIMS26757","378-3830_230106_L002_",283,445769,1575.16,1091184475,0.408518459,0.122651122,133835,0.191185821,208619,1193
"1322",1365,"LIMS26757","379-2444_230106_L002_",228,383165,1680.55,1091184475,0.351145942,0.162742418,177582,0.149999385,163677,1234
"1323",1366,"LIMS26757","379-3218_230106_L002_",156,168727,1081.58,1091184475,0.154627383,0.028329124,30912.3,0.113488601,123837,4803
"1324",1367,"LIMS26757","379-3321_230106_L002_",260,457650,1760.19,1091184475,0.419406627,0.173568269,189395,0.178975237,195295,3570
"1325",1368,"LIMS26757","380-753_230106_L002_",239,455827,1907.23,1091184475,0.417735965,0.220291807,240379,0.178837772,195145,1488
"1326",1369,"LIMS26757","381-4487_230106_L002_",254,367929,1448.54,1091184475,0.337183133,0.099666924,108755,0.164357177,179344,5473
"1327",1370,"LIMS26757","382-2437_230106_L002_",245,413542,1687.93,1091184475,0.378984498,0.179330814,195683,0.16509949,180154,494
"1328",1371,"LIMS26757","383-325_230106_L002_",257,424438,1651.51,1091184475,0.388969977,0.175162866,191135,0.158250052,172680,2977
"1329",1372,"LIMS26757","384-1998_230106_L002_",237,391053,1650.01,1091184475,0.358374784,0.156096429,170330,0.160133327,174735,469
"1330",1374,"LIMS26757","85-5749_230106_L002_",233,458207,1966.55,1091184475,0.419917081,0.218003468,237882,0.174727559,190660,6052
"1331",1375,"LIMS26757p1","100-4717_221007_L003_",222,453275,2041.78,1091184475,0.415397222,0.218553329,238482,0.159228805,173748,5596
"1332",1376,"LIMS26757p1","101-4728_221007_L003_",240,427214,1780.06,1091184475,0.391514001,0.18857673,205772,0.172483209,188211,5607
"1333",1377,"LIMS26757p1","102-708_221007_L003_",218,421998,1935.77,1091184475,0.386733875,0.19640767,214317,0.1643975,179388,1430
"1334",1378,"LIMS26757p1","10-314_221007_L002_",233,409840,1758.97,1091184475,0.375591854,0.164440573,179435,0.150604232,164337,2972
"1335",1379,"LIMS26757p1","103-3473_221007_L003_",239,449572,1881.06,1091184475,0.412003662,0.216522509,236266,0.152993379,166944,5076
"1336",1380,"LIMS26757p1","104-4760_221007_L003_",244,445806,1827.08,1091184475,0.408552367,0.200813891,219125,0.164376422,179365,3698
"1337",1381,"LIMS26757p1","105-4722_221007_L003_",206,524859,2547.86,1091184475,0.480999329,0.300634776,328048,0.174896183,190844,5601
"1338",1382,"LIMS26757p1","106-483_221007_L003_",237,425676,1796.1,1091184475,0.390104524,0.187106768,204168,0.171488877,187126,3454
"1339",1383,"LIMS26757p1","107-3766_221007_L003_",238,426119,1790.41,1091184475,0.390510505,0.193094756,210702,0.151514252,165330,4960
"1340",1384,"LIMS26757p1","108-3634_221007_L003_",232,395954,1706.7,1091184475,0.362866233,0.175501947,191505,0.167787395,183087,5236
"1341",1385,"LIMS26757p1","109-498_221007_L003_",237,482153,2034.4,1091184475,0.441862042,0.248372302,271020,0.168325342,183674,1856
"1342",1386,"LIMS26757p1","110-4594_221007_L003_",250,428827,1715.31,1091184475,0.392992212,0.159429504,173967,0.171984668,187667,6145
"1343",1387,"LIMS26757p1","1-1102_221007_L002_",247,409964,1659.77,1091184475,0.375705492,0.158179487,172603,0.152909067,166852,1735
"1344",1388,"LIMS26757p1","111-2583_221007_L003_",265,465374,1756.13,1091184475,0.426485173,0.18823215,205396,0.182178178,198790,51
"1345",1389,"LIMS26757p1","112-1008_221007_L003_",236,499359,2115.93,1091184475,0.457630228,0.264566631,288691,0.187955387,205094,1667
"1346",1390,"LIMS26757p1","113-3004_221007_L003_",236,453742,1922.64,1091184475,0.415825198,0.223966713,244389,0.163588288,178505,1884
"1347",1391,"LIMS26757p1","114-5180_221007_L003_",234,435265,1860.11,1091184475,0.398892222,0.198295527,216377,0.148143603,161652,5773
"1348",1392,"LIMS26757p1","115-530_221007_L003_",246,489672,1990.54,1091184475,0.448752719,0.227812075,248585,0.175340654,191329,1495
"1349",1393,"LIMS26757p1","116-53_221007_L003_",255,418397,1640.77,1091184475,0.383433791,0.15285683,166795,0.161864473,176624,1695
"1350",1394,"LIMS26757p1","117-3320_221007_L003_",222,453931,2044.74,1091184475,0.415998404,0.220936061,241082,0.164912537,179950,4955
"1351",1395,"LIMS26757p1","11-782_221007_L002_",236,386003,1635.61,1091184475,0.353746785,0.144123202,157265,0.146535259,159897,1517
"1352",1396,"LIMS26757p1","118-1115_221007_L003_",232,476937,2055.76,1091184475,0.437081915,0.230645694,251677,0.18185651,198439,1741
"1353",1397,"LIMS26757p1","119-989_221007_L003_",216,498734,2308.95,1091184475,0.457057456,0.277229934,302509,0.175994073,192042,1661
"1354",1398,"LIMS26757p1","120-3765_221007_L003_",232,447150,1927.37,1091184475,0.409784056,0.188789343,206004,0.17822376,194475,1800
"1355",1399,"LIMS26757p1","121-5916_221007_L003_",220,455189,2069.04,1091184475,0.41715128,0.216963314,236747,0.162446409,177259,3574
"1356",1400,"LIMS26757p1","12-2190_221007_L002_",244,441089,1807.74,1091184475,0.404229541,0.19874458,216867,0.145179851,158418,442
"1357",1401,"LIMS26757p1","122-328_221007_L003_",227,447744,1972.44,1091184475,0.410328419,0.226686693,247357,0.1737094,189549,1670
"1358",1402,"LIMS26757p1","123-4549_221007_L003_",245,384109,1567.79,1091184475,0.352011057,0.148292066,161814,0.142230763,155200,6150
"1359",1403,"LIMS26757p1","124-5263_221007_L003_",238,378516,1590.4,1091184475,0.346885434,0.151446436,165256,0.146420705,159772,5831
"1360",1404,"LIMS26757p1","125-723_221007_L003_",233,393232,1687.69,1091184475,0.360371696,0.16994285,185439,0.166505301,181688,1424
"1361",1405,"LIMS26757p1","126-103_221007_L003_",219,432059,1972.87,1091184475,0.39595413,0.203742818,222321,0.176204853,192272,1779
"1362",1407,"LIMS26757p1","128-5756_221007_L003_",237,401619,1694.59,1091184475,0.368057839,0.166004928,181142,0.151170589,164955,5334
"1363",1408,"LIMS26757p1","129-4713_221007_L003_",243,448732,1846.63,1091184475,0.411233857,0.196976776,214938,0.173673659,189510,5592
"1364",1409,"LIMS26757p1","130-5_221007_L003_",235,424143,1804.87,1091184475,0.388699628,0.173856029,189709,0.155022367,169158,1759
"1365",1411,"LIMS26757p1","132-3340_221007_L003_",222,495291,2231.04,1091184475,0.453902169,0.288783434,315116,0.185024627,201896,4966
"1366",1412,"LIMS26757p1","13-3296_221007_L002_",234,425275,1817.41,1091184475,0.389737033,0.192052769,209565,0.166739909,181944,3498
"1367",1413,"LIMS26757p1","133-857_221007_L003_",220,406532,1847.87,1091184475,0.372560286,0.183314558,200030,0.17098942,186581,823
"1368",1414,"LIMS26757p1","134-3351_221007_L003_",243,459478,1890.86,1091184475,0.421081871,0.212560759,231943,0.174558935,190476,4970
"1369",1415,"LIMS26757p1","135-5951_221007_L003_",270,427847,1584.62,1091184475,0.392094105,0.151764439,165603,0.164993183,180038,5450
"1370",1416,"LIMS26757p1","136-148_221007_L003_",245,386617,1578.03,1091184475,0.354309476,0.155958047,170179,0.146669059,160043,1796
"1371",1417,"LIMS26757p1","137-3345_221007_L003_",233,402981,1729.53,1091184475,0.369306024,0.164151896,179120,0.17245205,188177,4968
"1372",1418,"LIMS26757p1","138-5037_221007_L003_",232,425918,1835.85,1091184475,0.390326301,0.207219774,226115,0.165758407,180873,5313
"1373",1419,"LIMS26757p1","139-5867_221007_L003_",235,418645,1781.47,1091184475,0.383661067,0.188598724,205796,0.158810911,173292,6136
"1374",1420,"LIMS26757p1","140-3354_221007_L003_",236,418538,1773.47,1091184475,0.383563008,0.17836764,194632,0.146984313,160387,3699
"1375",1421,"LIMS26757p1","141-321_221007_L003_",238,403750,1696.43,1091184475,0.370010763,0.153484588,167480,0.173568269,189395,2982
"1376",1422,"LIMS26757p1","142-3315_221007_L003_",227,443482,1953.67,1091184475,0.406422571,0.217160348,236962,0.147645062,161108,4949
"1377",1423,"LIMS26757p1","14-2917_221007_L002_",244,393369,1612.17,1091184475,0.360497248,0.152709284,166634,0.133875622,146083,1716
"1378",1424,"LIMS26757p1","143-4774_221007_L003_",240,505178,2104.91,1091184475,0.462962965,0.257330457,280795,0.179762455,196154,5631
"1379",1425,"LIMS26757p1","144-4555_221007_L003_",237,374464,1580.02,1091184475,0.343172038,0.142708225,155721,0.132718164,144820,5836
"1380",1426,"LIMS26757p1","145-3312_221007_L003_",249,390787,1569.43,1091184475,0.358131012,0.142163863,155127,0.153876823,167908,3646
"1381",1427,"LIMS26757p1","146-3360_221007_L003_",208,447303,2150.5,1091184475,0.409924271,0.230033515,251009,0.159688856,174250,3696
"1382",1428,"LIMS26757p1","147-3295_221007_L003_",243,450652,1854.53,1091184475,0.412993413,0.181602657,198162,0.183606901,200349,4940
"1383",1429,"LIMS26757p1","148-236_221007_L003_",251,413082,1645.74,1091184475,0.378562937,0.165612693,180714,0.165293774,180366,1865
"1384",1430,"LIMS26757p1","149-3344_221007_L003_",248,428068,1726.08,1091184475,0.392296637,0.168659841,184039,0.161081837,175770,4967
"1385",1431,"LIMS26757p1","150-262_221007_L003_",217,439568,2025.66,1091184475,0.402835643,0.206030241,224817,0.187707949,204824,1785
"1386",1432,"LIMS26757p1","151-908_221007_L003_",212,438447,2068.15,1091184475,0.401808319,0.218872249,238830,0.178292493,194550,847
"1387",1433,"LIMS26757p1","15-2204_221007_L002_",245,411926,1681.33,1091184475,0.377503538,0.182432947,199068,0.15115501,164938,673
"1388",1434,"LIMS26757p1","152-517_221007_L003_",236,406011,1720.39,1091184475,0.372082823,0.162931204,177788,0.147454444,160900,2971
"1389",1435,"LIMS26757p1","153-138_221007_L003_",233,458220,1966.61,1091184475,0.419928995,0.228130079,248932,0.161652776,176393,1789
"1390",1436,"LIMS26757p1","154-4_221007_L003_",244,421965,1729.37,1091184475,0.386703632,0.181306648,197839,0.156803001,171101,1891
"1391",1437,"LIMS26757p1","155-3316_221007_L003_",221,489932,2216.89,1091184475,0.448990992,0.247115869,269649,0.169838377,185325,4952
"1392",1438,"LIMS26757p1","156-4588_221007_L003_",207,488229,2358.6,1091184475,0.447430303,0.27856793,303969,0.165592532,180692,1698
"1393",1439,"LIMS26757p1","157-5194_221007_L003_",220,437531,1988.78,1091184475,0.400968865,0.198171808,216242,0.146747872,160129,5778
"1394",1441,"LIMS26757p1","159-232_221007_L003_",229,441558,1928.2,1091184475,0.40465935,0.210752632,229970,0.156322789,170577,1879
"1395",1442,"LIMS26757p1","160-670_221007_L003_",208,441926,2124.64,1091184475,0.404996598,0.201690919,220082,0.154480754,168567,1346
"1396",1443,"LIMS26757p1","16-104_221007_L002_",272,408892,1503.28,1091184475,0.374723073,0.140923926,153774,0.160526477,175164,1780
"1397",1444,"LIMS26757p1","161-3304_221007_L003_",232,446874,1926.18,1091184475,0.40953112,0.20852936,227544,0.179203429,195544,4948
"1398",1445,"LIMS26757p1","162-1106_221007_L003_",246,438771,1783.62,1091184475,0.402105244,0.183353965,200073,0.168687334,184069,1736
"1399",1446,"LIMS26757p1","163-343_221007_L003_",221,417033,1887.03,1091184475,0.382183773,0.197492729,215501,0.151893657,165744,1721
"1400",1447,"LIMS26757p1","164-4750_221007_L003_",227,398775,1756.72,1091184475,0.365451497,0.183100112,199796,0.139748139,152491,5608
"1401",1448,"LIMS26757p1","165-5049_221007_L003_",251,392140,1562.31,1091184475,0.359370949,0.141958581,154903,0.165660348,180766,5316
"1402",1449,"LIMS26757p1","166-6092_221007_L003_",245,437376,1785.21,1091184475,0.400826817,0.177356812,193529,0.188946053,206175,3486
"1403",1450,"LIMS26757p1","167-6073_221007_L003_",262,417065,1591.85,1091184475,0.382213099,0.15198805,165847,0.155719774,169919,6147
"1404",1451,"LIMS26757p1","168-99_221007_L003_",241,416513,1728.27,1091184475,0.381707227,0.172635337,188377,0.167517963,182793,1777
"1405",1452,"LIMS26757p1","169-1125_221007_L003_",224,412592,1841.93,1091184475,0.378113884,0.186580734,203594,0.162955031,177814,1696
"1406",1453,"LIMS26757p1","170-182_221007_L003_",244,423170,1734.3,1091184475,0.387807937,0.192632873,210198,0.184717621,201561,1807
"1407",1454,"LIMS26757p1","171-1_221007_L003_",240,405201,1688.34,1091184475,0.371340511,0.160277207,174892,0.162812067,177658,1758
"1408",1455,"LIMS26757p1","172-4714_221007_L003_",214,450470,2105,1091184475,0.412826621,0.231077335,252148,0.169368245,184812,5593
"1409",1456,"LIMS26757p1","17-305_221007_L002_",237,445902,1881.44,1091184475,0.408640345,0.210185358,229351,0.171893025,187567,2970
"1410",1458,"LIMS26757p1","174-3342_221007_L003_",223,456317,2046.26,1091184475,0.418185019,0.250721126,273583,0.179646068,196027,4971
"1411",1459,"LIMS26757p1","175-253_221007_L003_",226,452816,2003.61,1091184475,0.414976579,0.226634456,247300,0.170838208,186416,1873
"1412",1460,"LIMS26757p1","176-3006_221007_L003_",223,464944,2084.95,1091184475,0.426091106,0.243374064,265566,0.185032874,201905,1714
"1413",1461,"LIMS26757p1","177-4699_221007_L003_",198,507836,2564.83,1091184475,0.46539885,0.29529654,322223,0.177036976,193180,5509
"1414",1462,"LIMS26757p1","178-1147_221007_L003_",209,433962,2076.37,1091184475,0.397698107,0.230456908,251471,0.166983681,182210,1165
"1415",1463,"LIMS26757p1","179-4907_221007_L003_",280,449617,1605.78,1091184475,0.412044902,0.119405108,130293,0.185061284,201936,1415
"1416",1464,"LIMS26757p1","180-884_221007_L003_",233,365068,1566.82,1091184475,0.334561212,0.124226474,135554,0.123914886,135214,1552
"1417",1465,"LIMS26757p1","18-1045_221007_L002_",238,463287,1946.58,1091184475,0.424572573,0.23678581,258377,0.169648675,185118,1681
"1418",1466,"LIMS26757p1","181-114_221007_L003_",220,419788,1908.13,1091184475,0.384708553,0.200755239,219061,0.166615274,181808,1784
"1419",1467,"LIMS26757p1","182-938_221007_L003_",228,440078,1930.17,1091184475,0.403303025,0.20238741,220842,0.170923436,186509,1613
"1420",1468,"LIMS26757p1","183-307_221007_L003_",205,507019,2473.27,1091184475,0.464650123,0.270831383,295527,0.184467434,201288,1368
"1421",1469,"LIMS26757p1","184-105_221007_L003_",245,421253,1719.4,1091184475,0.38605113,0.165874794,181000,0.171348662,186973,1778
"1422",1470,"LIMS26757p1","185-1137_221007_L003_",213,374723,1759.26,1091184475,0.343409395,0.154676871,168781,0.154981127,169113,1749
"1423",1471,"LIMS26757p1","186-1144_221007_L003_",237,456882,1927.77,1091184475,0.418702805,0.200726829,219030,0.170111475,185623,1188
"1424",1472,"LIMS26757p1","187-324_221007_L003_",212,557796,2631.12,1091184475,0.511183959,0.330656281,360807,0.192804246,210385,2981
"1425",1473,"LIMS26757p1","188-2683_221007_L003_",252,383198,1520.63,1091184475,0.351176184,0.140231101,153018,0.123034192,134253,1382
"1426",1474,"LIMS26757p1","189-700_221007_L003_",218,411863,1889.28,1091184475,0.377445803,0.177064469,193210,0.154927058,169054,1019
"1427",1475,"LIMS26757p1","190-291_221007_L003_",233,471241,2022.5,1091184475,0.431861899,0.236588777,258162,0.157672698,172050,2965
"1428",1477,"LIMS26757p1","19-2232_221007_L002_",215,468928,2181.06,1091184475,0.429742185,0.254619642,277837,0.164644021,179657,642
"1429",1478,"LIMS26757p1","192-362_221007_L003_",221,434707,1967,1091184475,0.398380851,0.20722069,226116,0.16775257,183049,2987
"1430",1479,"LIMS26757p1","20-143_221007_L002_",255,419979,1646.98,1091184475,0.384883592,0.158864064,173350,0.165064665,180116,1793
"1431",1480,"LIMS26757p1","21-2206_221007_L002_",216,412049,1907.63,1091184475,0.37761626,0.1828206,199491,0.163897127,178842,674
"1432",1481,"LIMS26757p1","22-137_221007_L002_",219,394641,1802.02,1091184475,0.361662953,0.178311738,194571,0.144947077,158164,544
"1433",1482,"LIMS26757p1","2-2365_221007_L002_",224,447533,1997.91,1091184475,0.410135051,0.233413328,254697,0.16044858,175079,1039
"1434",1483,"LIMS26757p1","23-2340_221007_L002_",236,465659,1973.13,1091184475,0.426746357,0.232585787,253794,0.153292137,167270,1015
"1435",1484,"LIMS26757p1","24-2367_221007_L002_",237,462863,1953.01,1091184475,0.424184004,0.226190901,246816,0.169505711,184962,629
"1436",1485,"LIMS26757p1","25-2913_221007_L002_",234,412940,1764.7,1091184475,0.378432803,0.161244046,175947,0.184218163,201016,1851
"1437",1486,"LIMS26757p1","26-2342_221007_L002_",198,402993,2035.32,1091184475,0.369317021,0.203165464,221691,0.152390365,166286,1025
"1438",1487,"LIMS26757p1","27-2973_221007_L002_",209,478781,2290.82,1091184475,0.438771822,0.269471393,294043,0.183657305,200404,1155
"1439",1488,"LIMS26757p1","28-581_221007_L002_",223,477359,2140.62,1091184475,0.437468651,0.238829461,260607,0.17982294,196220,3508
"1440",1489,"LIMS26757p1","29-7_221007_L002_",183,702598,3839.33,1091184475,0.643885627,0.505798069,551919,0.209753717,228880,1894
"1441",1490,"LIMS26757p1","30-145_221007_L002_",200,435681,2178.4,1091184475,0.399273459,0.215666558,235332,0.158934629,173427,1794
"1442",1491,"LIMS26757p1","31-1020_221007_L002_",242,444949,1838.63,1091184475,0.407766982,0.192929798,210522,0.161031433,175715,176
"1443",1492,"LIMS26757p1","32-2443_221007_L002_",227,421212,1855.56,1091184475,0.386013557,0.204956178,223645,0.163893461,178838,1061
"1444",1493,"LIMS26757p1","33-2274_221007_L002_",239,430867,1802.79,1091184475,0.39486174,0.187284556,204362,0.17200483,187689,888
"1445",1494,"LIMS26757p1","3-3334_221007_L002_",223,368755,1653.61,1091184475,0.337940109,0.113688384,124055,0.164823643,179853,1808
"1446",1495,"LIMS26757p1","34-1139_221007_L002_",271,372036,1372.83,1091184475,0.340946933,0.099885952,108994,0.147029218,160436,1751
"1447",1496,"LIMS26757p1","35-3113_221007_L002_",231,449831,1947.32,1091184475,0.412241019,0.220759189,240889,0.151727782,165563,3619
"1448",1497,"LIMS26757p1","36-2188_221007_L002_",247,513767,2080.03,1091184475,0.470834228,0.266437992,290733,0.182115861,198722,597
"1449",1498,"LIMS26757p1","37-2263_221007_L002_",244,426745,1748.96,1091184475,0.391084193,0.189209987,206463,0.17715428,193308,879
"1450",1499,"LIMS26757p1","38-2245_221007_L002_",229,398194,1738.84,1091184475,0.364919048,0.155940635,170160,0.148227915,161744,866
"1451",1500,"LIMS26757p1","39-8_221007_L002_",310,381480,1230.58,1091184475,0.349601748,0.086037239,93882.5,0.153355371,167339,1760
"1452",1501,"LIMS26757p1","40-2302_221007_L002_",249,449109,1803.65,1091184475,0.411579353,0.181364384,197902,0.1631429,178019,938
"1453",1502,"LIMS26757p1","41-1060_221007_L002_",221,405920,1836.74,1091184475,0.371999428,0.185256485,202149,0.164058419,179018,1893
"1454",1503,"LIMS26757p1","42-1096_221007_L002_",238,409803,1721.86,1091184475,0.375557946,0.172287092,187997,0.150978138,164745,1730
"1455",1504,"LIMS26757p1","4-2226_221007_L002_",204,417052,2044.37,1091184475,0.382201186,0.224879482,245385,0.171769306,187432,633
"1456",1505,"LIMS26757p1","43-44_221007_L002_",241,468229,1942.86,1091184475,0.429101596,0.212255586,231610,0.171479712,187116,1761
"1457",1506,"LIMS26757p1","44-2928_221007_L002_",216,429835,1989.98,1091184475,0.393915978,0.193597879,211251,0.154845495,168965,1827
"1458",1507,"LIMS26757p1","45-6_221007_L002_",231,448656,1942.24,1091184475,0.411164208,0.215559335,235215,0.171587852,187234,1892
"1459",1508,"LIMS26757p1","46-1038_221007_L002_",222,448575,2020.61,1091184475,0.411089976,0.204314674,222945,0.163839391,178779,1677
"1460",1509,"LIMS26757p1","47-237_221007_L002_",236,418763,1774.42,1091184475,0.383769206,0.175505613,191509,0.158555225,173013,1866
"1461",1510,"LIMS26757p1","48-1081_221007_L002_",220,472842,2149.28,1091184475,0.433329112,0.230753833,251795,0.168559033,183929,1718
"1462",1511,"LIMS26757p1","49-2941_221007_L002_",242,450134,1860.06,1091184475,0.412518699,0.215469525,235117,0.169146468,184570,3694
"1463",1512,"LIMS26757p1","50-3094_221007_L002_",236,372830,1579.79,1091184475,0.341674583,0.148106946,161612,0.16068777,175340,3446
"1464",1513,"LIMS26757p1","51-188_221007_L002_",239,411586,1722.12,1091184475,0.37719195,0.177711473,193916,0.163135569,178011,1598
"1465",1514,"LIMS26757p1","5-2189_221007_L002_",210,427151,2034.05,1091184475,0.391456266,0.204884697,223567,0.16692228,182143,595
"1466",1515,"LIMS26757p1","52-2255_221007_L002_",221,412186,1865.09,1091184475,0.377741811,0.182636396,199290,0.143864767,156983,870
"1467",1516,"LIMS26757p1","53-461_221007_L002_",226,153741,680.27,1091184475,0.140893683,0,0,0.104006245,113490,1617
"1468",1517,"LIMS26757p1","54-1124_221007_L002_",248,404795,1632.24,1091184475,0.370968438,0.156875399,171180,0.138636503,151278,454
"1469",1518,"LIMS26757p1","55-3405_221007_L002_",232,428544,1847.17,1091184475,0.39273286,0.207605593,226536,0.162494981,177312,5008
"1470",1519,"LIMS26757p1","56-3288_221007_L002_",239,444971,1861.8,1091184475,0.407787143,0.198970939,217114,0.189786425,207092,4935
"1471",1520,"LIMS26757p1","57-1082_221007_L002_",220,380801,1730.91,1091184475,0.348979489,0.167801141,183102,0.157249305,171588,1719
"1472",1521,"LIMS26757p1","58-215_221007_L002_",236,434094,1839.38,1091184475,0.397819076,0.186598146,203613,0.159435003,173973,1843
"1473",1522,"LIMS26757p1","59-2322_221007_L002_",237,435312,1836.76,1091184475,0.398935295,0.200957771,219282,0.145353974,158608,947
"1474",1523,"LIMS26757p1","60-3539_221007_L002_",248,474452,1913.11,1091184475,0.434804573,0.211857853,231176,0.172422724,188145,5142
"1475",1524,"LIMS26757p1","61-124_221007_L002_",221,497873,2252.82,1091184475,0.456268405,0.237853457,259542,0.184065119,200849,1786
"1476",1525,"LIMS26757p1","6-2211_221007_L002_",227,412442,1816.93,1091184475,0.377976419,0.201536958,219914,0.164396584,179387,679
"1477",1526,"LIMS26757p1","62-656_221007_L002_",192,604128,3146.5,1091184475,0.553644241,0.395047776,431070,0.204020498,222624,3492
"1478",1527,"LIMS26757p1","63-668_221007_L002_",225,450970,2004.31,1091184475,0.413284839,0.215687636,235355,0.167613272,182897,1705
"1479",1528,"LIMS26757p1","64-464_221007_L002_",219,431725,1971.35,1091184475,0.395648041,0.196783408,214727,0.155666621,169861,3447
"1480",1529,"LIMS26757p1","65-2956_221007_L002_",241,465989,1933.56,1091184475,0.427048781,0.222615887,242915,0.181637482,198200,3015
"1481",1530,"LIMS26757p1","66-2952_221007_L002_",232,388940,1676.46,1091184475,0.356438356,0.169640427,185109,0.157337282,171684,1682
"1482",1531,"LIMS26757p1","67-266_221007_L002_",246,421009,1711.42,1091184475,0.38582752,0.19174393,209228,0.152723947,166650,1882
"1483",1532,"LIMS26757p1","68-2273_221007_L002_",322,362248,1124.99,1091184475,0.331976864,0.063890572,69716.4,0.147687219,161154,887
"1484",1533,"LIMS26757p1","69-4748_221007_L002_",258,420229,1628.8,1091184475,0.385112701,0.174792626,190731,0.171659334,187312,5627
"1485",1534,"LIMS26757p1","70-577_221007_L002_",232,378599,1631.89,1091184475,0.346961498,0.148292066,161814,0.159094089,173601,3507
"1486",1535,"LIMS26757p1","7-1093_221007_L002_",221,421427,1906.91,1091184475,0.38621059,0.172167955,187867,0.166362338,181532,1727
"1487",1536,"LIMS26757p1","71-1054_221007_L002_",217,423888,1953.4,1091184475,0.388465937,0.200531629,218817,0.160207558,174816,1704
"1488",1537,"LIMS26757p1","72-220_221007_L002_",235,359092,1528.05,1091184475,0.329084594,0.127724508,139371,0.131076828,143029,1850
"1489",1538,"LIMS26757p1","73-212_221007_L002_",217,460410,2121.7,1091184475,0.421935988,0.225581472,246151,0.172813126,188571,1846
"1490",1539,"LIMS26757p1","74-2117_221007_L002_",245,431956,1763.09,1091184475,0.395859738,0.18576419,202703,0.162448242,177261,542
"1491",1540,"LIMS26757p1","75-2147_221007_L002_",228,400693,1757.43,1091184475,0.36720922,0.172104721,187798,0.147376547,160815,666
"1492",1541,"LIMS26757p1","76-3537_221007_L002_",238,425098,1786.12,1091184475,0.389574824,0.191463501,208922,0.170132553,185646,5140
"1493",1542,"LIMS26757p1","77-623_221007_L002_",240,394449,1643.54,1091184475,0.361486998,0.15627605,170526,0.156923054,171232,1781
"1494",1543,"LIMS26757p1","78-675_221007_L002_",220,414735,1885.16,1091184475,0.380077805,0.203445893,221997,0.168731323,184117,3607
"1495",1544,"LIMS26757p1","79-3524_221007_L002_",238,392946,1651.03,1091184475,0.360109596,0.167723244,183017,0.151591233,165414,5127
"1496",1545,"LIMS26757p1","80-229_221007_L002_",229,456419,1993.1,1091184475,0.418278495,0.228338109,249159,0.189187992,206439,1853
"1497",1546,"LIMS26757p1","81-2057_221007_L002_",220,476357,2165.26,1091184475,0.436550383,0.261122667,284933,0.185930981,202885,561
"1498",1547,"LIMS26757p1","82-3547_221007_L002_",219,514612,2349.82,1091184475,0.471608616,0.274020578,299007,0.187225904,204298,5151
"1499",1548,"LIMS26757p1","83-2218_221007_L002_",235,445868,1897.31,1091184475,0.408609186,0.212302324,231661,0.173419806,189233,851
"1500",1549,"LIMS26757p1","84-3523_221007_L002_",231,411830,1782.81,1091184475,0.37741556,0.175285668,191269,0.154653043,168755,5126
"1501",1550,"LIMS26757p1","85-4624_221007_L002_",197,380160,1929.75,1091184475,0.348392054,0.181977479,198571,0.157385854,171737,1494
"1502",1551,"LIMS26757p1","86-3542_221007_L002_",243,423789,1743.99,1091184475,0.38837521,0.165650267,180755,0.175623833,191638,5146
"1503",1552,"LIMS26757p1","87-2281_221007_L002_",233,453365,1945.77,1091184475,0.415479702,0.221941391,242179,0.145923081,159229,923
"1504",1553,"LIMS26757p1","8-83_221007_L002_",239,464670,1944.22,1091184475,0.425840003,0.213262748,232709,0.172511619,188242,1771
"1505",1554,"LIMS26757p1","88-697_221007_L002_",200,477278,2386.39,1091184475,0.437394419,0.260919218,284711,0.166453065,181631,1895
"1506",1555,"LIMS26757p1","89-2145_221007_L002_",218,467900,2146.33,1091184475,0.428800089,0.250735789,273599,0.177781122,193992,664
"1507",1556,"LIMS26757p1","90-4287_221007_L002_",258,407507,1579.49,1091184475,0.37345381,0.164770489,179795,0.160222221,174832,4897
"1508",1557,"LIMS26757p1","9-1056_221007_L002_",213,459754,2158.47,1091184475,0.421334807,0.229030934,249915,0.175837362,191871,1706
"1509",1558,"LIMS26757p1","91-4534_221007_L002_",216,450007,2083.36,1091184475,0.412402312,0.224522073,244995,0.173538026,189362,4861
"1510",1560,"LIMS26757p1","93-2124_221007_L002_",239,495586,2073.58,1091184475,0.454172517,0.244435296,266724,0.190956712,208369,547
"1511",1561,"LIMS26757p1","94-2764_221007_L002_",234,432282,1847.36,1091184475,0.396158496,0.19323772,210858,0.164950111,179991,1406
"1512",1562,"LIMS26757p1","95-2081_221007_L002_",241,455268,1889.08,1091184475,0.417223678,0.195501315,213328,0.16198361,176754,599
"1513",1563,"LIMS26757p1","96-3297_221007_L002_",254,463928,1826.49,1091184475,0.425160008,0.223048445,243387,0.185456268,202367,4875
"1514",1564,"LIMS26757p1","97-2970_221007_L003_",257,460267,1790.92,1091184475,0.421804938,0.221584897,241790,0.172067147,187757,3615
"1515",1565,"LIMS26757p1","98-1015_221007_L003_",233,500476,2147.96,1091184475,0.458653886,0.271208954,295939,0.180909832,197406,1668
"1516",1566,"LIMS26757p1","99-4783_221007_L003_",230,440027,1913.16,1091184475,0.403256287,0.184773523,201622,0.165245203,180313,5640
"1517",1567,"LIMS26757p1raw4","577-6013_GAAGGATTCA-TGAACTTGAC_L003_",194,529014,2726.88,1091184475,0.484807118,0.32230114,351690,0.173230104,189026,6200
"1518",1568,"LIMS26757p1raw4","578-6052_TCGGACAACG-GTCTGGATGG_L003_",244,449661,1842.87,1091184475,0.412085225,0.219041789,239015,0.163967692,178919,6214
"1519",1569,"LIMS26757p1raw4","579-5973_CGACTAACGT-ATCAGCAGCA_L003_",223,492228,2207.3,1091184475,0.451095128,0.266625861,290938,0.192738263,210313,6181
"1520",1570,"LIMS26757p1raw4","580-5875_TTCAACAAGC-GAGCTCAGAC_L003_",251,388499,1547.8,1091184475,0.356034208,0.146684638,160060,0.171257935,186874,6139
"1521",1571,"LIMS26757p1raw4","581-6047_GACATGTCTC-TGGCAAGTGG_L003_",230,433535,1884.94,1091184475,0.397306789,0.187027954,204082,0.164414913,179407,6213
"1522",1572,"LIMS26757p1raw4","582-5922_ACCGACTGCT-GAGTGTAGCG_L003_",223,445316,1996.93,1091184475,0.408103314,0.218095112,237982,0.169162964,184588,6159
"1523",1573,"LIMS26757p1raw4","583-6016_AGCTCACGAT-CCTCATCCGA_L003_",224,431806,1927.71,1091184475,0.395722272,0.188013122,205157,0.160829818,175495,6201
"1524",1574,"LIMS26757p1raw4","584-6089_ACGTCACCTG-GTCTACGGTT_L003_",221,508471,2300.77,1091184475,0.465980787,0.290168168,316627,0.187720779,204838,6223
"1525",1575,"LIMS26757p1raw4","585-6007_AGGTATGAGA-GAACTCTTGT_L003_",221,459205,2077.85,1091184475,0.420831684,0.225054522,245576,0.162196223,176986,6194
"1526",1577,"LIMS26757p1raw4","587-5780_CTAACTCCGA-GATACTGCGG_L003_",253,424111,1676.33,1091184475,0.388670303,0.171332166,186955,0.165622774,180725,6066
"1527",1578,"LIMS26757p1raw4","588-5956_CGATGATAGC-TAGCCGTGAT_L003_",238,423839,1780.84,1091184475,0.388421032,0.180813606,197301,0.156931302,171241,6174
"1528",1579,"LIMS26757p1raw4","589-6093_AGATCGCTCG-TGAGCGTTAT_L003_",235,431738,1837.19,1091184475,0.395659955,0.17922909,195572,0.152595646,166510,6224
"1529",1580,"LIMS26757p1raw4","590-6063_TCAAGAAGGA-ATGTGGCCTC_L003_",242,416057,1719.25,1091184475,0.381289332,0.17049821,186045,0.136646006,149106,6216
"1530",1581,"LIMS26757p1raw4","591-5955_AATGGTCTAC-CCTCTTATGG_L003_",234,366190,1564.91,1091184475,0.335589452,0.133537457,145714,0.146218173,159551,6173
"1531",1582,"LIMS26757p1raw4","592-5935_GTTGCCTGAC-CGGTTGCCAA_L003_",237,458466,1934.46,1091184475,0.420154438,0.20846246,227471,0.165771237,180887,6164
"1532",1583,"LIMS26757p1raw4","593-6012_CCAATTAGGC-CATGTCGAGG_L003_",241,459012,1904.61,1091184475,0.420654812,0.201626769,220012,0.173561854,189388,6199
"1533",1584,"LIMS26757p1raw4","594-5942_CGCTTCTCCT-GCCTAGCCAA_L003_",242,479101,1979.75,1091184475,0.439065081,0.232213714,253388,0.175626582,191641,6027
"1534",1585,"LIMS26757p1raw4","595-6076_AATATGCGGC-CACCGTAAGT_L003_",250,389066,1556.26,1091184475,0.356553827,0.140012073,152779,0.145772785,159065,5907
"1535",1587,"LIMS26757p1raw4","597-6066_GTTCGATAAG-CGTATCTGGC_L003_",231,459856,1990.72,1091184475,0.421428283,0.229039182,249924,0.171682245,187337,6029
"1536",1588,"LIMS26757p1raw4","598-6118_GCGATGACTA-CCGATTCTAA_L003_",205,510833,2491.87,1091184475,0.468145407,0.287768024,314008,0.176511859,192607,6226
"1537",1590,"LIMS26757p1raw4","600-5622_CAACCACAAC-ACAGCCTTGG_L003_",356,364974,1025.21,1091184475,0.334475067,0.037994034,41458.5,0.131157475,143117,6014
"1538",1591,"LIMS26757p1raw4","601-5947_CAGGACCAAT-GCGGATATTA_L003_",223,451473,2024.54,1091184475,0.413745806,0.232540882,253745,0.167708581,183001,6170
"1539",1592,"LIMS26757p1raw4","602-5967_CGGAAGATGG-TGGTGACAGG_L003_",218,471450,2162.61,1091184475,0.432053434,0.248654564,271328,0.159862062,174439,6177
"1540",1594,"LIMS26757p1raw4","604-6036_AATACACGGA-GCTGGTTAAT_L003_",233,481336,2065.82,1091184475,0.441113314,0.254728697,277956,0.170819879,186396,6209
"1541",1595,"LIMS26757p1raw4","605-5981_GTACCATGTC-TGGAATAGTG_L003_",237,428907,1809.73,1091184475,0.393065526,0.186151842,203126,0.143511023,156597,6183
"1542",1596,"LIMS26757p1raw4","606-5783_CAACCAGCGA-TATAAGGCCT_L003_",252,450169,1786.38,1091184475,0.412550774,0.184647055,201484,0.160339525,174960,6068
"1543",1598,"LIMS26757p1raw4","608-5930_TACGTGTGAG-TATCGCTCCG_L003_",256,239652,936.14,1091184475,0.219625559,0.01482994,16182.2,0.095997517,104751,6162
"1544",1599,"LIMS26757p1raw4","609-6018_TCGTCCGCAT-CTACAATCCA_L003_",235,459313,1954.53,1091184475,0.420930659,0.212393051,231760,0.174177698,190060,6203
"1545",1600,"LIMS26757p1raw4","610-6119_TTCAGAACAG-TACGTCTGTG_L003_",228,413491,1813.56,1091184475,0.378937759,0.191553312,209020,0.143255337,156318,6227
"1546",1601,"LIMS26757p1raw4","611-6038_TCTAGGCATA-TGTGGAAGAT_L003_",248,474898,1914.91,1091184475,0.435213303,0.235302101,256758,0.177149698,193303,6210
"1547",1603,"LIMS26757p1raw4","613-6114_GATCACGGTT-GCGATCCGTT_L003_",261,429235,1644.58,1091184475,0.393366117,0.169502045,184958,0.181542172,198096,6152
"1548",1604,"LIMS26757p1raw4","614-6117_GCCTCGATTA-ACGGCATGTA_L003_",245,391788,1599.14,1091184475,0.359048363,0.134291683,146537,0.154495417,168583,6051
"1549",1605,"LIMS26757p1raw4","615-5870_TGCCGTTACT-GCCATATATC_L003_",253,358082,1415.34,1091184475,0.328158994,0.101616182,110882,0.144435706,157606,6165
"1550",1606,"LIMS26757p1raw4","616-5773_CCGCATTCCT-GCAACGAAGG_L003_",234,425020,1816.32,1091184475,0.389503342,0.200495888,218778,0.177288996,193455,6064
"1551",1607,"LIMS26757p1raw4","617-6000_CGTAAGAGAA-GTACTCCAGG_L003_",222,462780,2084.59,1091184475,0.42410794,0.241206694,263201,0.16039726,175023,6192
"1552",1608,"LIMS26757p1raw4","618-5779_CCATTCTGTA-AGGTCTCGTC_L003_",232,451515,1946.19,1091184475,0.413784296,0.221711366,241928,0.17465791,190584,6065
"1553",1610,"LIMS26757p1raw4","620-6059_CTAGAGTGAT-CTCAGGCAGT_L003_",223,421124,1888.45,1091184475,0.38593291,0.189344703,206610,0.171977337,187659,5903
"1554",1612,"LIMS26757p1raw4","622-6109_AGTGGACTGG-TAGCGGTTCT_L003_",234,427324,1826.17,1091184475,0.391614809,0.198719836,216840,0.134644511,146922,6157
"1555",1613,"LIMS26757p1raw4","623-6100_GTTCTACGAA-CTACAGACAA_L003_",237,427594,1804.19,1091184475,0.391862247,0.182981892,199667,0.162736003,177575,6225
"1556",1614,"LIMS26757p1raw4","624-5774_CTAAGATCCT-AACACGAGCG_L003_",234,446536,1908.27,1091184475,0.409221365,0.210244927,229416,0.160439416,175069,6030
"1557",1615,"LIMS26757p1raw4","625-6088_CCGGCACTAT-GAATTGCGAA_L003_",219,409447,1869.62,1091184475,0.375231695,0.187794094,204918,0.144942495,158159,6222
"1558",1616,"LIMS26757p1raw4","626-6083_TCCTGGAACA-TACTGGTTGT_L003_",246,396163,1610.42,1091184475,0.363057768,0.150524502,164250,0.168396824,183752,6144
"1559",1617,"LIMS26757p1raw4","627-6011_TACAGAGCAA-AGGAATGATC_L003_",236,408914,1732.69,1091184475,0.374743235,0.149899493,163568,0.160520979,175158,6198
"1560",1619,"LIMS26757p1raw4","629-6032_TCCAAGTTGT-GATCTACAGG_L003_",234,372788,1593.11,1091184475,0.341636092,0.122951713,134163,0.127394591,139011,5636
"1561",1621,"LIMS26757p1raw4","631-4477_CGTATCAGTG-GTTCATCCGC_L003_",240,420971,1754.04,1091184475,0.385792696,0.175158284,191130,0.151587567,165410,5460
"1562",1622,"LIMS26757p1raw4","632-238_GCTGTCTCGT-TAAGCTGCCT_L003_",216,398154,1843.31,1091184475,0.364882391,0.174451712,190359,0.157797333,172186,458
"1563",1623,"LIMS26757p1raw4","633-2660_ACATCATCCT-AGTCCATAGT_L003_",227,393559,1733.74,1091184475,0.36067137,0.167735158,183030,0.169276602,184712,1347
"1564",1624,"LIMS26757p1raw4","634-2725_AAGCATGGTT-CTTGCTGTGG_L003_",238,425265,1786.83,1091184475,0.389727869,0.193690439,211352,0.177672066,193873,1395
"1565",1625,"LIMS26757p1raw4","635-5456_AGGCGATCTG-CGTCGTAATT_L003_",243,443580,1825.43,1091184475,0.406512382,0.190382107,207742,0.174857693,190802,1821
"1566",1626,"LIMS26757p1raw4","636-86_ACTGTGAGGC-ACCATACCAT_L003_",238,455985,1915.9,1091184475,0.417880762,0.200525214,218810,0.163595619,178513,1419
"1567",1627,"LIMS26757p1raw4","637-2441_ATTCCACACT-TGGTCTTGTT_L003_",229,430513,1879.97,1091184475,0.394537321,0.209754634,228881,0.15861296,173076,1215
"1568",1628,"LIMS26757p1raw4","638-2708_AGTTAGCTGG-GATGAGAATG_L003_",244,444533,1821.86,1091184475,0.407385745,0.174281255,190173,0.171705156,187362,1389
"1569",1629,"LIMS26757p1raw4","639-1077_TTGGCCATAC-GCCTAGTGCA_L003_",203,433438,2135.16,1091184475,0.397217895,0.216868005,236643,0.158531398,172987,1569
"1570",1630,"LIMS26757p1raw4","640-3131_TATCATAGGC-GACTAGCTTG_L003_",210,433227,2062.99,1091184475,0.397024527,0.226241305,246871,0.155555732,169740,1795
"1571",1631,"LIMS26757p1raw4","641-3147_GCCTCCTGTT-GTAGGCTACT_L003_",220,427437,1942.9,1091184475,0.391718366,0.202006173,220426,0.162368512,177174,4874
"1572",1632,"LIMS26757p1raw4","642-3663_ATACCTGTGA-GCATTGTGCT_L003_",253,409456,1618.4,1091184475,0.375239943,0.146970566,160372,0.14919842,162803,5266
"1573",1633,"LIMS26757p1raw4","643-4463_CGCTCTTATA-CCGTTGCAAT_L003_",237,419560,1770.3,1091184475,0.384499605,0.191052022,208473,0.151242071,165033,5418
"1574",1635,"LIMS26757p1raw4","645-2361_TCAGCACCGT-ACTGAATAGG_L003_",230,417807,1816.55,1091184475,0.382893094,0.175943669,191987,0.15547142,169648,628
"1575",1636,"LIMS26757p1raw4","646-4321_ACTGTCAATC-CGTCCTTAAC_L003_",246,406646,1653.03,1091184475,0.37266476,0.151080779,164857,0.173583848,189412,453
"1576",1637,"LIMS26757p1raw4","647-3130_AATGTGGCGT-TGTCAGGTAG_L003_",244,439394,1800.8,1091184475,0.402676184,0.192301123,209836,0.17536998,191361,3497
"1577",1638,"LIMS26757p1raw4","648-2476_TCGTGGCTAG-GCCAGCAGTA_L003_",212,406945,1919.55,1091184475,0.372938774,0.187193829,204263,0.164959275,180001,1240
"1578",1639,"LIMS26757p1raw4","649-8178_TACTAGAGGA-GAACCGGTCT_L003_",232,418223,1802.68,1091184475,0.383274331,0.173455547,189272,0.15318858,167157,6572
"1579",1640,"LIMS26757p1raw4","650-6293_CGATGAGACT-TTAGTCGTGC_L003_",249,393485,1580.26,1091184475,0.360603554,0.159449666,173989,0.160826152,175491,6379
"1580",1642,"LIMS26757p1raw4","652-5620_GACAATAGAG-TAGTGTACAC_L003_",247,479938,1943.07,1091184475,0.439832137,0.231771993,252906,0.176861937,192989,5904
"1581",1643,"LIMS26757p1raw4","653-7218_AACGACGCAT-AACTACAACG_L003_",237,448563,1892.67,1091184475,0.411078979,0.196567129,214491,0.156879981,171185,6647
"1582",1644,"LIMS26757p1raw4","654-7243_TCAGATTCAC-TGGAGTGCGA_L003_",232,494103,2129.75,1091184475,0.452813444,0.263604374,287641,0.182890249,199567,6652
"1583",1645,"LIMS26757p1raw4","655-7257_ATCACCGAAT-CGTAATCAGG_L003_",231,483975,2095.13,1091184475,0.443531787,0.257023452,280460,0.188263309,205430,6656
"1584",1646,"LIMS26757p1raw4","656-7258_CCGACTCCTT-ACTGTCCTTG_L003_",263,418227,1590.22,1091184475,0.383277997,0.157403266,171756,0.16655204,181739,6657
"1585",1649,"LIMS26757p1raw4","659-7260_TCAAGTTCCT-CAAGTTCTAG_L003_",224,459108,2049.59,1091184475,0.42074279,0.244900845,267232,0.177966242,194194,6659
"1586",1650,"LIMS26757p1raw4","660-7320_TTCACACAGT-CTTCAGTGTT_L003_",212,495192,2335.81,1091184475,0.453811442,0.286060705,312145,0.182580494,199229,6700
"1587",1652,"LIMS26757p1raw4","662-7340_GCTACTGTCG-CTTGCTCCAT_L003_",228,421949,1850.66,1091184475,0.386688969,0.198976438,217120,0.171788551,187453,6710
"1588",1653,"LIMS26757p1raw4","663-7584_AGGACTGAAC-TGAAGCGACG_L003_",243,434908,1789.75,1091184475,0.398565055,0.197665019,215689,0.157170491,171502,6849
"1589",1654,"LIMS26757p1raw4","664-6281_TGTGAGCGAA-GATCGGAGTT_L003_",238,407870,1713.74,1091184475,0.373786476,0.16187822,176639,0.14434223,157504,6369
"1590",1655,"LIMS26757p1raw4","665-6283_CTAGTCAGAA-TTGAATGCTG_L003_",231,471962,2043.12,1091184475,0.432522649,0.22964128,250581,0.188718777,205927,6371
"1591",1656,"LIMS26757p1raw4","666-7227_AAGACAGCTT-TCGCTGACCT_L003_",251,419540,1671.47,1091184475,0.384481277,0.169360914,184804,0.174511281,190424,6372
"1592",1657,"LIMS26757p1raw4","667-6290_AGACGGCATC-AAGGTAACCT_L003_",257,424165,1650.45,1091184475,0.38871979,0.147699132,161167,0.164011681,178967,6376
"1593",1658,"LIMS26757p1raw4","668-6421_GAGTTGTCGG-GTGCTTGTGG_L003_",233,452862,1943.61,1091184475,0.415018735,0.214978315,234581,0.175303081,191288,6380
"1594",1659,"LIMS26757p1raw4","669-6452_TTGGCCAGTT-ATGCTACCTG_L003_",239,457371,1913.69,1091184475,0.419150941,0.219612729,239638,0.172667413,188412,6383
"1595",1660,"LIMS26757p1raw4","670-6299_AGAGATGGTA-GCTTACGGAA_L003_",237,451681,1905.83,1091184475,0.413936424,0.192233307,209762,0.180207842,196640,6386
"1596",1661,"LIMS26757p1raw4","671-6287_GACGAACGTA-TCGTCCTTCA_L003_",243,414131,1704.24,1091184475,0.379524278,0.16005268,174647,0.171539281,187181,6373
"1597",1662,"LIMS26757p1raw4","672-7239_ACGCGGACTT-TATTGCCTCG_L003_",216,485325,2246.88,1091184475,0.444768975,0.257032616,280470,0.179750541,196141,6651
"1598",1663,"LIMS26757p2","193-2487_TAGCGAGGCT-TTGCTCACGG_L003_",235,400993,1706.35,1091184475,0.367484151,0.15723006,171567,0.150282563,163986,1231
"1599",1664,"LIMS26757p2","194-3975_CCAACTGTAT-GCGCTAGAGA_L003_",225,467230,2076.58,1091184475,0.428186077,0.227222808,247942,0.180299486,196740,1510
"1600",1665,"LIMS26757p2","195-3919_GAGTAGTGAC-GCGATGCCAA_L003_",232,440528,1898.83,1091184475,0.403715421,0.185823758,202768,0.172055234,187744,1539
"1601",1666,"LIMS26757p2","196-3784_CCAGTATTCT-ACGAAGCGAT_L003_",248,391339,1577.98,1091184475,0.358636884,0.149659387,163306,0.139472292,152190,4871
"1602",1667,"LIMS26757p2","197-2386_ATCATACCGC-ATGTCGTACT_L003_",226,447879,1981.76,1091184475,0.410452137,0.206673578,225519,0.171764724,187427,1062
"1603",1668,"LIMS26757p2","198-4586_ATTCGCACTA-TCTGTATGGT_L003_",221,418918,1895.56,1091184475,0.383911254,0.18180244,198380,0.170675082,186238,5533
"1604",1669,"LIMS26757p2","199-6098_CTCTTCAGCA-TTGTCTCTAC_L003_",234,406609,1737.64,1091184475,0.372630851,0.159914299,174496,0.155785757,169991,5585
"1605",1670,"LIMS26757p2","200-5274_CTGTATGCCA-TTCCGGCTGT_L003_",243,438962,1806.43,1091184475,0.402280284,0.186404778,203402,0.169627597,185095,5838
"1606",1671,"LIMS26757p2","201-4557_TCTGACTATG-TAACCAGATC_L003_",277,445584,1608.61,1091184475,0.408348918,0.145684807,158969,0.178343813,194606,5519
"1607",1672,"LIMS26757p2","202-5994_TGTGACGTAT-GCAGCGTTAG_L003_",267,425154,1592.34,1091184475,0.389626145,0.135900027,148292,0.152599312,166514,6189
"1608",1673,"LIMS26757p2","203-5587_AGAAGATTGG-AGAAGGTACT_L003_",229,491945,2148.23,1091184475,0.450835776,0.241108636,263094,0.160332193,174952,5829
"1609",1674,"LIMS26757p2","204-5038_ATCCAGCATG-AGAGCTCTAC_L003_",241,412271,1710.67,1091184475,0.377819708,0.158743094,173218,0.14529074,158539,5540
"1610",1675,"LIMS26757p2","205-6010_GCGCCATATA-GAACCTCCTA_L003_",266,419583,1577.38,1091184475,0.384520683,0.137828207,150396,0.159994029,174583,6197
"1611",1676,"LIMS26757p2","206-5488_CACTCGCATA-GAACGCGACA_L003_",281,460953,1640.4,1091184475,0.422433613,0.173068811,188850,0.162769911,177612,5909
"1612",1677,"LIMS26757p2","207-6120_AAGGTCAATG-GCATTATAGG_L003_",214,483085,2257.41,1091184475,0.442716159,0.261987782,285877,0.16248215,177298,6228
"1613",1678,"LIMS26757p2","208-4639_GTGACGCACA-CGTTGTTGCG_L003_",236,396493,1680.05,1091184475,0.363360192,0.148589907,162139,0.156677449,170964,4961
"1614",1679,"LIMS26757p2","209-5021_TGTCAGGCTT-GATTCCTTAC_L003_",246,430611,1750.45,1091184475,0.394627132,0.17504098,191002,0.179206179,195547,5747
"1615",1680,"LIMS26757p2","210-5030_CACGTGATGG-TACAACGTGT_L003_",236,483628,2049.27,1091184475,0.443213784,0.2457403,268148,0.173221856,189017,5754
"1616",1681,"LIMS26757p2","211-6085_CCATCACGTG-TCTCCTGGTT_L003_",272,403712,1484.24,1091184475,0.369975938,0.135902777,148295,0.154299299,168369,6219
"1617",1682,"LIMS26757p2","212-5372_ACCAGGAATT-AGCATGGCAT_L003_",235,450361,1916.43,1091184475,0.41272673,0.216677386,236435,0.170073901,185582,5839
"1618",1683,"LIMS26757p2","213-4661_TAAGGCTCAC-GACGTTACTT_L003_",235,432989,1842.51,1091184475,0.396806415,0.187180999,204249,0.145280659,158528,5566
"1619",1684,"LIMS26757p2","214-4558_TGGCACTGAT-GCCATAGAAT_L003_",231,450287,1949.3,1091184475,0.412658914,0.226012197,246621,0.171730816,187390,5520
"1620",1685,"LIMS26757p2","215-4575_CATATGGTGC-ACAGATCTCA_L003_",241,446940,1854.52,1091184475,0.409591605,0.20254687,221016,0.176538435,192636,5526
"1621",1686,"LIMS26757p2","216-5322_GCACTACCAG-GAAGACTTAG_L003_",250,445749,1783,1091184475,0.40850013,0.189703029,207001,0.170264519,185790,5786
"1622",1687,"LIMS26757p2","217-6045_GCATAAGATC-GAGAACTGGA_L003_",281,435994,1551.58,1091184475,0.399560303,0.15417833,168237,0.165384501,180465,6211
"1623",1688,"LIMS26757p2","218-4583_AAGGTGTACT-AGCGCTACAG_L003_",250,438841,1755.36,1091184475,0.402169395,0.196989606,214952,0.171588768,187235,5530
"1624",1689,"LIMS26757p2","219-6017_CTTCTAACCG-TGATCAGTCT_L003_",286,414108,1447.93,1091184475,0.3795032,0.101091064,110309,0.183578492,200318,6202
"1625",1690,"LIMS26757p2","220-6057_TCGACCAGCA-GTTCGAACTC_L003_",266,509497,1915.4,1091184475,0.466921049,0.231976358,253129,0.1896178,206908,6215
"1626",1691,"LIMS26757p2","221-5344_GTGACACGTC-CTTACACTGA_L003_",252,552613,2192.91,1091184475,0.506434075,0.272196871,297017,0.198964524,217107,5529
"1627",1692,"LIMS26757p2","222-4647_AATGGACGCG-AAGTGCACCG_L003_",229,401042,1751.27,1091184475,0.367529056,0.175680652,191700,0.165095824,180150,5558
"1628",1694,"LIMS26757p2","224-5058_TGGAAGCACA-TCCAACACCG_L003_",256,404692,1580.83,1091184475,0.370874045,0.143544014,156633,0.163562628,178477,5561
"1629",1695,"LIMS26757p2","225-6009_GATAGACAAC-GTGTTCACGT_L003_",234,466961,1995.56,1091184475,0.427939556,0.232963358,254206,0.181561417,198117,6196
"1630",1696,"LIMS26757p2","226-5987_AGCGTCTCAT-CCTAGGCGAT_L003_",242,461436,1906.76,1091184475,0.422876251,0.201312432,219669,0.150875497,164633,6039
"1631",1697,"LIMS26757p2","227-5416_CTCTATACTG-CGTTCAACCG_L003_",263,443356,1685.76,1091184475,0.4063071,0.163665268,178589,0.171438473,187071,5822
"1632",1698,"LIMS26757p2","228-4545_ATAGCCGGTT-TCTTATCCGG_L003_",244,438344,1796.49,1091184475,0.401713927,0.186116101,203087,0.162976109,177837,5507
"1633",1699,"LIMS26757p2","229-5993_GTTCTCATCA-CCTCCATTCT_L003_",242,421712,1742.61,1091184475,0.386471774,0.175162866,191135,0.17248046,188208,6019
"1634",1700,"LIMS26757p2","230-5737_CAATGCGTGT-ATGTTCGCGC_L003_",248,450362,1815.98,1091184475,0.412727646,0.197872133,215915,0.161167982,175864,5590
"1635",1701,"LIMS26757p2","231-5059_TGAGTGTACA-ATTCGCCGGT_L003_",223,397245,1781.37,1091184475,0.364049351,0.148563331,162110,0.141550768,154458,5574
"1636",1702,"LIMS26757p2","232-4704_TGCTTCCAAG-CAGATGTTAC_L003_",231,395449,1711.9,1091184475,0.362403433,0.144880177,158091,0.156487747,170757,5583
"1637",1703,"LIMS26757p2","233-5352_CCTACTCTGC-TGCAATTGGC_L003_",257,412336,1604.42,1091184475,0.377879277,0.146686471,160062,0.142340735,155320,5625
"1638",1704,"LIMS26757p2","234-5412_TCGCTGAGAG-AATGCTCTAG_L003_",242,361041,1491.91,1091184475,0.330870727,0.109819194,119833,0.146191596,159522,5543
"1639",1705,"LIMS26757p2","235-5991_CGCTAATTGC-CCATCGCATT_L003_",248,413808,1668.58,1091184475,0.379228269,0.18049652,196955,0.152798178,166731,6188
"1640",1706,"LIMS26757p2","236-5326_TCAGCTGTCA-ACAGCTCCTG_L003_",242,389328,1608.8,1091184475,0.356793933,0.163015516,177880,0.166216624,181373,5605
"1641",1707,"LIMS26757p2","237-4627_AGACGACAGA-GAGCTGGAAT_L003_",229,503285,2197.75,1091184475,0.461228153,0.275500621,300622,0.183746199,200501,5539
"1642",1708,"LIMS26757p2","238-5051_TAGGTCCAGA-TGCTCATCCG_L003_",244,420660,1724.02,1091184475,0.385507684,0.175041897,191003,0.151262233,165055,1819
"1643",1709,"LIMS26757p2","239-5331_TAACCTGAAC-TCAATTGACG_L003_",213,471025,2211.38,1091184475,0.431663949,0.238849623,260629,0.172354908,188071,6140
"1644",1710,"LIMS26757p2","240-6006_GATAGGTGAA-AGACGCAAGA_L003_",242,457295,1889.65,1091184475,0.419081292,0.207978582,226943,0.177492445,193677,6193
"1645",1711,"LIMS26757p2","241-4905_CTTGTTACTG-AATTCGGTGG_L003_",343,442957,1291.42,1091184475,0.405941443,0.066004788,72023.4,0.188676621,205881,5537
"1646",1712,"LIMS26757p2","242-5074_TCACCGTGGT-TCGCTCTGCT_L003_",251,437031,1741.16,1091184475,0.400510647,0.176147118,192209,0.15717599,171508,5457
"1647",1713,"LIMS26757p2","243-4733_CAACTACCGC-ATGCTGCAGG_L003_",236,418952,1775.22,1091184475,0.383942413,0.181244331,197771,0.170760311,186331,5612
"1648",1714,"LIMS26757p2","244-4559_ACTCGTCCAG-TGGTCCTCGT_L003_",225,417691,1856.4,1091184475,0.382786788,0.196895213,214849,0.170361661,185896,5521
"1649",1715,"LIMS26757p2","245-4747_TCCGGAGAAC-ATTCCTCTGG_L003_",251,418680,1668.05,1091184475,0.383693142,0.16659053,181781,0.170493628,186040,5626
"1650",1716,"LIMS26757p2","246-5273_TTGTGAGAAG-TTCACTGGCT_L003_",238,495419,2081.59,1091184475,0.454019473,0.245995069,268426,0.178440955,194712,5837
"1651",1717,"LIMS26757p2","247-4721_CCGAAGGTTC-TCTATCTGAC_L003_",223,409482,1836.24,1091184475,0.37526377,0.195700182,213545,0.151134848,164916,5600
"1652",1718,"LIMS26757p2","248-4703_ATACACACCT-AGTGTGATAG_L003_",215,467728,2175.48,1091184475,0.428642462,0.244860522,267188,0.17789476,194116,5582
"1653",1719,"LIMS26757p2","249-779_AGCCTCTGCT-TTCGCCTTAG_L003_",246,460135,1870.47,1091184475,0.421683969,0.200931195,219253,0.16403001,178987,1521
"1654",1720,"LIMS26757p2","250-2574_CGGATCATTA-CCGTAACCTT_L003_",239,403821,1689.63,1091184475,0.37007583,0.158337113,172775,0.168601189,183975,178
"1655",1721,"LIMS26757p2","251-5667_CTCTCTCTAG-ACTTGATTGG_L003_",241,404693,1679.22,1091184475,0.370874961,0.155258807,169416,0.16149515,176221,6031
"1656",1722,"LIMS26757p2","252-1135_AAGGCTCCAT-TGAAGATGGA_L003_",199,536302,2694.99,1091184475,0.491486098,0.316208678,345042,0.183495096,200227,1747
"1657",1723,"LIMS26757p2","253-936_GATAGATCAG-CGTACGCCAT_L003_",214,537575,2512.03,1091184475,0.49265272,0.286397037,312512,0.178345646,194608,1611
"1658",1724,"LIMS26757p2","254-2384_GCAGAAGTCT-CTGCGTCGAA_L003_",203,575431,2834.64,1091184475,0.527345296,0.344369819,375771,0.188545571,205738,1060
"1659",1725,"LIMS26757p2","255-858_TATACGATGC-CTCCTAATCT_L003_",219,463023,2114.26,1091184475,0.424330634,0.238925687,260712,0.173959586,189822,1562
"1660",1726,"LIMS26757p2","256-5675_AACGCTCTGA-GAGTAACGTG_L003_",236,384933,1631.07,1091184475,0.352766199,0.153031869,166986,0.175163782,191136,6035
"1661",1727,"LIMS26757p2","257-2452_GATTGGCGAT-CTGTCTCATT_L003_",245,426351,1740.21,1091184475,0.390723118,0.192515569,210070,0.169625764,185093,1236
"1662",1728,"LIMS26757p2","258-5699_CAAGACGGAC-GTACTCCGTC_L003_",257,437646,1702.9,1091184475,0.401074255,0.161028684,175712,0.154940804,169069,6042
"1663",1729,"LIMS26757p2","259-5683_CCACTCAACG-CCTGTCTAGA_L003_",254,414007,1629.95,1091184475,0.37941064,0.159680608,174241,0.162132989,176917,6036
"1664",1730,"LIMS26757p2","260-2674_AGCCACTCGT-CCAAGAGGAT_L003_",240,449776,1874.07,1091184475,0.412190615,0.194671941,212423,0.165646602,180751,1371
"1665",1731,"LIMS26757p2","261-2632_GCGAAGAATT-TCACGGATGA_L003_",226,403361,1784.78,1091184475,0.36965427,0.169979508,185479,0.156196321,170439,1294
"1666",1732,"LIMS26757p2","262-842_TGTCGGTGCT-AGTTCTTCCG_L003_",227,413851,1823.13,1091184475,0.379267676,0.186474427,203478,0.154321294,168393,476
"1667",1733,"LIMS26757p2","263-872_TCTACAGCTA-AATGGAAGAC_L003_",212,442367,2086.64,1091184475,0.405400746,0.232192636,253365,0.153378282,167364,1574
"1668",1734,"LIMS26757p2","264-2565_CAACCATGAT-ATAAGGTGAC_L003_",263,420266,1597.97,1091184475,0.385146609,0.156155997,170395,0.167195377,182441,441
"1669",1735,"LIMS26757p2","265-7667_CGCACATTAC-TGGAACGTAG_L003_",235,424817,1807.73,1091184475,0.389317306,0.193459497,211100,0.167997258,183316,6774
"1670",1736,"LIMS26757p2","266-2529_ATCTAACCTG-CCTGTGGTTC_L003_",230,414221,1800.96,1091184475,0.379606757,0.177239508,193401,0.158517651,172972,1168
"1671",1737,"LIMS26757p2","267-7685_GCGACAATAT-ATTCGTACGG_L003_",242,401209,1657.89,1091184475,0.367682101,0.159806159,174378,0.183079951,199774,6767
"1672",1738,"LIMS26757p2","268-2636_TTGCCGTATC-ACATTAGCGG_L003_",257,407158,1584.27,1091184475,0.373133974,0.137902439,150477,0.150519004,164244,1297
"1673",1739,"LIMS26757p2","269-2138_GATCCACTTA-GTGTTCTGTT_L003_",239,398391,1666.91,1091184475,0.365099586,0.150027794,163708,0.17081438,186390,638
"1674",1740,"LIMS26757p2","270-2547_TCCGAGATGC-TGTCACCTTA_L003_",246,449069,1825.48,1091184475,0.411542695,0.201639599,220026,0.174338991,190236,1017
"1675",1741,"LIMS26757p2","271-879_ATAGAGTTCG-GCATAACGGC_L003_",221,434673,1966.84,1091184475,0.398349692,0.212537848,231918,0.166212042,181368,1859
"1676",1742,"LIMS26757p2","272-780_GCATTCCTTC-GAGCCTGCTT_L003_",239,428924,1794.66,1091184475,0.393081106,0.179313402,195664,0.170147215,185662,1530
"1677",1743,"LIMS26757p2","273-1041_AATCGTGCGG-GTTCAGTAGA_L003_",249,424936,1706.57,1091184475,0.389426362,0.159377268,173910,0.143901424,157023,1679
"1678",1744,"LIMS26757p2","274-2770_TACCGGAGCA-CTTAGCAGGC_L003_",233,437200,1876.4,1091184475,0.400665524,0.210319158,229497,0.160170901,174776,1405
"1679",1745,"LIMS26757p2","275-2518_AGCACCAGTC-CTCGTGTAGC_L003_",225,391127,1738.34,1091184475,0.3584426,0.173770801,189616,0.151295224,165091,1172
"1680",1746,"LIMS26757p2","276-2537_TACCTAGACT-GCATTCGAAT_L003_",223,470778,2111.11,1091184475,0.43143759,0.256446097,279830,0.181389128,197929,596
"1681",1747,"LIMS26757p2","277-2737_CAGACTGCAG-ACCGGCCTTA_L003_",224,439003,1959.83,1091184475,0.402317857,0.197332353,215326,0.159994945,174584,1398
"1682",1748,"LIMS26757p2","278-2647_GTTAGTGCCT-CTGCATAGCA_L003_",239,418184,1749.72,1091184475,0.38323859,0.189565564,206851,0.144619909,157807,1304
"1683",1749,"LIMS26757p2","279-876_CGCAATAAGA-CCTACAGCGT_L003_",251,468663,1867.18,1091184475,0.429499329,0.20968865,228809,0.164852052,179884,1575
"1684",1750,"LIMS26757p2","280-738_TCGGTCTGTT-TGGTTGGTAC_L003_",241,420079,1743.07,1091184475,0.384975235,0.168519626,183886,0.15563088,169822,1439
"1685",1751,"LIMS26757p2","281-861_CTAGACGAGC-GAGGATGGAT_L003_",241,415821,1725.4,1091184475,0.381073054,0.1813653,197903,0.162646192,177477,1565
"1686",1752,"LIMS26757p2","282-2514_GTAATACTCG-CTCACGAATC_L003_",242,417337,1724.53,1091184475,0.38246237,0.171274431,186892,0.17667865,192789,637
"1687",1753,"LIMS26757p2","283-2510_GATTCTTAGC-TGCTAGCGGT_L003_",193,626412,3245.66,1091184475,0.574066085,0.413305917,450993,0.209103048,228170,1175
"1688",1754,"LIMS26757p2","284-1995_TGTGATCGCG-AGACGAGTCT_L003_",259,450305,1738.63,1091184475,0.412675409,0.185838421,202784,0.179808277,196204,466
"1689",1755,"LIMS26757p2","285-797_ATCGAGAGAC-TGGAAGCAGA_L003_",390,515543,1321.9,1091184475,0.472461817,0.147012722,160418,0.169674335,185146,1520
"1690",1756,"LIMS26757p2","286-774_CTGAACGTAT-GCCAATACAT_L003_",246,384603,1563.43,1091184475,0.352463776,0.133530126,145706,0.154134341,168189,1512
"1691",1757,"LIMS26757p2","287-805_CACTAGACTT-TGTGGATTAG_L003_",230,466656,2028.94,1091184475,0.427660043,0.221706783,241923,0.17089686,186480,1534
"1692",1758,"LIMS26757p2","288-2769_CGTCGCCTAT-TATCTTCTCG_L003_",239,473660,1981.84,1091184475,0.434078756,0.226814077,247496,0.160801408,175464,1413
"1693",1759,"LIMS26757p3","385-4355_221118_L001_",220,429067,1950.3,1091184475,0.393212156,0.203117809,221639,0.159654947,174213,5342
"1694",1760,"LIMS26757p3","386-4653_221118_L001_",202,622456,3081.47,1091184475,0.570440667,0.381764962,416576,0.204022331,222626,5462
"1695",1761,"LIMS26757p3","387-50_221118_L001_",217,618455,2850.02,1091184475,0.56677401,0.368339185,401926,0.22166921,241882,1764
"1696",1762,"LIMS26757p3","388-3337_221118_L001_",258,419444,1625.75,1091184475,0.384393299,0.162353849,177158,0.161050678,175736,4962
"1697",1763,"LIMS26757p3","389-2927_221118_L001_",242,463055,1913.45,1091184475,0.42435996,0.227263131,247986,0.188334791,205508,3697
"1698",1764,"LIMS26757p3","390-3603_221118_L001_",239,408896,1710.86,1091184475,0.374726739,0.172917599,188685,0.14568664,158971,5205
"1699",1765,"LIMS26757p3","391-4622_221118_L001_",225,486434,2161.93,1091184475,0.445785301,0.274531032,299564,0.195208056,213008,5163
"1700",1766,"LIMS26757p3","392-3608_221118_L001_",241,435994,1809.11,1091184475,0.399560303,0.188293551,205463,0.166714249,181916,5210
"1701",1767,"LIMS26757p3","393-4619_221118_L001_",247,486082,1967.94,1091184475,0.445462716,0.232934949,254175,0.174615754,190538,5343
"1702",1768,"LIMS26757p3","394-3607_221118_L001_",249,381104,1530.54,1091184475,0.349257168,0.121107845,132151,0.15248934,166394,5209
"1703",1769,"LIMS26757p3","395-4471_221118_L001_",244,403199,1652.45,1091184475,0.369505807,0.134795723,147087,0.1705367,186087,5454
"1704",1770,"LIMS26757p3","396-331_221118_L001_",228,442886,1942.48,1091184475,0.405876376,0.2037474,222326,0.169329755,184770,1847
"1705",1771,"LIMS26757p3","397-278_221118_L001_",228,406512,1782.95,1091184475,0.372541957,0.155652874,169846,0.169199621,184628,1887
"1706",1772,"LIMS26757p3","398-2943_221118_L001_",243,409627,1685.71,1091184475,0.375396653,0.177095628,193244,0.15600112,170226,862
"1707",1773,"LIMS26757p3","399-5863_221118_L001_",247,417224,1689.17,1091184475,0.382358812,0.15745092,171808,0.162786407,177630,949
"1708",1774,"LIMS26757p3","400-991_221118_L001_",245,448835,1831.98,1091184475,0.41132825,0.212916336,232331,0.188776513,205990,1662
"1709",1775,"LIMS26757p3","401-4617_221118_L001_",236,402643,1706.11,1091184475,0.368996269,0.175525774,191531,0.160146157,174749,5009
"1710",1776,"LIMS26757p3","402-4674_221118_L001_",233,422801,1814.6,1091184475,0.387469772,0.188673872,205878,0.154537573,168629,5170
"1711",1777,"LIMS26757p3","403-3668_221118_L001_",223,413185,1852.85,1091184475,0.37865733,0.187750105,204870,0.138262598,150870,5271
"1712",1778,"LIMS26757p3","404-3640_221118_L001_",243,444511,1829.26,1091184475,0.407365583,0.192811578,210393,0.163333519,178227,5242
"1713",1779,"LIMS26757p3","405-4769_221118_L001_",242,443875,1834.2,1091184475,0.40678273,0.199858965,218083,0.159546808,174095,5465
"1714",1780,"LIMS26757p3","406-4480_221118_L001_",248,410651,1655.85,1091184475,0.376335083,0.180242667,196678,0.142589089,155591,5463
"1715",1781,"LIMS26757p3","407-3291_221118_L001_",240,432599,1802.5,1091184475,0.396449006,0.165427574,180512,0.174495701,190407,4855
"1716",1782,"LIMS26757p3","408-3623_221118_L001_",217,585698,2699.07,1091184475,0.536754338,0.3458297,377364,0.197896877,215942,5225
"1717",1783,"LIMS26757p3","409-4811_221118_L001_",232,443478,1911.54,1091184475,0.406418905,0.210417217,229604,0.163197886,178079,5224
"1718",1784,"LIMS26757p3","410-5617_221118_L001_",231,402872,1744.03,1091184475,0.369206133,0.165092158,180146,0.143790536,156902,5338
"1719",1785,"LIMS26757p3","411-2356_221118_L001_",240,418857,1745.24,1091184475,0.383855351,0.171610763,187259,0.159588964,174141,1033
"1720",1786,"LIMS26757p3","412-352_221118_L001_",234,478887,2046.53,1091184475,0.438868964,0.239591019,261438,0.174029236,189898,1825
"1721",1787,"LIMS26757p3","413-5393_221118_L001_",245,414275,1690.92,1091184475,0.379656245,0.165721749,180833,0.154921559,169048,5195
"1722",1788,"LIMS26757p3","414-4535_221118_L001_",237,429947,1814.12,1091184475,0.394018619,0.19048933,207859,0.158362774,172803,5459
"1723",1789,"LIMS26757p3","415-4567_221118_L001_",216,442537,2048.78,1091184475,0.40555654,0.237992756,259694,0.160851812,175519,1852
"1724",1790,"LIMS26757p3","416-214_221118_L001_",228,514257,2255.51,1091184475,0.471283281,0.274335831,299351,0.180461695,196917,1845
"1725",1791,"LIMS26757p3","417-5740_221118_L001_",207,593728,2868.25,1091184475,0.544113313,0.361761012,394748,0.207985914,226951,6045
"1726",1792,"LIMS26757p3","418-2948_221118_L001_",233,421345,1808.35,1091184475,0.386135442,0.183535419,200271,0.159351607,173882,3700
"1727",1793,"LIMS26757p3","419-3548_221118_L001_",226,539919,2389.02,1091184475,0.494800845,0.303887205,331597,0.175113379,191081,5152
"1728",1795,"LIMS26757p3","421-3546_221118_L001_",232,424883,1831.39,1091184475,0.389377791,0.17965065,196032,0.175047395,191009,5150
"1729",1796,"LIMS26757p3","422-3549_221118_L001_",230,449108,1952.64,1091184475,0.411578436,0.181274573,197804,0.165805145,180924,5153
"1730",1797,"LIMS26757p3","423-5270_221118_L001_",237,485627,2049.06,1091184475,0.445045738,0.236038915,257562,0.172221109,187925,5834
"1731",1798,"LIMS26757p3","424-3111_221118_L001_",246,454575,1847.87,1091184475,0.416588588,0.200044085,218285,0.173720397,189561,4862
"1732",1799,"LIMS26757p3","425-3350_221118_L001_",226,486274,2151.65,1091184475,0.445638672,0.256351704,279727,0.178908337,195222,4969
"1733",1800,"LIMS26757p3","426-5736_221118_L001_",247,456378,1847.68,1091184475,0.418240921,0.195160401,212956,0.173898185,189755,6016
"1734",1801,"LIMS26757p3","427-4513_221118_L001_",234,386125,1650.11,1091184475,0.35385859,0.142790705,155811,0.161152403,175847,4866
"1735",1802,"LIMS26757p3","428-2967_221118_L001_",250,388575,1554.3,1091184475,0.356103857,0.137322335,149844,0.144307405,157466,4805
"1736",1803,"LIMS26757p3","429-3301_221118_L001_",256,404079,1578.43,1091184475,0.37031227,0.135000088,147310,0.147951152,161442,4942
"1737",1804,"LIMS26757p3","430-3532_221118_L001_",229,487875,2130.46,1091184475,0.447105885,0.254582984,277797,0.165085743,180139,5135
"1738",1805,"LIMS26757p3","431-950_221118_L001_",235,457732,1947.8,1091184475,0.419481775,0.224266387,244716,0.170535784,186086,1624
"1739",1806,"LIMS26757p3","432-1134_221118_L001_",248,393820,1587.99,1091184475,0.36091056,0.143039975,156083,0.177554762,193745,1746
"1740",1807,"LIMS26757p3","433-4541_221118_L001_",226,452338,2001.49,1091184475,0.414538522,0.199156976,217317,0.172766388,188520,5116
"1741",1808,"LIMS26757p3","434-1044_221118_L001_",213,454176,2132.28,1091184475,0.416222931,0.231139652,252216,0.175546852,191554,1680
"1742",1809,"LIMS26757p3","435-434_221118_L001_",244,426081,1746.23,1091184475,0.39047568,0.156268719,170518,0.168670838,184051,2962
"1743",1810,"LIMS26757p3","436-3531_221118_L001_",258,356361,1381.24,1091184475,0.326581809,0.098957603,107981,0.145620657,158899,5134
"1744",1811,"LIMS26757p3","437-332_221118_L001_",228,450962,1977.91,1091184475,0.413277507,0.211694727,230998,0.164937281,179977,1833
"1745",1812,"LIMS26757p3","438-2978_221118_L001_",235,365122,1553.71,1091184475,0.334610699,0.126093253,137591,0.134935937,147240,1774
"1746",1813,"LIMS26757p3","439-337_221118_L001_",233,413813,1776.02,1091184475,0.379232852,0.191942797,209445,0.166821472,182033,825
"1747",1814,"LIMS26757p3","440-2661_221118_L001_",247,468670,1897.45,1091184475,0.429505744,0.217726705,237580,0.16682972,182042,859
"1748",1815,"LIMS26757p3","441-4682_221118_L001_",235,396270,1686.25,1091184475,0.363155827,0.162444577,177257,0.168576445,183948,1660
"1749",1816,"LIMS26757p3","442-1053_221118_L001_",333,332493,998.478,1091184475,0.304708331,0.042838861,46745.1,0.144940662,158157,1703
"1750",1817,"LIMS26757p3","443-3552_221118_L001_",213,471993,2215.93,1091184475,0.432551059,0.243767215,265995,0.178209097,194459,5156
"1751",1818,"LIMS26757p3","444-161_221118_L001_",235,374865,1595.17,1091184475,0.343539528,0.138129715,150725,0.146211758,159544,1820
"1752",1819,"LIMS26757p3","445-55_221118_L001_",227,431915,1902.71,1091184475,0.395822164,0.204195537,222815,0.175483618,191485,921
"1753",1820,"LIMS26757p3","446-3544_221118_L001_",240,386291,1609.55,1091184475,0.354010718,0.129522554,141333,0.147261993,160690,5148
"1754",1821,"LIMS26757p3","447-4536_221118_L001_",243,430108,1769.99,1091184475,0.394166165,0.189774511,207079,0.16655204,181739,5324
"1755",1822,"LIMS26757p3","448-739_221118_L001_",228,500559,2195.43,1091184475,0.45872995,0.256216988,279580,0.179017393,195341,1441
"1756",1823,"LIMS26757p3","449-1148_221118_L001_",237,432135,1823.36,1091184475,0.39602378,0.174663409,190590,0.174687236,190616,1755
"1757",1824,"LIMS26757p3","450-330_221118_L001_",266,379898,1428.19,1091184475,0.348151947,0.117919566,128672,0.150391619,164105,1671
"1758",1825,"LIMS26757p3","451-3517_221118_L001_",308,278506,904.241,1091184475,0.255232737,0.011378003,12415.5,0.137177538,149686,5120
"1759",1826,"LIMS26757p3","452-246_221118_L001_",258,484868,1879.33,1091184475,0.444350164,0.205489544,224227,0.181225086,197750,1770
"1760",1827,"LIMS26757p3","453-5616_221118_L001_",258,448102,1736.83,1091184475,0.410656502,0.179290491,195639,0.163279449,178168,4885
"1761",1828,"LIMS26757p3","454-84_221118_L001_",246,438579,1782.84,1091184475,0.401929289,0.18350701,200240,0.159385515,173919,1772
"1762",1829,"LIMS26757p3","455-5758_221118_L001_",238,453455,1905.27,1091184475,0.415562181,0.22634303,246982,0.176594338,192697,5235
"1763",1830,"LIMS26757p3","456-3519_221118_L001_",247,425152,1721.26,1091184475,0.389624312,0.17595375,191998,0.164123486,179089,5122
"1764",1831,"LIMS26757p3","457-3545_221118_L001_",321,458332,1427.83,1091184475,0.420031636,0.118845166,129682,0.174073224,189946,5149
"1765",1832,"LIMS26757p3","458-5261_221118_L001_",238,443818,1864.78,1091184475,0.406730493,0.20650862,225339,0.159504652,174049,5825
"1766",1833,"LIMS26757p3","459-503_221118_L001_",240,449095,1871.23,1091184475,0.411566523,0.213881342,233384,0.163501226,178410,3489
"1767",1834,"LIMS26757p3","460-2745_221118_L001_",191,232097,1215.17,1091184475,0.21270189,0.067785788,73966.8,0.119625052,130533,1401
"1768",1835,"LIMS26757p3","461-487_221118_L001_",246,415896,1690.63,1091184475,0.381141786,0.154949052,169078,0.156472168,170740,3458
"1769",1836,"LIMS26757p3","462-3031_221118_L001_",230,448627,1950.55,1091184475,0.411137631,0.218414948,238331,0.171986501,187669,1858
"1770",1837,"LIMS26757p3","463-4692_221118_L001_",229,422466,1844.83,1091184475,0.387162766,0.201176799,219521,0.175437797,191435,1438
"1771",1838,"LIMS26757p3","464-3514_221118_L001_",242,448518,1853.38,1091184475,0.41103774,0.212014563,231347,0.164671514,179687,5117
"1772",1839,"LIMS26757p3","465-3898_221118_L001_",279,444030,1591.51,1091184475,0.406924778,0.147520427,160972,0.172909352,188676,5074
"1773",1840,"LIMS26757p3","466-3528_221118_L001_",315,429254,1362.71,1091184475,0.393383529,0.119710281,130626,0.170524787,186074,5131
"1774",1841,"LIMS26757p3","467-1031_221118_L001_",252,403652,1601.8,1091184475,0.369920952,0.145894671,159198,0.154969214,169100,1674
"1775",1842,"LIMS26757p3","468-3375_221118_L001_",243,434931,1789.84,1091184475,0.398586133,0.184750612,201597,0.158690857,173161,4829
"1776",1843,"LIMS26757p3","469-942_221118_L001_",277,281692,1016.94,1091184475,0.2581525,0.047337275,51653.7,0.145075378,158304,1684
"1777",1844,"LIMS26757p3","470-604_221118_L001_",239,429580,1797.41,1091184475,0.393682287,0.194360353,212083,0.15100838,164778,3488
"1778",1845,"LIMS26757p3","471-248_221118_L001_",245,419042,1710.38,1091184475,0.384024892,0.161934122,176700,0.158431506,172878,1356
"1779",1846,"LIMS26757p3","472-2617_221118_L001_",309,421936,1365.49,1091184475,0.386677056,0.097039504,105888,0.154095851,168147,1287
"1780",1847,"LIMS26757p3","473-3166_221118_L001_",283,268379,948.337,1091184475,0.245951996,0.040943031,44676.4,0.130603948,142513,4878
"1781",1848,"LIMS26757p3","474-89_221118_L001_",260,435253,1674.05,1091184475,0.398881225,0.178535348,194815,0.179487524,195854,1506
"1782",1849,"LIMS26757p3","475-939_221118_L001_",230,429582,1867.75,1091184475,0.39368412,0.209895765,229035,0.164020845,178977,1614
"1783",1850,"LIMS26757p3","476-1136_221118_L001_",250,415188,1660.75,1091184475,0.38049295,0.171399066,187028,0.15424523,168310,1748
"1784",1851,"LIMS26757p3","477-539_221118_L001_",264,450465,1706.31,1091184475,0.412822039,0.189560065,206845,0.144428374,157598,3487
"1785",1852,"LIMS26757p3","478-1032_221118_L001_",256,493350,1927.15,1091184475,0.452123368,0.229512979,250441,0.189995372,207320,1675
"1786",1853,"LIMS26757p3","479-3535_221118_L001_",227,558249,2459.25,1091184475,0.511599104,0.321574407,350897,0.198141565,216209,5138
"1787",1854,"LIMS26757p3","480-521_221118_L001_",227,420747,1853.51,1091184475,0.385587414,0.18507778,201954,0.159845566,174421,1359
"1788",1855,"LIMS26757p3","481-4772_221118_L002_",261,431901,1654.79,1091184475,0.395809334,0.157848653,172242,0.164910704,179948,5629
"1789",1856,"LIMS26757p3","482-5630_221118_L002_",203,524880,2585.61,1091184475,0.481018574,0.291553818,318139,0.169803552,185287,5618
"1790",1857,"LIMS26757p3","483-5350_221118_L002_",260,460288,1770.34,1091184475,0.421824183,0.192085761,209601,0.156727853,171019,5685
"1791",1858,"LIMS26757p3","484-4828_221118_L002_",240,471872,1966.13,1091184475,0.43244017,0.226778336,247457,0.172290758,188001,5655
"1792",1859,"LIMS26757p3","485-5305_221118_L002_",238,472398,1984.86,1091184475,0.432922215,0.250525925,273370,0.179223591,195566,5852
"1793",1861,"LIMS26757p3","487-5176_221118_L002_",240,457296,1905.4,1091184475,0.419082209,0.208920678,227971,0.180407625,196858,5771
"1794",1862,"LIMS26757p3","488-4803_221118_L002_",235,420740,1790.38,1091184475,0.385580999,0.173295171,189097,0.167901032,183211,5647
"1795",1863,"LIMS26757p3","489-4879_221118_L002_",246,443183,1801.56,1091184475,0.406148557,0.20265226,221131,0.171605264,187253,5553
"1796",1866,"LIMS26757p3","492-5267_221118_L002_",236,421070,1784.2,1091184475,0.385883423,0.183826846,200589,0.164522135,179524,5563
"1797",1867,"LIMS26757p3","493-4657_221118_L002_",242,410633,1696.83,1091184475,0.376318587,0.158757757,173234,0.165590699,180690,5534
"1798",1868,"LIMS26757p3","494-5293_221118_L002_",248,394875,1592.24,1091184475,0.361877399,0.155097515,169240,0.169303179,184741,5840
"1799",1870,"LIMS26757p3","496-5297_221118_L002_",250,473546,1894.18,1091184475,0.433974283,0.242037901,264108,0.171849036,187519,5844
"1800",1872,"LIMS26757p3","498-6116_221118_L002_",236,465327,1971.73,1091184475,0.426442101,0.224749349,245243,0.189144003,206391,2966
"1801",1873,"LIMS26757p3","499-4655_221118_L002_",253,417284,1649.35,1091184475,0.382413799,0.146658062,160031,0.15387499,167906,5560
"1802",1874,"LIMS26757p3","500-5177_221118_L002_",212,464355,2190.35,1091184475,0.425551326,0.251738369,274693,0.181648479,198212,5772
"1803",1875,"LIMS26757p3","501-3319_221118_L002_",218,456535,2094.2,1091184475,0.418384802,0.218880497,238839,0.157463751,171822,4953
"1804",1876,"LIMS26757p3","502-4665_221118_L002_",244,451708,1851.26,1091184475,0.413961168,0.208752054,227787,0.149064621,162657,5572
"1805",1877,"LIMS26757p3","503-4688_221118_L002_",233,399074,1712.76,1091184475,0.365725511,0.153224321,167196,0.168702913,184086,5557
"1806",1878,"LIMS26757p3","504-5301_221118_L002_",345,358384,1038.79,1091184475,0.328435758,0.056483941,61634.4,0.166856296,182071,5848
"1807",1879,"LIMS26757p3","505-5268_221118_L002_",227,448428,1975.46,1091184475,0.41095526,0.217814683,237676,0.174770632,190707,5562
"1808",1880,"LIMS26757p3","506-5937_221118_L002_",243,423354,1742.2,1091184475,0.387976561,0.188722443,205931,0.158954791,173449,5546
"1809",1883,"LIMS26757p3","509-4804_221118_L002_",246,414447,1684.74,1091184475,0.379813872,0.182246911,198865,0.172305421,188017,5648
"1810",1885,"LIMS26757p3","511-6055_221118_L002_",240,427572,1781.55,1091184475,0.391842085,0.194265044,211979,0.171039823,186636,6160
"1811",1887,"LIMS26757p3","513-5759_221118_L002_",248,427040,1721.94,1091184475,0.391354542,0.174163035,190044,0.157837656,172230,5749
"1812",1888,"LIMS26757p3","514-4881_221118_L002_",240,476762,1986.51,1091184475,0.436921539,0.24398441,266232,0.160889386,175560,5680
"1813",1889,"LIMS26757p3","515-2906_221118_L002_",247,402299,1628.74,1091184475,0.368681015,0.147904414,161391,0.149557663,163195,3645
"1814",1890,"LIMS26757p3","516-5302_221118_L002_",164,184054,1122.28,1091184475,0.168673587,0.038492941,42002.9,0.098213457,107169,5849
"1815",1891,"LIMS26757p3","517-3639_221118_L002_",245,462333,1887.07,1091184475,0.423698294,0.206318001,225131,0.18210578,198711,5241
"1816",1892,"LIMS26757p3","518-5657_221118_L002_",237,414800,1750.21,1091184475,0.380137373,0.172723315,188473,0.160246048,174858,5826
"1817",1893,"LIMS26757p3","519-5303_221118_L002_",228,421238,1847.54,1091184475,0.386037384,0.188688535,205894,0.149419281,163044,5850
"1818",1894,"LIMS26757p3","520-4780_221118_L002_",238,414930,1743.4,1091184475,0.38025651,0.169308677,184747,0.155586891,169774,5637
"1819",1895,"LIMS26757p3","521-5891_221118_L002_",241,396355,1644.62,1091184475,0.363233724,0.149137019,162736,0.155476002,169653,5517
"1820",1896,"LIMS26757p3","522-3574_221118_L002_",225,461067,2049.19,1091184475,0.422538086,0.234929112,256351,0.168172297,183507,5175
"1821",1897,"LIMS26757p3","523-5298_221118_L002_",238,475386,1997.42,1091184475,0.435660524,0.209916843,229058,0.177596002,193790,5845
"1822",1898,"LIMS26757p3","524-4880_221118_L002_",230,413683,1798.62,1091184475,0.379113715,0.186253566,203237,0.171947094,187626,5573
"1823",1899,"LIMS26757p3","525-4609_221118_L002_",249,454907,1826.94,1091184475,0.416892845,0.215482355,235131,0.183775525,200533,5538
"1824",1900,"LIMS26757p3","526-3331_221118_L002_",212,397691,1875.9,1091184475,0.364458081,0.176802369,192924,0.150778355,164527,4959
"1825",1901,"LIMS26757p3","527-6072_221118_L002_",254,435930,1716.26,1091184475,0.399501652,0.170718155,186285,0.163761494,178694,5453
"1826",1902,"LIMS26757p3","528-3338_221118_L002_",222,424525,1912.28,1091184475,0.389049707,0.199643603,217848,0.152393114,166289,4963
"1827",1903,"LIMS26757p3","529-5213_221118_L002_",246,447737,1820.07,1091184475,0.410322004,0.204658337,223320,0.186758522,203788,5782
"1828",1904,"LIMS26757p3","530-4020_221118_L002_",220,431963,1963.47,1091184475,0.395866153,0.194231136,211942,0.162259457,177055,2991
"1829",1905,"LIMS26757p3","531-4898_221118_L002_",229,445953,1947.39,1091184475,0.408687083,0.221233903,241407,0.170942681,186530,5538
"1830",1906,"LIMS26757p3","532-4067_221118_L002_",248,430935,1737.64,1091184475,0.394924057,0.175605504,191618,0.15675443,171048,5279
"1831",1907,"LIMS26757p3","533-5400_221118_L002_",257,437011,1700.43,1091184475,0.400492318,0.199091909,217246,0.146714881,160093,5594
"1832",1908,"LIMS26757p3","534-6062_221118_L002_",221,482172,2181.77,1091184475,0.441879454,0.249245665,271973,0.178687476,194981,5551
"1833",1909,"LIMS26757p3","535-6111_221118_L002_",242,487185,2013.16,1091184475,0.446473544,0.244834862,267160,0.178748877,195048,6178
"1834",1910,"LIMS26757p3","536-4702_221118_L002_",229,453046,1978.37,1091184475,0.415187359,0.228409591,249237,0.163102577,177975,5581
"1835",1911,"LIMS26757p3","537-4737_221118_L002_",224,513766,2293.6,1091184475,0.470833312,0.27523852,300336,0.167308099,182564,5616
"1836",1912,"LIMS26757p3","538-1000_221118_L002_",235,418663,1781.54,1091184475,0.383677563,0.19211417,209632,0.15638144,170641,1665
"1837",1913,"LIMS26757p3","539-4629_221118_L002_",241,503251,2088.18,1091184475,0.461196994,0.253987301,277147,0.185536914,202455,6149
"1838",1914,"LIMS26757p3","540-4707_221118_L002_",241,400090,1660.13,1091184475,0.36665661,0.166692254,181892,0.157835823,172228,5586
"1839",1915,"LIMS26757p3","541-4643_221118_L002_",235,446296,1899.13,1091184475,0.40900142,0.210999153,230239,0.175367231,191358,5511
"1840",1917,"LIMS26757p3","543-4644_221118_L002_",229,460980,2013.01,1091184475,0.422458357,0.220278061,240364,0.187423854,204514,5512
"1841",1918,"LIMS26757p3","544-765_221118_L002_",227,401161,1767.23,1091184475,0.367638112,0.15902444,173525,0.16499135,180036,1497
"1842",1920,"LIMS26757p3","546-5216_221118_L002_",250,380323,1521.29,1091184475,0.348541432,0.134245862,146487,0.135686498,148059,5784
"1843",1921,"LIMS26757p3","547-5384_221118_L002_",243,445171,1831.98,1091184475,0.40797043,0.187765685,204887,0.165547627,180643,5644
"1844",1922,"LIMS26757p3","548-4658_221118_L002_",256,398619,1557.1,1091184475,0.365308533,0.130177805,142048,0.145603245,158880,5528
"1845",1923,"LIMS26757p3","549-4875_221118_L002_",258,406018,1573.71,1091184475,0.372089238,0.13773748,150297,0.159017108,173517,5617
"1846",1926,"LIMS26757p3","552-3311_221118_L002_",227,459685,2025.05,1091184475,0.421271573,0.22873126,249588,0.162547217,177369,4873
"1847",1927,"LIMS26757p3","553-5976_221118_L002_",245,443978,1812.16,1091184475,0.406877123,0.182311062,198935,0.164328768,179313,1717
"1848",1928,"LIMS26757p3","554-3309_221118_L002_",227,441883,1946.62,1091184475,0.404957191,0.219451436,239462,0.165238788,180306,4946
"1849",1929,"LIMS26757p3","555-4806_221118_L002_",242,481510,1989.71,1091184475,0.441272774,0.251604569,274547,0.160107666,174707,5650
"1850",1930,"LIMS26757p3","556-455_221118_L002_",240,386224,1609.27,1091184475,0.353949317,0.1325752,144664,0.152455432,166357,3000
"1851",1931,"LIMS26757p3","557-5294_221118_L002_",240,362846,1511.86,1091184475,0.332524892,0.128910375,140665,0.127621867,139259,5841
"1852",1932,"LIMS26757p3","558-5890_221118_L002_",238,402338,1690.5,1091184475,0.368716756,0.153972132,168012,0.16631285,181478,4954
"1853",1933,"LIMS26757p3","559-5391_221118_L002_",261,426832,1635.37,1091184475,0.391163923,0.159825404,174399,0.180635818,197107,5639
"1854",1934,"LIMS26757p3","560-312_221118_L002_",233,425961,1828.16,1091184475,0.390365708,0.188244064,205409,0.145273328,158520,2974
"1855",1935,"LIMS26757p3","561-5193_221118_L002_",254,375564,1478.6,1091184475,0.344180117,0.119593894,130499,0.14328558,156351,5777
"1856",1936,"LIMS26757p3","562-5370_221118_L002_",240,404267,1684.45,1091184475,0.37048456,0.160268959,174883,0.141581926,154492,5642
"1857",1937,"LIMS26757p3","563-4749_221118_L002_",248,412847,1664.71,1091184475,0.378347575,0.148954649,162537,0.162552716,177375,5589
"1858",1938,"LIMS26757p3","564-4735_221118_L002_",239,458740,1919.41,1091184475,0.420405541,0.190059522,207390,0.150144182,163835,5614
"1859",1939,"LIMS26757p3","565-4757_221118_L002_",241,460319,1910.04,1091184475,0.421852593,0.200417074,218692,0.156282465,170533,3022
"1860",1940,"LIMS26757p3","566-4809_221118_L002_",243,398032,1637.99,1091184475,0.364770586,0.166110318,181257,0.154490834,168578,5653
"1861",1941,"LIMS26757p3","567-3306_221118_L002_",241,440293,1826.94,1091184475,0.403500059,0.208144457,227124,0.153035535,166990,4945
"1862",1942,"LIMS26757p3","568-4868_221118_L002_",238,517989,2176.42,1091184475,0.474703418,0.258610717,282192,0.170473466,186018,5678
"1863",1943,"LIMS26757p3","569-4776_221118_L002_",247,475788,1926.27,1091184475,0.436028931,0.208887686,227935,0.185152928,202036,5633
"1864",1944,"LIMS26757p3","570-4801_221118_L002_",236,482027,2042.49,1091184475,0.441746571,0.242345823,264444,0.189293382,206554,5645
"1865",1945,"LIMS26757p3","571-4664_221118_L002_",238,394457,1657.38,1091184475,0.361494329,0.143599917,156694,0.148917075,162496,5571
"1866",1946,"LIMS26757p3","572-4681_221118_L002_",258,435503,1688,1091184475,0.399110334,0.165003264,180049,0.170232444,185755,5510
"1867",1947,"LIMS26757p3","573-154_221118_L002_",238,433092,1819.71,1091184475,0.396900808,0.209008655,228067,0.162827647,177675,1799
"1868",1948,"LIMS26757p3","574-4742_221118_L002_",242,398143,1645.22,1091184475,0.36487231,0.16187547,176636,0.162252125,177047,5621
"1869",1949,"LIMS26757p3","575-4802_221118_L002_",249,371126,1490.47,1091184475,0.340112977,0.124529814,135885,0.139716064,152456,5646
"1870",1950,"LIMS26757p3","576-4762_221118_L002_",239,465777,1948.86,1091184475,0.426854497,0.213979401,233491,0.168670838,184051,5615
"1871",1951,"LIMS26757p4","586-6037_TTGCGCCAAG-CTCGGCTATC_L004_",221,423904,1918.12,1091184475,0.3884806,0.189257641,206515,0.154267224,168334,6208
"1872",1952,"LIMS26757p4","599-5728_TGTGCGCATC-TAGTCCGTTC_L004_",231,411412,1781.01,1091184475,0.37703249,0.168069657,183395,0.142370061,155352,6050
"1873",1953,"LIMS26757p4","603-6084_TCCGCGAGTA-CGCTGAATGC_L004_",234,397341,1698.04,1091184475,0.364137329,0.161548303,176279,0.139015907,151692,6218
"1874",1954,"LIMS26757p4","607-5945_ATGTTAGACG-TTACTGCGTG_L004_",252,406979,1615,1091184475,0.372969933,0.152029289,165892,0.136972257,149462,6168
"1875",1955,"LIMS26757p4","612-5785_TGAGATCAAG-ACCGCTTACT_L004_",202,452075,2238,1091184475,0.4142975,0.245391138,267767,0.180081374,196502,6069
"1876",1956,"LIMS26757p4","621-6020_TCAGAACCTG-ACCGATCTAT_L004_",236,441394,1870.32,1091184475,0.404509054,0.192505488,210059,0.174477372,190387,6205
"1877",1957,"LIMS26757p4","628-5763_TTGGCAGATG-CGTTAATGAG_L004_",234,421143,1799.76,1091184475,0.385950322,0.174706481,190637,0.165383585,180464,6062
"1878",1958,"LIMS26757p4","630-6031_GTAATGCGGC-CGAATTCAAG_L004_",255,393855,1544.53,1091184475,0.360942635,0.142938251,155972,0.160977364,175656,6154
"1879",1959,"LIMS26757p4","644-758_TTACGGAACA-TGACTCTGTC_L004_",218,397959,1825.5,1091184475,0.364703686,0.182865505,199540,0.151482177,165295,1492
"1880",1960,"LIMS26757p4","651-6464_TCGCTTAAGC-CTAGGCGTGT_L004_",259,428246,1653.46,1091184475,0.392459763,0.177383389,193558,0.174548854,190465,6559
"1881",1961,"LIMS26757p4","661-7321_ACCTCAGTAT-ACATTCACAG_L004_",249,413927,1662.36,1091184475,0.379337325,0.177161611,193316,0.155537404,169720,6701
"1882",1963,"LIMSMERGED","102-7963_TTCAGATCCA-TGGCATTGGA_L001_",227,475223,2093.49,1091184475,0.435511145,0.23030478,251305,0.191934549,209436,7075
"1883",1964,"LIMSMERGED","102_ACTTAGATCG-CGGAATTCTT_L002_",202,468981,2321.69,1091184475,0.429790756,0.26355122,287583,0.174870523,190816,1765
"1884",1965,"LIMSMERGED","105_TATCATGTCG-TAATCTGCAC_L002_",218,486117,2229.89,1091184475,0.445494791,0.25420358,277383,0.18226249,198882,1487
"1885",1966,"LIMSMERGED","110-8100_AGGCAGCCAT-GAGTGTCTAG_L001_",210,562319,2677.71,1091184475,0.515328996,0.32355574,353059,0.181637482,198200,7108
"1886",1967,"LIMSMERGED","115_TGACAAGAGG-AATCTGTTGG_L002_",212,493640,2328.49,1091184475,0.452389134,0.291181745,317733,0.184634225,201470,1609
"1887",1968,"LIMSMERGED","116-8058_CGGAGACTAT-ATGCTTCTAC_L001_",262,437435,1669.6,1091184475,0.400880887,0.167124812,182364,0.174721144,190653,6574
"1888",1969,"LIMSMERGED","119_CACGTAAGAG-TCAATCCGCG_L002_",242,445268,1839.95,1091184475,0.408059325,0.203368912,221913,0.164587202,179595,1806
"1889",1970,"LIMSMERGED","121_AGGCTGGAGA-CAACTGTCAT_L002_",224,451342,2014.92,1091184475,0.413625753,0.228318864,249138,0.165851883,180975,1387
"1890",1971,"LIMSMERGED","125-8075_ACAGAGGCGT-GACATATCGG_L001_",233,468657,2011.4,1091184475,0.429493831,0.225334034,245881,0.178870763,195181,6745
"1891",1972,"LIMSMERGED","136_GCTACAGGTC-TTATGCAGGA_L002_",231,408878,1770.03,1091184475,0.374710243,0.183240327,199949,0.152797262,166730,951
"1892",1973,"LIMSMERGED","151_GTCATCGCGT-CCGACAAGGA_L002_",222,521843,2350.64,1091184475,0.47823536,0.291319211,317883,0.193901219,211582,1532
"1893",1974,"LIMSMERGED","157_AAGTGGCATT-AGAACAATCG_L002_",228,485116,2127.7,1091184475,0.44457744,0.24575313,268162,0.178319986,194580,499
"1894",1975,"LIMSMERGED","190-8094_AGAACCGGAC-TCCTACCATA_L001_",232,471111,2030.65,1091184475,0.431742763,0.230216802,251209,0.157779921,172167,7104
"1895",1976,"LIMSMERGED","284-8106_CTGAACGTAT-GCCAATACAT_L003_",227,490479,2160.7,1091184475,0.449492282,0.253790268,276932,0.179840352,196239,6233
"1896",1977,"LIMSMERGED","292-2019_AGAGTATGTG-AGATGGCTTC_L003_",221,462252,2091.64,1091184475,0.423624062,0.242656495,264783,0.171983752,187666,439
"1897",1978,"LIMSMERGED","328-7416_GCCAAGTAAC-TGCGTGATGA_L003_",255,424458,1664.54,1091184475,0.388988306,0.162511476,177330,0.14522384,158466,6760
"1898",1979,"LIMSMERGED","379-2041_AATCCAGGAT-CATGCAGAGT_L003_",216,355123,1644.09,1091184475,0.325447262,0.136950262,149438,0.128567628,140291,440
"1899",1980,"LIMSMERGED","418-2054_221014_L003_",201,470353,2340.07,1091184475,0.431048105,0.257435847,280910,0.194742507,212500,680
"1900",1981,"LIMSMERGED","454-2315_221014_L003_",249,400261,1607.48,1091184475,0.36681332,0.155572228,169758,0.163519555,178430,943
"1901",1982,"LIMSMERGED","472-3181_221111_L001_",239,373761,1563.85,1091184475,0.342527784,0.141035731,153896,0.157804665,172194,3576
"1902",1983,"LIMSMERGED","472_repeat-2475-repeat_221014_L003_",221,442919,2004.16,1091184475,0.405906618,0.226443838,247092,0.166913115,182133,1242
"1903",1984,"LIMSMERGED","474_repeat-2508_repeat_221014_L003_",240,459405,1914.19,1091184475,0.421014971,0.214760204,234343,0.175144537,191115,1154
"1904",1985,"LIMSMERGED","486_ACTGGTGTCG-CAAGTCCTGT_L001_",227,467989,2061.62,1091184475,0.428881652,0.220452183,240554,0.184857835,201714,1421
"1905",1986,"LIMSMERGED","487_TATCGCGACA-CTAGTGACCT_L001_",229,498101,2175.11,1091184475,0.456477352,0.264904795,289060,0.181618236,198179,776
"1906",1987,"LIMSMERGED","489_ATGGAGACGG-CTGAGAGTTC_L001_",262,404648,1544.46,1091184475,0.370833722,0.131210628,143175,0.15482625,168944,6873
"1907",1988,"LIMSMERGED","490_CCACTGTGAC-TGGACAGATG_L001_",249,447984,1799.13,1091184475,0.410548363,0.186627472,203645,0.166961686,182186,6875
"1908",1989,"LIMSMERGED","491_AGAATCCTTC-TGCCAGGTGT_L001_",231,421140,1823.12,1091184475,0.385947573,0.194544557,212284,0.176219516,192288,854
"1909",1990,"LIMSMERGED","495_GAGCTTATGA-ACCAGTCATT_L001_",256,392065,1531.51,1091184475,0.359302216,0.143204017,156262,0.142327905,155306,1036
"1910",1991,"LIMSMERGED","503_GAGCATCCAT-TCACGTCCAC_L001_",257,422767,1645.01,1091184475,0.387438613,0.15249942,166405,0.171790384,187455,6850
"1911",1992,"LIMSMERGED","504_CGGAACGAAG-ACCATCGCCT_L001_",278,289060,1039.79,1091184475,0.264904795,0.065107415,71044.2,0.139374234,152083,1278
"1912",1993,"LIMSMERGED","505_GCCTAGGACT-GAGAACGGCT_L001_",220,502261,2283,1091184475,0.460289723,0.265251208,289438,0.184993468,201862,7081
"1913",1994,"LIMSMERGED","506_TGGATATGGC-TGGCGCGTAT_L001_",239,452688,1894.09,1091184475,0.414859275,0.207187698,226080,0.168389493,183744,864
"1914",1995,"LIMSMERGED","507_GTTCCACCGA-CCTGCTGTTA_L001_",218,495709,2273.89,1091184475,0.454285239,0.267796149,292215,0.185635889,202563,828
"1915",1996,"LIMSMERGED","509_AGATCTTCCA-GTGTTGATCT_L001_",235,466773,1986.27,1091184475,0.427767266,0.220405445,240503,0.17596658,192012,6872
"1916",1997,"LIMSMERGED","511_AGCTATCTTC-GTGTCGCTAG_L001_",247,368391,1491.46,1091184475,0.337606526,0.121155499,132203,0.161373264,176088,1365
"1917",1998,"LIMSMERGED","512_ACAGAAGGTT-TGGAGATATC_L001_",237,450596,1901.25,1091184475,0.412942092,0.202295767,220742,0.173353823,189161,1542
"1918",1999,"LIMSMERGED","518_TATAACTCCG-TATGTGTCCT_L001_",249,413741,1661.61,1091184475,0.379166868,0.150046123,163728,0.150566658,164296,6314
"1919",2000,"LIMSMERGED","519_GACGTTCTCT-AGTAGAGCTA_L001_",233,461551,1980.91,1091184475,0.422981641,0.216064291,235766,0.158576303,173036,1548
"1920",2001,"LIMSMERGED","520_CAGCCTTGAG-TGAGTAGCAT_L001_",236,412294,1747.01,1091184475,0.377840786,0.17291485,188682,0.170010667,185513,1213
"1921",2002,"LIMSMERGED","521_CGTAGATCGC-GTGAACGCGT_L001_",223,481285,2158.23,1091184475,0.441066576,0.256052947,279401,0.165276362,180347,1561
"1922",2003,"LIMSMERGED","522_ACCGACGTGA-AACGGTCATG_L001_",231,432104,1870.58,1091184475,0.39599537,0.197305776,215297,0.171549362,187192,856
"1923",2004,"LIMSMERGED","530_AACACAACGA-ACGCAGCCAA_L001_",250,493996,1975.98,1091184475,0.452715385,0.245890595,268312,0.190308793,207662,6650
"1924",2005,"LIMSMERGED","532_TTCCACCTGG-ATGAGCTTCT_L001_",244,394415,1616.45,1091184475,0.361455839,0.148950983,162533,0.148964729,162548,1516
"1925",2006,"LIMSMERGED","534_GCATACTCTA-TAGCGAGATA_L001_",233,466534,2002.29,1091184475,0.427548238,0.228021939,248814,0.168276771,183621,1426
"1926",2007,"LIMSMERGED","535_TTGGTGCATT-GAATCCAGGA_L001_",224,477184,2130.28,1091184475,0.437308275,0.242580431,264700,0.183674717,200423,6381
"1927",2008,"LIMSMERGED","538_GTAAGCACAG-AGTAATGCCT_L001_",239,390090,1632.18,1091184475,0.357492256,0.145880008,159182,0.158308704,172744,1508
"1928",2009,"LIMSMERGED","540_GCAGTCTTAT-TAATGGCCGG_L001_",235,445916,1897.51,1091184475,0.408653175,0.198689594,216807,0.159287457,173812,1410
"1929",2010,"LIMSMERGED","542_ACTTGACTAG-GTATCAACGG_L001_",231,386214,1671.92,1091184475,0.353940153,0.147125444,160541,0.154378113,168455,1157
"1930",2011,"LIMSMERGED","548_TTATCTGTGC-CACTCAGTAT_L001_",226,414916,1835.91,1091184475,0.38024368,0.179773452,196166,0.148252659,161771,941
"1931",2012,"LIMSMERGED","558_ATGCCAGAAT-ACCAAGCAGC_L001_",251,398633,1588.18,1091184475,0.365321363,0.15782391,172215,0.146566418,159931,1507
"1932",2013,"LIMSMERGED","560_TCAGTAGCAG-TTGGTTATCG_L001_",225,367601,1633.78,1091184475,0.336882542,0.147561667,161017,0.145391548,158649,527
"1933",2014,"LIMSMERGED","570_AAGTTAGGAC-GCAGCTGTGA_L001_",224,488792,2182.11,1091184475,0.447946256,0.24029759,262209,0.162328189,177130,1393
"1934",2015,"LIMSMERGED","573_AGAAGGAACA-AGACGTTGAA_L001_",227,419671,1848.77,1091184475,0.38460133,0.183594987,200336,0.149085699,162680,449
"1935",2016,"LIMSMERGED","96_CAACCATACA-ACCGGTTATA_L002_",232,484722,2089.32,1091184475,0.444216364,0.272883281,297766,0.165066498,180118,1496
"1936",2017,"LIMSMERGED","99-7367_TAGAAGATCG-CGACCAGTGT_L001_",233,488112,2094.9,1091184475,0.44732308,0.251833678,274797,0.202645845,221124,6728
"1937",2018,"LIMSMERGED","99_ACTGGCAAGA-TGTTGTCCAT_L002_",232,436200,1880.17,1091184475,0.399749089,0.206634172,225476,0.160154405,174758,500
